MLB,San Francisco Giants,97,65,2000,2.5141574442188355,2.5141574442188355
MLB,Atlanta Braves,95,67,2000,2.199887763691481,2.199887763691481
MLB,Chicago White Sox,95,67,2000,2.199887763691481,2.199887763691481
MLB,St. Louis Cardinals,95,67,2000,2.199887763691481,2.199887763691481
MLB,New York Mets,94,68,2000,2.042752923427804,2.042752923427804
MLB,Oakland Athletics,91,70,2000,1.6550318531021113,1.6550318531021113
MLB,Seattle Mariners,91,71,2000,1.5713484026367723,1.5713484026367723
MLB,Cleveland Indians,90,72,2000,1.4142135623730951,1.4142135623730951
MLB,New York Yankees,87,74,2000,1.0245435281108308,1.0245435281108308
MLB,Los Angeles Dodgers,86,76,2000,0.7856742013183862,0.7856742013183862
MLB,Boston Red Sox,85,77,2000,0.6285393610547089,0.6285393610547089
MLB,Cincinnati Reds,85,77,2000,0.6285393610547089,0.6285393610547089
MLB,Arizona Diamondbacks,85,77,2000,0.6285393610547089,0.6285393610547089
MLB,Toronto Blue Jays,83,79,2000,0.31426968052735443,0.31426968052735443
MLB,Anaheim Angels,82,80,2000,0.15713484026367722,0.15713484026367722
MLB,Colorado Rockies,82,80,2000,0.15713484026367722,0.15713484026367722
MLB,Florida Marlins,79,82,2000,-0.23643312187173018,0.23643312187173018
MLB,Detroit Tigers,79,83,2000,-0.31426968052735443,0.31426968052735443
MLB,Kansas City Royals,77,85,2000,-0.6285393610547089,0.6285393610547089
MLB,San Diego Padres,76,86,2000,-0.7856742013183862,0.7856742013183862
MLB,Baltimore Orioles,74,88,2000,-1.0999438818457405,1.0999438818457405
MLB,Milwaukee Brewers,73,89,2000,-1.2570787221094177,1.2570787221094177
MLB,Houston Astros,72,90,2000,-1.4142135623730951,1.4142135623730951
MLB,Texas Rangers,71,91,2000,-1.5713484026367723,1.5713484026367723
MLB,Tampa Bay Devil Rays,69,92,2000,-1.8126539343499315,1.8126539343499315
MLB,Minnesota Twins,69,93,2000,-1.8856180831641267,1.8856180831641267
MLB,Pittsburgh Pirates,69,93,2000,-1.8856180831641267,1.8856180831641267
MLB,Montreal Expos,67,95,2000,-2.199887763691481,2.199887763691481
MLB,Philadelphia Phillies,65,97,2000,-2.5141574442188355,2.5141574442188355
MLB,Chicago Cubs,65,97,2000,-2.5141574442188355,2.5141574442188355
MLB,Seattle Mariners,116,46,2001,5.499719409228703,5.499719409228703
MLB,Oakland Athletics,102,60,2001,3.2998316455372216,3.2998316455372216
MLB,New York Yankees,95,65,2001,2.3717082451262845,2.3717082451262845
MLB,Houston Astros,93,69,2001,1.8856180831641267,1.8856180831641267
MLB,St. Louis Cardinals,93,69,2001,1.8856180831641267,1.8856180831641267
MLB,Arizona Diamondbacks,92,70,2001,1.7284832429004495,1.7284832429004495
MLB,Cleveland Indians,91,71,2001,1.5713484026367723,1.5713484026367723
MLB,San Francisco Giants,90,72,2001,1.4142135623730951,1.4142135623730951
MLB,Atlanta Braves,88,74,2001,1.0999438818457405,1.0999438818457405
MLB,Chicago Cubs,88,74,2001,1.0999438818457405,1.0999438818457405
MLB,Philadelphia Phillies,86,76,2001,0.7856742013183862,0.7856742013183862
MLB,Los Angeles Dodgers,86,76,2001,0.7856742013183862,0.7856742013183862
MLB,Minnesota Twins,85,77,2001,0.6285393610547089,0.6285393610547089
MLB,Chicago White Sox,83,79,2001,0.31426968052735443,0.31426968052735443
MLB,Boston Red Sox,82,79,2001,0.23643312187173018,0.23643312187173018
MLB,New York Mets,82,80,2001,0.15713484026367722,0.15713484026367722
MLB,Toronto Blue Jays,80,82,2001,-0.15713484026367722,0.15713484026367722
MLB,San Diego Padres,79,83,2001,-0.31426968052735443,0.31426968052735443
MLB,Florida Marlins,76,86,2001,-0.7856742013183862,0.7856742013183862
MLB,Anaheim Angels,75,87,2001,-0.9428090415820634,0.9428090415820634
MLB,Texas Rangers,73,89,2001,-1.2570787221094177,1.2570787221094177
MLB,Colorado Rockies,73,89,2001,-1.2570787221094177,1.2570787221094177
MLB,Milwaukee Brewers,68,94,2001,-2.042752923427804,2.042752923427804
MLB,Montreal Expos,68,94,2001,-2.042752923427804,2.042752923427804
MLB,Detroit Tigers,66,96,2001,-2.3570226039551585,2.3570226039551585
MLB,Cincinnati Reds,66,96,2001,-2.3570226039551585,2.3570226039551585
MLB,Kansas City Royals,65,97,2001,-2.5141574442188355,2.5141574442188355
MLB,Baltimore Orioles,63,98,2001,-2.7583864218368523,2.7583864218368523
MLB,Tampa Bay Devil Rays,62,100,2001,-2.9855619650098673,2.9855619650098673
MLB,Pittsburgh Pirates,62,100,2001,-2.9855619650098673,2.9855619650098673
MLB,New York Yankees,103,58,2002,3.546496828075953,3.546496828075953
MLB,Oakland Athletics,103,59,2002,3.456966485800899,3.456966485800899
MLB,Atlanta Braves,101,59,2002,3.320391543176798,3.320391543176798
MLB,Anaheim Angels,99,63,2002,2.8284271247461903,2.8284271247461903
MLB,Arizona Diamondbacks,98,64,2002,2.671292284482513,2.671292284482513
MLB,St. Louis Cardinals,97,65,2002,2.5141574442188355,2.5141574442188355
MLB,San Francisco Giants,95,66,2002,2.285520178093392,2.285520178093392
MLB,Minnesota Twins,94,67,2002,2.1278980968455716,2.1278980968455716
MLB,Boston Red Sox,93,69,2002,1.8856180831641267,1.8856180831641267
MLB,Seattle Mariners,93,69,2002,1.8856180831641267,1.8856180831641267
MLB,Los Angeles Dodgers,92,70,2002,1.7284832429004495,1.7284832429004495
MLB,Houston Astros,84,78,2002,0.4714045207910317,0.4714045207910317
MLB,Montreal Expos,83,79,2002,0.31426968052735443,0.31426968052735443
MLB,Chicago White Sox,81,81,2002,0.0,0.0
MLB,Philadelphia Phillies,80,81,2002,-0.07881104062391006,0.07881104062391006
MLB,Florida Marlins,79,83,2002,-0.31426968052735443,0.31426968052735443
MLB,Cincinnati Reds,78,84,2002,-0.4714045207910317,0.4714045207910317
MLB,Toronto Blue Jays,78,84,2002,-0.4714045207910317,0.4714045207910317
MLB,New York Mets,75,86,2002,-0.8669214468630108,0.8669214468630108
MLB,Cleveland Indians,74,88,2002,-1.0999438818457405,1.0999438818457405
MLB,Colorado Rockies,73,89,2002,-1.2570787221094177,1.2570787221094177
MLB,Pittsburgh Pirates,72,89,2002,-1.3397876906064712,1.3397876906064712
MLB,Texas Rangers,72,90,2002,-1.4142135623730951,1.4142135623730951
MLB,Baltimore Orioles,67,95,2002,-2.199887763691481,2.199887763691481
MLB,Chicago Cubs,67,95,2002,-2.199887763691481,2.199887763691481
MLB,San Diego Padres,66,96,2002,-2.3570226039551585,2.3570226039551585
MLB,Kansas City Royals,62,100,2002,-2.9855619650098673,2.9855619650098673
MLB,Milwaukee Brewers,56,106,2002,-3.928371006591931,3.928371006591931
MLB,Detroit Tigers,55,106,2002,-4.019363071819414,4.019363071819414
MLB,Tampa Bay Devil Rays,55,106,2002,-4.019363071819414,4.019363071819414
MLB,Atlanta Braves,101,61,2003,3.1426968052735447,3.1426968052735447
MLB,New York Yankees,101,61,2003,3.1426968052735447,3.1426968052735447
MLB,San Francisco Giants,100,61,2003,3.0736305843324927,3.0736305843324927
MLB,Oakland Athletics,96,66,2003,2.3570226039551585,2.3570226039551585
MLB,Boston Red Sox,95,67,2003,2.199887763691481,2.199887763691481
MLB,Seattle Mariners,93,69,2003,1.8856180831641267,1.8856180831641267
MLB,Florida Marlins,91,71,2003,1.5713484026367723,1.5713484026367723
MLB,Minnesota Twins,90,72,2003,1.4142135623730951,1.4142135623730951
MLB,Chicago Cubs,88,74,2003,1.0999438818457405,1.0999438818457405
MLB,Houston Astros,87,75,2003,0.9428090415820634,0.9428090415820634
MLB,Chicago White Sox,86,76,2003,0.7856742013183862,0.7856742013183862
MLB,Philadelphia Phillies,86,76,2003,0.7856742013183862,0.7856742013183862
MLB,Toronto Blue Jays,86,76,2003,0.7856742013183862,0.7856742013183862
MLB,Los Angeles Dodgers,85,77,2003,0.6285393610547089,0.6285393610547089
MLB,St. Louis Cardinals,85,77,2003,0.6285393610547089,0.6285393610547089
MLB,Arizona Diamondbacks,84,78,2003,0.4714045207910317,0.4714045207910317
MLB,Kansas City Royals,83,79,2003,0.31426968052735443,0.31426968052735443
MLB,Montreal Expos,83,79,2003,0.31426968052735443,0.31426968052735443
MLB,Anaheim Angels,77,85,2003,-0.6285393610547089,0.6285393610547089
MLB,Pittsburgh Pirates,75,87,2003,-0.9428090415820634,0.9428090415820634
MLB,Colorado Rockies,74,88,2003,-1.0999438818457405,1.0999438818457405
MLB,Baltimore Orioles,71,91,2003,-1.5713484026367723,1.5713484026367723
MLB,Texas Rangers,71,91,2003,-1.5713484026367723,1.5713484026367723
MLB,Cincinnati Reds,69,93,2003,-1.8856180831641267,1.8856180831641267
MLB,Cleveland Indians,68,94,2003,-2.042752923427804,2.042752923427804
MLB,Milwaukee Brewers,68,94,2003,-2.042752923427804,2.042752923427804
MLB,New York Mets,66,95,2003,-2.285520178093392,2.285520178093392
MLB,San Diego Padres,64,98,2003,-2.671292284482513,2.671292284482513
MLB,Tampa Bay Devil Rays,63,99,2003,-2.8284271247461903,2.8284271247461903
MLB,Detroit Tigers,43,119,2003,-5.9711239300197345,5.9711239300197345
MLB,St. Louis Cardinals,105,57,2004,3.7712361663282534,3.7712361663282534
MLB,New York Yankees,101,61,2004,3.1426968052735447,3.1426968052735447
MLB,Boston Red Sox,98,64,2004,2.671292284482513,2.671292284482513
MLB,Atlanta Braves,96,66,2004,2.3570226039551585,2.3570226039551585
MLB,Los Angeles Dodgers,93,69,2004,1.8856180831641267,1.8856180831641267
MLB,Anaheim Angels,92,70,2004,1.7284832429004495,1.7284832429004495
MLB,Minnesota Twins,92,70,2004,1.7284832429004495,1.7284832429004495
MLB,Houston Astros,92,70,2004,1.7284832429004495,1.7284832429004495
MLB,Oakland Athletics,91,71,2004,1.5713484026367723,1.5713484026367723
MLB,San Francisco Giants,91,71,2004,1.5713484026367723,1.5713484026367723
MLB,Chicago Cubs,89,73,2004,1.2570787221094177,1.2570787221094177
MLB,Texas Rangers,89,73,2004,1.2570787221094177,1.2570787221094177
MLB,San Diego Padres,87,75,2004,0.9428090415820634,0.9428090415820634
MLB,Philadelphia Phillies,86,76,2004,0.7856742013183862,0.7856742013183862
MLB,Chicago White Sox,83,79,2004,0.31426968052735443,0.31426968052735443
MLB,Florida Marlins,83,79,2004,0.31426968052735443,0.31426968052735443
MLB,Cleveland Indians,80,82,2004,-0.15713484026367722,0.15713484026367722
MLB,Baltimore Orioles,78,84,2004,-0.4714045207910317,0.4714045207910317
MLB,Cincinnati Reds,76,86,2004,-0.7856742013183862,0.7856742013183862
MLB,Pittsburgh Pirates,72,89,2004,-1.3397876906064712,1.3397876906064712
MLB,Detroit Tigers,72,90,2004,-1.4142135623730951,1.4142135623730951
MLB,New York Mets,71,91,2004,-1.5713484026367723,1.5713484026367723
MLB,Tampa Bay Devil Rays,70,91,2004,-1.6550318531021113,1.6550318531021113
MLB,Colorado Rockies,68,94,2004,-2.042752923427804,2.042752923427804
MLB,Toronto Blue Jays,67,94,2004,-2.1278980968455716,2.1278980968455716
MLB,Milwaukee Brewers,67,94,2004,-2.1278980968455716,2.1278980968455716
MLB,Montreal Expos,67,95,2004,-2.199887763691481,2.199887763691481
MLB,Seattle Mariners,63,99,2004,-2.8284271247461903,2.8284271247461903
MLB,Kansas City Royals,58,104,2004,-3.6141013260645765,3.6141013260645765
MLB,Arizona Diamondbacks,51,111,2004,-4.714045207910317,4.714045207910317
MLB,St. Louis Cardinals,100,62,2005,2.9855619650098673,2.9855619650098673
MLB,Chicago White Sox,99,63,2005,2.8284271247461903,2.8284271247461903
MLB,Los Angeles Angels of Anaheim,95,67,2005,2.199887763691481,2.199887763691481
MLB,New York Yankees,95,67,2005,2.199887763691481,2.199887763691481
MLB,Boston Red Sox,95,67,2005,2.199887763691481,2.199887763691481
MLB,Cleveland Indians,93,69,2005,1.8856180831641267,1.8856180831641267
MLB,Atlanta Braves,90,72,2005,1.4142135623730951,1.4142135623730951
MLB,Houston Astros,89,73,2005,1.2570787221094177,1.2570787221094177
MLB,Oakland Athletics,88,74,2005,1.0999438818457405,1.0999438818457405
MLB,Philadelphia Phillies,88,74,2005,1.0999438818457405,1.0999438818457405
MLB,Florida Marlins,83,79,2005,0.31426968052735443,0.31426968052735443
MLB,Minnesota Twins,83,79,2005,0.31426968052735443,0.31426968052735443
MLB,New York Mets,83,79,2005,0.31426968052735443,0.31426968052735443
MLB,San Diego Padres,82,80,2005,0.15713484026367722,0.15713484026367722
MLB,Milwaukee Brewers,81,81,2005,0.0,0.0
MLB,Washington Nationals,81,81,2005,0.0,0.0
MLB,Toronto Blue Jays,80,82,2005,-0.15713484026367722,0.15713484026367722
MLB,Texas Rangers,79,83,2005,-0.31426968052735443,0.31426968052735443
MLB,Chicago Cubs,79,83,2005,-0.31426968052735443,0.31426968052735443
MLB,Arizona Diamondbacks,77,85,2005,-0.6285393610547089,0.6285393610547089
MLB,San Francisco Giants,75,87,2005,-0.9428090415820634,0.9428090415820634
MLB,Baltimore Orioles,74,88,2005,-1.0999438818457405,1.0999438818457405
MLB,Cincinnati Reds,73,89,2005,-1.2570787221094177,1.2570787221094177
MLB,Detroit Tigers,71,91,2005,-1.5713484026367723,1.5713484026367723
MLB,Los Angeles Dodgers,71,91,2005,-1.5713484026367723,1.5713484026367723
MLB,Seattle Mariners,69,93,2005,-1.8856180831641267,1.8856180831641267
MLB,Colorado Rockies,67,95,2005,-2.199887763691481,2.199887763691481
MLB,Tampa Bay Devil Rays,67,95,2005,-2.199887763691481,2.199887763691481
MLB,Pittsburgh Pirates,67,95,2005,-2.199887763691481,2.199887763691481
MLB,Kansas City Royals,56,106,2005,-3.928371006591931,3.928371006591931
MLB,New York Mets,97,65,2006,2.5141574442188355,2.5141574442188355
MLB,New York Yankees,97,65,2006,2.5141574442188355,2.5141574442188355
MLB,Minnesota Twins,96,66,2006,2.3570226039551585,2.3570226039551585
MLB,Detroit Tigers,95,67,2006,2.199887763691481,2.199887763691481
MLB,Oakland Athletics,93,69,2006,1.8856180831641267,1.8856180831641267
MLB,Chicago White Sox,90,72,2006,1.4142135623730951,1.4142135623730951
MLB,Los Angeles Angels of Anaheim,89,73,2006,1.2570787221094177,1.2570787221094177
MLB,San Diego Padres,88,74,2006,1.0999438818457405,1.0999438818457405
MLB,Los Angeles Dodgers,88,74,2006,1.0999438818457405,1.0999438818457405
MLB,Toronto Blue Jays,87,75,2006,0.9428090415820634,0.9428090415820634
MLB,Boston Red Sox,86,76,2006,0.7856742013183862,0.7856742013183862
MLB,Philadelphia Phillies,85,77,2006,0.6285393610547089,0.6285393610547089
MLB,St. Louis Cardinals,83,78,2006,0.39405520311955033,0.39405520311955033
MLB,Houston Astros,82,80,2006,0.15713484026367722,0.15713484026367722
MLB,Cincinnati Reds,80,82,2006,-0.15713484026367722,0.15713484026367722
MLB,Texas Rangers,80,82,2006,-0.15713484026367722,0.15713484026367722
MLB,Atlanta Braves,79,83,2006,-0.31426968052735443,0.31426968052735443
MLB,Cleveland Indians,78,84,2006,-0.4714045207910317,0.4714045207910317
MLB,Florida Marlins,78,84,2006,-0.4714045207910317,0.4714045207910317
MLB,Seattle Mariners,78,84,2006,-0.4714045207910317,0.4714045207910317
MLB,San Francisco Giants,76,85,2006,-0.7092993656151906,0.7092993656151906
MLB,Arizona Diamondbacks,76,86,2006,-0.7856742013183862,0.7856742013183862
MLB,Colorado Rockies,76,86,2006,-0.7856742013183862,0.7856742013183862
MLB,Milwaukee Brewers,75,87,2006,-0.9428090415820634,0.9428090415820634
MLB,Washington Nationals,71,91,2006,-1.5713484026367723,1.5713484026367723
MLB,Baltimore Orioles,70,92,2006,-1.7284832429004495,1.7284832429004495
MLB,Pittsburgh Pirates,67,95,2006,-2.199887763691481,2.199887763691481
MLB,Chicago Cubs,66,96,2006,-2.3570226039551585,2.3570226039551585
MLB,Kansas City Royals,62,100,2006,-2.9855619650098673,2.9855619650098673
MLB,Tampa Bay Devil Rays,61,101,2006,-3.1426968052735447,3.1426968052735447
MLB,Boston Red Sox,96,66,2007,2.3570226039551585,2.3570226039551585
MLB,Cleveland Indians,96,66,2007,2.3570226039551585,2.3570226039551585
MLB,Los Angeles Angels of Anaheim,94,68,2007,2.042752923427804,2.042752923427804
MLB,New York Yankees,94,68,2007,2.042752923427804,2.042752923427804
MLB,Arizona Diamondbacks,90,72,2007,1.4142135623730951,1.4142135623730951
MLB,Colorado Rockies,90,73,2007,1.3315427649795275,1.3315427649795275
MLB,Philadelphia Phillies,89,73,2007,1.2570787221094177,1.2570787221094177
MLB,San Diego Padres,89,74,2007,1.1748906749819361,1.1748906749819361
MLB,Detroit Tigers,88,74,2007,1.0999438818457405,1.0999438818457405
MLB,New York Mets,88,74,2007,1.0999438818457405,1.0999438818457405
MLB,Seattle Mariners,88,74,2007,1.0999438818457405,1.0999438818457405
MLB,Chicago Cubs,85,77,2007,0.6285393610547089,0.6285393610547089
MLB,Atlanta Braves,84,78,2007,0.4714045207910317,0.4714045207910317
MLB,Milwaukee Brewers,83,79,2007,0.31426968052735443,0.31426968052735443
MLB,Toronto Blue Jays,83,79,2007,0.31426968052735443,0.31426968052735443
MLB,Los Angeles Dodgers,82,80,2007,0.15713484026367722,0.15713484026367722
MLB,Minnesota Twins,79,83,2007,-0.31426968052735443,0.31426968052735443
MLB,St. Louis Cardinals,78,84,2007,-0.4714045207910317,0.4714045207910317
MLB,Oakland Athletics,76,86,2007,-0.7856742013183862,0.7856742013183862
MLB,Texas Rangers,75,87,2007,-0.9428090415820634,0.9428090415820634
MLB,Houston Astros,73,89,2007,-1.2570787221094177,1.2570787221094177
MLB,Washington Nationals,73,89,2007,-1.2570787221094177,1.2570787221094177
MLB,Chicago White Sox,72,90,2007,-1.4142135623730951,1.4142135623730951
MLB,Cincinnati Reds,72,90,2007,-1.4142135623730951,1.4142135623730951
MLB,Florida Marlins,71,91,2007,-1.5713484026367723,1.5713484026367723
MLB,San Francisco Giants,71,91,2007,-1.5713484026367723,1.5713484026367723
MLB,Baltimore Orioles,69,93,2007,-1.8856180831641267,1.8856180831641267
MLB,Kansas City Royals,69,93,2007,-1.8856180831641267,1.8856180831641267
MLB,Pittsburgh Pirates,68,94,2007,-2.042752923427804,2.042752923427804
MLB,Tampa Bay Devil Rays,66,96,2007,-2.3570226039551585,2.3570226039551585
MLB,Los Angeles Angels of Anaheim,100,62,2008,2.9855619650098673,2.9855619650098673
MLB,Chicago Cubs,97,64,2008,2.600764340589032,2.600764340589032
MLB,Tampa Bay Rays,97,65,2008,2.5141574442188355,2.5141574442188355
MLB,Boston Red Sox,95,67,2008,2.199887763691481,2.199887763691481
MLB,Philadelphia Phillies,92,70,2008,1.7284832429004495,1.7284832429004495
MLB,Milwaukee Brewers,90,72,2008,1.4142135623730951,1.4142135623730951
MLB,New York Mets,89,73,2008,1.2570787221094177,1.2570787221094177
MLB,New York Yankees,89,73,2008,1.2570787221094177,1.2570787221094177
MLB,Chicago White Sox,89,74,2008,1.1748906749819361,1.1748906749819361
MLB,Minnesota Twins,88,75,2008,1.0182385849843445,1.0182385849843445
MLB,Houston Astros,86,75,2008,0.8669214468630108,0.8669214468630108
MLB,St. Louis Cardinals,86,76,2008,0.7856742013183862,0.7856742013183862
MLB,Toronto Blue Jays,86,76,2008,0.7856742013183862,0.7856742013183862
MLB,Florida Marlins,84,77,2008,0.5516772843673704,0.5516772843673704
MLB,Los Angeles Dodgers,84,78,2008,0.4714045207910317,0.4714045207910317
MLB,Arizona Diamondbacks,82,80,2008,0.15713484026367722,0.15713484026367722
MLB,Cleveland Indians,81,81,2008,0.0,0.0
MLB,Texas Rangers,79,83,2008,-0.31426968052735443,0.31426968052735443
MLB,Oakland Athletics,75,86,2008,-0.8669214468630108,0.8669214468630108
MLB,Kansas City Royals,75,87,2008,-0.9428090415820634,0.9428090415820634
MLB,Colorado Rockies,74,88,2008,-1.0999438818457405,1.0999438818457405
MLB,Cincinnati Reds,74,88,2008,-1.0999438818457405,1.0999438818457405
MLB,Detroit Tigers,74,88,2008,-1.0999438818457405,1.0999438818457405
MLB,Atlanta Braves,72,90,2008,-1.4142135623730951,1.4142135623730951
MLB,San Francisco Giants,72,90,2008,-1.4142135623730951,1.4142135623730951
MLB,Baltimore Orioles,68,93,2008,-1.9702760155977517,1.9702760155977517
MLB,Pittsburgh Pirates,67,95,2008,-2.199887763691481,2.199887763691481
MLB,San Diego Padres,63,99,2008,-2.8284271247461903,2.8284271247461903
MLB,Seattle Mariners,61,101,2008,-3.1426968052735447,3.1426968052735447
MLB,Washington Nationals,59,102,2008,-3.3888747468281326,3.3888747468281326
MLB,New York Yankees,103,59,2009,3.456966485800899,3.456966485800899
MLB,Los Angeles Angels of Anaheim,97,65,2009,2.5141574442188355,2.5141574442188355
MLB,Los Angeles Dodgers,95,67,2009,2.199887763691481,2.199887763691481
MLB,Boston Red Sox,95,67,2009,2.199887763691481,2.199887763691481
MLB,Philadelphia Phillies,93,69,2009,1.8856180831641267,1.8856180831641267
MLB,Colorado Rockies,92,70,2009,1.7284832429004495,1.7284832429004495
MLB,St. Louis Cardinals,91,71,2009,1.5713484026367723,1.5713484026367723
MLB,San Francisco Giants,88,74,2009,1.0999438818457405,1.0999438818457405
MLB,Florida Marlins,87,75,2009,0.9428090415820634,0.9428090415820634
MLB,Texas Rangers,87,75,2009,0.9428090415820634,0.9428090415820634
MLB,Minnesota Twins,87,76,2009,0.8615864949867531,0.8615864949867531
MLB,Atlanta Braves,86,76,2009,0.7856742013183862,0.7856742013183862
MLB,Detroit Tigers,86,77,2009,0.7049344049891616,0.7049344049891616
MLB,Seattle Mariners,85,77,2009,0.6285393610547089,0.6285393610547089
MLB,Tampa Bay Rays,84,78,2009,0.4714045207910317,0.4714045207910317
MLB,Chicago Cubs,83,78,2009,0.39405520311955033,0.39405520311955033
MLB,Milwaukee Brewers,80,82,2009,-0.15713484026367722,0.15713484026367722
MLB,Chicago White Sox,79,83,2009,-0.31426968052735443,0.31426968052735443
MLB,Cincinnati Reds,78,84,2009,-0.4714045207910317,0.4714045207910317
MLB,Oakland Athletics,75,87,2009,-0.9428090415820634,0.9428090415820634
MLB,San Diego Padres,75,87,2009,-0.9428090415820634,0.9428090415820634
MLB,Toronto Blue Jays,75,87,2009,-0.9428090415820634,0.9428090415820634
MLB,Houston Astros,74,88,2009,-1.0999438818457405,1.0999438818457405
MLB,New York Mets,70,92,2009,-1.7284832429004495,1.7284832429004495
MLB,Arizona Diamondbacks,70,92,2009,-1.7284832429004495,1.7284832429004495
MLB,Cleveland Indians,65,97,2009,-2.5141574442188355,2.5141574442188355
MLB,Kansas City Royals,65,97,2009,-2.5141574442188355,2.5141574442188355
MLB,Baltimore Orioles,64,98,2009,-2.671292284482513,2.671292284482513
MLB,Pittsburgh Pirates,62,99,2009,-2.9160085030846723,2.9160085030846723
MLB,Washington Nationals,59,103,2009,-3.456966485800899,3.456966485800899
MLB,Philadelphia Phillies,97,65,2010,2.5141574442188355,2.5141574442188355
MLB,Tampa Bay Rays,96,66,2010,2.3570226039551585,2.3570226039551585
MLB,New York Yankees,95,67,2010,2.199887763691481,2.199887763691481
MLB,Minnesota Twins,94,68,2010,2.042752923427804,2.042752923427804
MLB,San Francisco Giants,92,70,2010,1.7284832429004495,1.7284832429004495
MLB,Cincinnati Reds,91,71,2010,1.5713484026367723,1.5713484026367723
MLB,Atlanta Braves,91,71,2010,1.5713484026367723,1.5713484026367723
MLB,Texas Rangers,90,72,2010,1.4142135623730951,1.4142135623730951
MLB,San Diego Padres,90,72,2010,1.4142135623730951,1.4142135623730951
MLB,Boston Red Sox,89,73,2010,1.2570787221094177,1.2570787221094177
MLB,Chicago White Sox,88,74,2010,1.0999438818457405,1.0999438818457405
MLB,St. Louis Cardinals,86,76,2010,0.7856742013183862,0.7856742013183862
MLB,Toronto Blue Jays,85,77,2010,0.6285393610547089,0.6285393610547089
MLB,Colorado Rockies,83,79,2010,0.31426968052735443,0.31426968052735443
MLB,Oakland Athletics,81,81,2010,0.0,0.0
MLB,Detroit Tigers,81,81,2010,0.0,0.0
MLB,Florida Marlins,80,82,2010,-0.15713484026367722,0.15713484026367722
MLB,Los Angeles Angels of Anaheim,80,82,2010,-0.15713484026367722,0.15713484026367722
MLB,Los Angeles Dodgers,80,82,2010,-0.15713484026367722,0.15713484026367722
MLB,New York Mets,79,83,2010,-0.31426968052735443,0.31426968052735443
MLB,Milwaukee Brewers,77,85,2010,-0.6285393610547089,0.6285393610547089
MLB,Houston Astros,76,86,2010,-0.7856742013183862,0.7856742013183862
MLB,Chicago Cubs,75,87,2010,-0.9428090415820634,0.9428090415820634
MLB,Cleveland Indians,69,93,2010,-1.8856180831641267,1.8856180831641267
MLB,Washington Nationals,69,93,2010,-1.8856180831641267,1.8856180831641267
MLB,Kansas City Royals,67,95,2010,-2.199887763691481,2.199887763691481
MLB,Baltimore Orioles,66,96,2010,-2.3570226039551585,2.3570226039551585
MLB,Arizona Diamondbacks,65,97,2010,-2.5141574442188355,2.5141574442188355
MLB,Seattle Mariners,61,101,2010,-3.1426968052735447,3.1426968052735447
MLB,Pittsburgh Pirates,57,105,2010,-3.7712361663282534,3.7712361663282534
MLB,Philadelphia Phillies,102,60,2011,3.2998316455372216,3.2998316455372216
MLB,New York Yankees,97,65,2011,2.5141574442188355,2.5141574442188355
MLB,Milwaukee Brewers,96,66,2011,2.3570226039551585,2.3570226039551585
MLB,Texas Rangers,96,66,2011,2.3570226039551585,2.3570226039551585
MLB,Detroit Tigers,95,67,2011,2.199887763691481,2.199887763691481
MLB,Arizona Diamondbacks,94,68,2011,2.042752923427804,2.042752923427804
MLB,Tampa Bay Rays,91,71,2011,1.5713484026367723,1.5713484026367723
MLB,St. Louis Cardinals,90,72,2011,1.4142135623730951,1.4142135623730951
MLB,Boston Red Sox,90,72,2011,1.4142135623730951,1.4142135623730951
MLB,Atlanta Braves,89,73,2011,1.2570787221094177,1.2570787221094177
MLB,Los Angeles Angels of Anaheim,86,76,2011,0.7856742013183862,0.7856742013183862
MLB,San Francisco Giants,86,76,2011,0.7856742013183862,0.7856742013183862
MLB,Los Angeles Dodgers,82,79,2011,0.23643312187173018,0.23643312187173018
MLB,Toronto Blue Jays,81,81,2011,0.0,0.0
MLB,Washington Nationals,80,81,2011,-0.07881104062391006,0.07881104062391006
MLB,Cleveland Indians,80,82,2011,-0.15713484026367722,0.15713484026367722
MLB,Chicago White Sox,79,83,2011,-0.31426968052735443,0.31426968052735443
MLB,Cincinnati Reds,79,83,2011,-0.31426968052735443,0.31426968052735443
MLB,New York Mets,77,85,2011,-0.6285393610547089,0.6285393610547089
MLB,Oakland Athletics,74,88,2011,-1.0999438818457405,1.0999438818457405
MLB,Colorado Rockies,73,89,2011,-1.2570787221094177,1.2570787221094177
MLB,Pittsburgh Pirates,72,90,2011,-1.4142135623730951,1.4142135623730951
MLB,Florida Marlins,72,90,2011,-1.4142135623730951,1.4142135623730951
MLB,Kansas City Royals,71,91,2011,-1.5713484026367723,1.5713484026367723
MLB,Chicago Cubs,71,91,2011,-1.5713484026367723,1.5713484026367723
MLB,San Diego Padres,71,91,2011,-1.5713484026367723,1.5713484026367723
MLB,Baltimore Orioles,69,93,2011,-1.8856180831641267,1.8856180831641267
MLB,Seattle Mariners,67,95,2011,-2.199887763691481,2.199887763691481
MLB,Minnesota Twins,63,99,2011,-2.8284271247461903,2.8284271247461903
MLB,Houston Astros,56,106,2011,-3.928371006591931,3.928371006591931
MLB,Washington Nationals,98,64,2012,2.671292284482513,2.671292284482513
MLB,Cincinnati Reds,97,65,2012,2.5141574442188355,2.5141574442188355
MLB,New York Yankees,95,67,2012,2.199887763691481,2.199887763691481
MLB,Oakland Athletics,94,68,2012,2.042752923427804,2.042752923427804
MLB,San Francisco Giants,94,68,2012,2.042752923427804,2.042752923427804
MLB,Atlanta Braves,94,68,2012,2.042752923427804,2.042752923427804
MLB,Baltimore Orioles,93,69,2012,1.8856180831641267,1.8856180831641267
MLB,Texas Rangers,93,69,2012,1.8856180831641267,1.8856180831641267
MLB,Tampa Bay Rays,90,72,2012,1.4142135623730951,1.4142135623730951
MLB,Los Angeles Angels of Anaheim,89,73,2012,1.2570787221094177,1.2570787221094177
MLB,Detroit Tigers,88,74,2012,1.0999438818457405,1.0999438818457405
MLB,St. Louis Cardinals,88,74,2012,1.0999438818457405,1.0999438818457405
MLB,Los Angeles Dodgers,86,76,2012,0.7856742013183862,0.7856742013183862
MLB,Chicago White Sox,85,77,2012,0.6285393610547089,0.6285393610547089
MLB,Milwaukee Brewers,83,79,2012,0.31426968052735443,0.31426968052735443
MLB,Arizona Diamondbacks,81,81,2012,0.0,0.0
MLB,Philadelphia Phillies,81,81,2012,0.0,0.0
MLB,Pittsburgh Pirates,79,83,2012,-0.31426968052735443,0.31426968052735443
MLB,San Diego Padres,76,86,2012,-0.7856742013183862,0.7856742013183862
MLB,Seattle Mariners,75,87,2012,-0.9428090415820634,0.9428090415820634
MLB,New York Mets,74,88,2012,-1.0999438818457405,1.0999438818457405
MLB,Toronto Blue Jays,73,89,2012,-1.2570787221094177,1.2570787221094177
MLB,Kansas City Royals,72,90,2012,-1.4142135623730951,1.4142135623730951
MLB,Boston Red Sox,69,93,2012,-1.8856180831641267,1.8856180831641267
MLB,Miami Marlins,69,93,2012,-1.8856180831641267,1.8856180831641267
MLB,Cleveland Indians,68,94,2012,-2.042752923427804,2.042752923427804
MLB,Minnesota Twins,66,96,2012,-2.3570226039551585,2.3570226039551585
MLB,Colorado Rockies,64,98,2012,-2.671292284482513,2.671292284482513
MLB,Chicago Cubs,61,101,2012,-3.1426968052735447,3.1426968052735447
MLB,Houston Astros,55,107,2012,-4.085505846855608,4.085505846855608
MLB,Boston Red Sox,97,65,2013,2.5141574442188355,2.5141574442188355
MLB,St. Louis Cardinals,97,65,2013,2.5141574442188355,2.5141574442188355
MLB,Atlanta Braves,96,66,2013,2.3570226039551585,2.3570226039551585
MLB,Oakland Athletics,96,66,2013,2.3570226039551585,2.3570226039551585
MLB,Pittsburgh Pirates,94,68,2013,2.042752923427804,2.042752923427804
MLB,Detroit Tigers,93,69,2013,1.8856180831641267,1.8856180831641267
MLB,Los Angeles Dodgers,92,70,2013,1.7284832429004495,1.7284832429004495
MLB,Cleveland Indians,92,70,2013,1.7284832429004495,1.7284832429004495
MLB,Tampa Bay Rays,92,71,2013,1.6448469449747105,1.6448469449747105
MLB,Texas Rangers,91,72,2013,1.4881948549771191,1.4881948549771191
MLB,Cincinnati Reds,90,72,2013,1.4142135623730951,1.4142135623730951
MLB,Washington Nationals,86,76,2013,0.7856742013183862,0.7856742013183862
MLB,Kansas City Royals,86,76,2013,0.7856742013183862,0.7856742013183862
MLB,Baltimore Orioles,85,77,2013,0.6285393610547089,0.6285393610547089
MLB,New York Yankees,85,77,2013,0.6285393610547089,0.6285393610547089
MLB,Arizona Diamondbacks,81,81,2013,0.0,0.0
MLB,Los Angeles Angels of Anaheim,78,84,2013,-0.4714045207910317,0.4714045207910317
MLB,San Diego Padres,76,86,2013,-0.7856742013183862,0.7856742013183862
MLB,San Francisco Giants,76,86,2013,-0.7856742013183862,0.7856742013183862
MLB,New York Mets,74,88,2013,-1.0999438818457405,1.0999438818457405
MLB,Milwaukee Brewers,74,88,2013,-1.0999438818457405,1.0999438818457405
MLB,Colorado Rockies,74,88,2013,-1.0999438818457405,1.0999438818457405
MLB,Toronto Blue Jays,74,88,2013,-1.0999438818457405,1.0999438818457405
MLB,Philadelphia Phillies,73,89,2013,-1.2570787221094177,1.2570787221094177
MLB,Seattle Mariners,71,91,2013,-1.5713484026367723,1.5713484026367723
MLB,Minnesota Twins,66,96,2013,-2.3570226039551585,2.3570226039551585
MLB,Chicago Cubs,66,96,2013,-2.3570226039551585,2.3570226039551585
MLB,Chicago White Sox,63,99,2013,-2.8284271247461903,2.8284271247461903
MLB,Miami Marlins,62,100,2013,-2.9855619650098673,2.9855619650098673
MLB,Houston Astros,51,111,2013,-4.714045207910317,4.714045207910317
MLB,Los Angeles Angels of Anaheim,98,64,2014,2.671292284482513,2.671292284482513
MLB,Baltimore Orioles,96,66,2014,2.3570226039551585,2.3570226039551585
MLB,Washington Nationals,96,66,2014,2.3570226039551585,2.3570226039551585
MLB,Los Angeles Dodgers,94,68,2014,2.042752923427804,2.042752923427804
MLB,Detroit Tigers,90,72,2014,1.4142135623730951,1.4142135623730951
MLB,St. Louis Cardinals,90,72,2014,1.4142135623730951,1.4142135623730951
MLB,Kansas City Royals,89,73,2014,1.2570787221094177,1.2570787221094177
MLB,Oakland Athletics,88,74,2014,1.0999438818457405,1.0999438818457405
MLB,Pittsburgh Pirates,88,74,2014,1.0999438818457405,1.0999438818457405
MLB,San Francisco Giants,88,74,2014,1.0999438818457405,1.0999438818457405
MLB,Seattle Mariners,87,75,2014,0.9428090415820634,0.9428090415820634
MLB,Cleveland Indians,85,77,2014,0.6285393610547089,0.6285393610547089
MLB,New York Yankees,84,78,2014,0.4714045207910317,0.4714045207910317
MLB,Toronto Blue Jays,83,79,2014,0.31426968052735443,0.31426968052735443
MLB,Milwaukee Brewers,82,80,2014,0.15713484026367722,0.15713484026367722
MLB,Atlanta Braves,79,83,2014,-0.31426968052735443,0.31426968052735443
MLB,New York Mets,79,83,2014,-0.31426968052735443,0.31426968052735443
MLB,San Diego Padres,77,85,2014,-0.6285393610547089,0.6285393610547089
MLB,Miami Marlins,77,85,2014,-0.6285393610547089,0.6285393610547089
MLB,Tampa Bay Rays,77,85,2014,-0.6285393610547089,0.6285393610547089
MLB,Cincinnati Reds,76,86,2014,-0.7856742013183862,0.7856742013183862
MLB,Chicago White Sox,73,89,2014,-1.2570787221094177,1.2570787221094177
MLB,Chicago Cubs,73,89,2014,-1.2570787221094177,1.2570787221094177
MLB,Philadelphia Phillies,73,89,2014,-1.2570787221094177,1.2570787221094177
MLB,Boston Red Sox,71,91,2014,-1.5713484026367723,1.5713484026367723
MLB,Houston Astros,70,92,2014,-1.7284832429004495,1.7284832429004495
MLB,Minnesota Twins,70,92,2014,-1.7284832429004495,1.7284832429004495
MLB,Texas Rangers,67,95,2014,-2.199887763691481,2.199887763691481
MLB,Colorado Rockies,66,96,2014,-2.3570226039551585,2.3570226039551585
MLB,Arizona Diamondbacks,64,98,2014,-2.671292284482513,2.671292284482513
MLB,St. Louis Cardinals,100,62,2015,2.9855619650098673,2.9855619650098673
MLB,Pittsburgh Pirates,98,64,2015,2.671292284482513,2.671292284482513
MLB,Chicago Cubs,97,65,2015,2.5141574442188355,2.5141574442188355
MLB,Kansas City Royals,95,67,2015,2.199887763691481,2.199887763691481
MLB,Toronto Blue Jays,93,69,2015,1.8856180831641267,1.8856180831641267
MLB,Los Angeles Dodgers,92,70,2015,1.7284832429004495,1.7284832429004495
MLB,New York Mets,90,72,2015,1.4142135623730951,1.4142135623730951
MLB,Texas Rangers,88,74,2015,1.0999438818457405,1.0999438818457405
MLB,New York Yankees,87,75,2015,0.9428090415820634,0.9428090415820634
MLB,Houston Astros,86,76,2015,0.7856742013183862,0.7856742013183862
MLB,Los Angeles Angels of Anaheim,85,77,2015,0.6285393610547089,0.6285393610547089
MLB,San Francisco Giants,84,78,2015,0.4714045207910317,0.4714045207910317
MLB,Minnesota Twins,83,79,2015,0.31426968052735443,0.31426968052735443
MLB,Washington Nationals,83,79,2015,0.31426968052735443,0.31426968052735443
MLB,Cleveland Indians,81,80,2015,0.07881104062391006,0.07881104062391006
MLB,Baltimore Orioles,81,81,2015,0.0,0.0
MLB,Tampa Bay Rays,80,82,2015,-0.15713484026367722,0.15713484026367722
MLB,Arizona Diamondbacks,79,83,2015,-0.31426968052735443,0.31426968052735443
MLB,Boston Red Sox,78,84,2015,-0.4714045207910317,0.4714045207910317
MLB,Chicago White Sox,76,86,2015,-0.7856742013183862,0.7856742013183862
MLB,Seattle Mariners,76,86,2015,-0.7856742013183862,0.7856742013183862
MLB,Detroit Tigers,74,87,2015,-1.0245435281108308,1.0245435281108308
MLB,San Diego Padres,74,88,2015,-1.0999438818457405,1.0999438818457405
MLB,Miami Marlins,71,91,2015,-1.5713484026367723,1.5713484026367723
MLB,Milwaukee Brewers,68,94,2015,-2.042752923427804,2.042752923427804
MLB,Colorado Rockies,68,94,2015,-2.042752923427804,2.042752923427804
MLB,Oakland Athletics,68,94,2015,-2.042752923427804,2.042752923427804
MLB,Atlanta Braves,67,95,2015,-2.199887763691481,2.199887763691481
MLB,Cincinnati Reds,64,98,2015,-2.671292284482513,2.671292284482513
MLB,Philadelphia Phillies,63,99,2015,-2.8284271247461903,2.8284271247461903
MLB,Chicago Cubs,103,58,2016,3.546496828075953,3.546496828075953
MLB,Texas Rangers,95,67,2016,2.199887763691481,2.199887763691481
MLB,Washington Nationals,95,67,2016,2.199887763691481,2.199887763691481
MLB,Cleveland Indians,94,67,2016,2.1278980968455716,2.1278980968455716
MLB,Boston Red Sox,93,69,2016,1.8856180831641267,1.8856180831641267
MLB,Los Angeles Dodgers,91,71,2016,1.5713484026367723,1.5713484026367723
MLB,Baltimore Orioles,89,73,2016,1.2570787221094177,1.2570787221094177
MLB,Toronto Blue Jays,89,73,2016,1.2570787221094177,1.2570787221094177
MLB,New York Mets,87,75,2016,0.9428090415820634,0.9428090415820634
MLB,San Francisco Giants,87,75,2016,0.9428090415820634,0.9428090415820634
MLB,Detroit Tigers,86,75,2016,0.8669214468630108,0.8669214468630108
MLB,Seattle Mariners,86,76,2016,0.7856742013183862,0.7856742013183862
MLB,St. Louis Cardinals,86,76,2016,0.7856742013183862,0.7856742013183862
MLB,Houston Astros,84,78,2016,0.4714045207910317,0.4714045207910317
MLB,New York Yankees,84,78,2016,0.4714045207910317,0.4714045207910317
MLB,Kansas City Royals,81,81,2016,0.0,0.0
MLB,Miami Marlins,79,82,2016,-0.23643312187173018,0.23643312187173018
MLB,Pittsburgh Pirates,78,83,2016,-0.39405520311955033,0.39405520311955033
MLB,Chicago White Sox,78,84,2016,-0.4714045207910317,0.4714045207910317
MLB,Colorado Rockies,75,87,2016,-0.9428090415820634,0.9428090415820634
MLB,Los Angeles Angels,74,88,2016,-1.0999438818457405,1.0999438818457405
MLB,Milwaukee Brewers,73,89,2016,-1.2570787221094177,1.2570787221094177
MLB,Philadelphia Phillies,71,91,2016,-1.5713484026367723,1.5713484026367723
MLB,Arizona Diamondbacks,69,93,2016,-1.8856180831641267,1.8856180831641267
MLB,Oakland Athletics,69,93,2016,-1.8856180831641267,1.8856180831641267
MLB,Atlanta Braves,68,93,2016,-1.9702760155977517,1.9702760155977517
MLB,Cincinnati Reds,68,94,2016,-2.042752923427804,2.042752923427804
MLB,San Diego Padres,68,94,2016,-2.042752923427804,2.042752923427804
MLB,Tampa Bay Rays,68,94,2016,-2.042752923427804,2.042752923427804
MLB,Minnesota Twins,59,103,2016,-3.456966485800899,3.456966485800899
MLB,Los Angeles Dodgers,104,58,2017,3.6141013260645765,3.6141013260645765
MLB,Cleveland Indians,102,60,2017,3.2998316455372216,3.2998316455372216
MLB,Houston Astros,101,61,2017,3.1426968052735447,3.1426968052735447
MLB,Washington Nationals,97,65,2017,2.5141574442188355,2.5141574442188355
MLB,Boston Red Sox,93,69,2017,1.8856180831641267,1.8856180831641267
MLB,Arizona Diamondbacks,93,69,2017,1.8856180831641267,1.8856180831641267
MLB,Chicago Cubs,92,70,2017,1.7284832429004495,1.7284832429004495
MLB,New York Yankees,91,71,2017,1.5713484026367723,1.5713484026367723
MLB,Colorado Rockies,87,75,2017,0.9428090415820634,0.9428090415820634
MLB,Milwaukee Brewers,86,76,2017,0.7856742013183862,0.7856742013183862
MLB,Minnesota Twins,85,77,2017,0.6285393610547089,0.6285393610547089
MLB,St. Louis Cardinals,83,79,2017,0.31426968052735443,0.31426968052735443
MLB,Los Angeles Angels,80,82,2017,-0.15713484026367722,0.15713484026367722
MLB,Kansas City Royals,80,82,2017,-0.15713484026367722,0.15713484026367722
MLB,Tampa Bay Rays,80,82,2017,-0.15713484026367722,0.15713484026367722
MLB,Seattle Mariners,78,84,2017,-0.4714045207910317,0.4714045207910317
MLB,Texas Rangers,78,84,2017,-0.4714045207910317,0.4714045207910317
MLB,Miami Marlins,77,85,2017,-0.6285393610547089,0.6285393610547089
MLB,Toronto Blue Jays,76,86,2017,-0.7856742013183862,0.7856742013183862
MLB,Pittsburgh Pirates,75,87,2017,-0.9428090415820634,0.9428090415820634
MLB,Baltimore Orioles,75,87,2017,-0.9428090415820634,0.9428090415820634
MLB,Oakland Athletics,75,87,2017,-0.9428090415820634,0.9428090415820634
MLB,Atlanta Braves,72,90,2017,-1.4142135623730951,1.4142135623730951
MLB,San Diego Padres,71,91,2017,-1.5713484026367723,1.5713484026367723
MLB,New York Mets,70,92,2017,-1.7284832429004495,1.7284832429004495
MLB,Cincinnati Reds,68,94,2017,-2.042752923427804,2.042752923427804
MLB,Chicago White Sox,67,95,2017,-2.199887763691481,2.199887763691481
MLB,Philadelphia Phillies,66,96,2017,-2.3570226039551585,2.3570226039551585
MLB,Detroit Tigers,64,98,2017,-2.671292284482513,2.671292284482513
MLB,San Francisco Giants,64,98,2017,-2.671292284482513,2.671292284482513
MLB,Boston Red Sox,108,54,2018,4.242640687119286,4.242640687119286
MLB,Houston Astros,103,59,2018,3.456966485800899,3.456966485800899
MLB,New York Yankees,100,62,2018,2.9855619650098673,2.9855619650098673
MLB,Oakland Athletics,97,65,2018,2.5141574442188355,2.5141574442188355
MLB,Milwaukee Brewers,96,67,2018,2.2714553049650763,2.2714553049650763
MLB,Chicago Cubs,95,68,2018,2.114803214967485,2.114803214967485
MLB,Los Angeles Dodgers,92,71,2018,1.6448469449747105,1.6448469449747105
MLB,Cleveland Indians,91,71,2018,1.5713484026367723,1.5713484026367723
MLB,Colorado Rockies,91,72,2018,1.4881948549771191,1.4881948549771191
MLB,Atlanta Braves,90,72,2018,1.4142135623730951,1.4142135623730951
MLB,Tampa Bay Rays,90,72,2018,1.4142135623730951,1.4142135623730951
MLB,Seattle Mariners,89,73,2018,1.2570787221094177,1.2570787221094177
MLB,St. Louis Cardinals,88,74,2018,1.0999438818457405,1.0999438818457405
MLB,Pittsburgh Pirates,82,79,2018,0.23643312187173018,0.23643312187173018
MLB,Washington Nationals,82,80,2018,0.15713484026367722,0.15713484026367722
MLB,Arizona Diamondbacks,82,80,2018,0.15713484026367722,0.15713484026367722
MLB,Philadelphia Phillies,80,82,2018,-0.15713484026367722,0.15713484026367722
MLB,Los Angeles Angels,80,82,2018,-0.15713484026367722,0.15713484026367722
MLB,Minnesota Twins,78,84,2018,-0.4714045207910317,0.4714045207910317
MLB,New York Mets,77,85,2018,-0.6285393610547089,0.6285393610547089
MLB,San Francisco Giants,73,89,2018,-1.2570787221094177,1.2570787221094177
MLB,Toronto Blue Jays,73,89,2018,-1.2570787221094177,1.2570787221094177
MLB,Cincinnati Reds,67,95,2018,-2.199887763691481,2.199887763691481
MLB,Texas Rangers,67,95,2018,-2.199887763691481,2.199887763691481
MLB,San Diego Padres,66,96,2018,-2.3570226039551585,2.3570226039551585
MLB,Detroit Tigers,64,98,2018,-2.671292284482513,2.671292284482513
MLB,Miami Marlins,63,98,2018,-2.7583864218368523,2.7583864218368523
MLB,Chicago White Sox,62,100,2018,-2.9855619650098673,2.9855619650098673
MLB,Kansas City Royals,58,104,2018,-3.6141013260645765,3.6141013260645765
MLB,Baltimore Orioles,47,115,2018,-5.342584568965026,5.342584568965026
MLB,New York Yankees,98,53,2019,3.6620480644702176,3.6620480644702176
MLB,Houston Astros,98,53,2019,3.6620480644702176,3.6620480644702176
MLB,Los Angeles Dodgers,97,54,2019,3.4992903727159854,3.4992903727159854
MLB,Atlanta Braves,93,58,2019,2.848259605699058,2.848259605699058
MLB,Minnesota Twins,92,58,2019,2.7760883751542687,2.7760883751542687
MLB,Oakland Athletics,90,61,2019,2.3599865304363625,2.3599865304363625
MLB,Tampa Bay Rays,89,62,2019,2.1972288386821304,2.1972288386821304
MLB,Cleveland Indians,87,63,2019,1.9595917942265426,1.9595917942265426
MLB,St. Louis Cardinals,84,66,2019,1.469693845669907,1.469693845669907
MLB,Washington Nationals,82,67,2019,1.2288478807785608,1.2288478807785608
MLB,Chicago Cubs,82,68,2019,1.1430952132988164,1.1430952132988164
MLB,Milwaukee Brewers,81,69,2019,0.9797958971132713,0.9797958971132713
MLB,Boston Red Sox,79,70,2019,0.7373087284671365,0.7373087284671365
MLB,Philadelphia Phillies,76,72,2019,0.3287979746107146,0.3287979746107146
MLB,New York Mets,77,73,2019,0.32659863237109044,0.32659863237109044
MLB,Arizona Diamondbacks,77,74,2019,0.24413653763134782,0.24413653763134782
MLB,Texas Rangers,74,77,2019,-0.24413653763134782,0.24413653763134782
MLB,San Francisco Giants,72,78,2019,-0.48989794855663565,0.48989794855663565
MLB,Cincinnati Reds,70,81,2019,-0.8951673046482753,0.8951673046482753
MLB,Los Angeles Angels,68,82,2019,-1.1430952132988164,1.1430952132988164
MLB,San Diego Padres,68,82,2019,-1.1430952132988164,1.1430952132988164
MLB,Colorado Rockies,66,85,2019,-1.5461980716652028,1.5461980716652028
MLB,Chicago White Sox,65,85,2019,-1.632993161855452,1.632993161855452
MLB,Pittsburgh Pirates,65,85,2019,-1.632993161855452,1.632993161855452
MLB,Seattle Mariners,62,88,2019,-2.1228911104120876,2.1228911104120876
MLB,Toronto Blue Jays,59,91,2019,-2.6127890589687235,2.6127890589687235
MLB,Kansas City Royals,56,95,2019,-3.173774989207522,3.173774989207522
MLB,Miami Marlins,52,98,2019,-3.7558842722675396,3.7558842722675396
MLB,Baltimore Orioles,49,101,2019,-4.245782220824175,4.245782220824175
MLB,Detroit Tigers,45,104,2019,-4.833468331062339,4.833468331062339