CNF,Team 1,49,33,1970,1.7669044171975445,1.7669044171975445
CNF,Team 2,41,41,1970,0.0,0.0
CNF,Team 3,40,42,1970,-0.22086305214969307,0.22086305214969307
CNF,Team 4,36,46,1970,-1.1043152607484654,1.1043152607484654
CNF,Team 5,48,34,1970,1.5460413650478515,1.5460413650478515
CNF,Team 6,40,42,1970,-0.22086305214969307,0.22086305214969307
CNF,Team 7,39,43,1970,-0.44172610429938614,0.44172610429938614
CNF,Team 8,37,45,1970,-0.8834522085987723,0.8834522085987723
CNF,Team 9,43,39,1970,0.44172610429938614,0.44172610429938614
CNF,Team 10,40,42,1970,-0.22086305214969307,0.22086305214969307
CNF,Team 11,45,37,1970,0.8834522085987723,0.8834522085987723
CNF,Team 12,42,40,1970,0.22086305214969307,0.22086305214969307
CNF,Team 13,41,41,1970,0.0,0.0
CNF,Team 14,41,41,1970,0.0,0.0
CNF,Team 15,46,36,1970,1.1043152607484654,1.1043152607484654
CNF,Team 16,44,38,1970,0.6625891564490792,0.6625891564490792
CNF,Team 17,37,45,1970,-0.8834522085987723,0.8834522085987723
CNF,Team 18,35,47,1970,-1.3251783128981585,1.3251783128981585
CNF,Team 19,45,37,1970,0.8834522085987723,0.8834522085987723
CNF,Team 20,46,36,1970,1.1043152607484654,1.1043152607484654
CNF,Team 21,45,37,1970,0.8834522085987723,0.8834522085987723
CNF,Team 22,42,40,1970,0.22086305214969307,0.22086305214969307
CNF,Team 23,48,34,1970,1.5460413650478515,1.5460413650478515
CNF,Team 24,39,43,1970,-0.44172610429938614,0.44172610429938614
CNF,Team 25,33,49,1970,-1.7669044171975445,1.7669044171975445
CNF,Team 26,39,43,1970,-0.44172610429938614,0.44172610429938614
CNF,Team 27,41,41,1970,0.0,0.0
CNF,Team 28,35,47,1970,-1.3251783128981585,1.3251783128981585
CNF,Team 29,54,28,1970,2.87121967794601,2.87121967794601
CNF,Team 30,40,42,1970,-0.22086305214969307,0.22086305214969307
CNF,Team 1,43,39,1971,0.44172610429938614,0.44172610429938614
CNF,Team 2,41,41,1971,0.0,0.0
CNF,Team 3,37,45,1971,-0.8834522085987723,0.8834522085987723
CNF,Team 4,43,39,1971,0.44172610429938614,0.44172610429938614
CNF,Team 5,31,51,1971,-2.208630521496931,2.208630521496931
CNF,Team 6,50,32,1971,1.9877674693472376,1.9877674693472376
CNF,Team 7,43,39,1971,0.44172610429938614,0.44172610429938614
CNF,Team 8,44,38,1971,0.6625891564490792,0.6625891564490792
CNF,Team 9,44,38,1971,0.6625891564490792,0.6625891564490792
CNF,Team 10,42,40,1971,0.22086305214969307,0.22086305214969307
CNF,Team 11,44,38,1971,0.6625891564490792,0.6625891564490792
CNF,Team 12,37,45,1971,-0.8834522085987723,0.8834522085987723
CNF,Team 13,45,37,1971,0.8834522085987723,0.8834522085987723
CNF,Team 14,39,43,1971,-0.44172610429938614,0.44172610429938614
CNF,Team 15,43,39,1971,0.44172610429938614,0.44172610429938614
CNF,Team 16,46,36,1971,1.1043152607484654,1.1043152607484654
CNF,Team 17,44,38,1971,0.6625891564490792,0.6625891564490792
CNF,Team 18,39,43,1971,-0.44172610429938614,0.44172610429938614
CNF,Team 19,49,33,1971,1.7669044171975445,1.7669044171975445
CNF,Team 20,43,39,1971,0.44172610429938614,0.44172610429938614
CNF,Team 21,41,41,1971,0.0,0.0
CNF,Team 22,47,35,1971,1.3251783128981585,1.3251783128981585
CNF,Team 23,40,42,1971,-0.22086305214969307,0.22086305214969307
CNF,Team 24,36,46,1971,-1.1043152607484654,1.1043152607484654
CNF,Team 25,34,48,1971,-1.5460413650478515,1.5460413650478515
CNF,Team 26,37,45,1971,-0.8834522085987723,0.8834522085987723
CNF,Team 27,37,45,1971,-0.8834522085987723,0.8834522085987723
CNF,Team 28,42,40,1971,0.22086305214969307,0.22086305214969307
CNF,Team 29,46,36,1971,1.1043152607484654,1.1043152607484654
CNF,Team 30,42,40,1971,0.22086305214969307,0.22086305214969307
CNF,Team 1,39,43,1972,-0.44172610429938614,0.44172610429938614
CNF,Team 2,37,45,1972,-0.8834522085987723,0.8834522085987723
CNF,Team 3,42,40,1972,0.22086305214969307,0.22086305214969307
CNF,Team 4,35,47,1972,-1.3251783128981585,1.3251783128981585
CNF,Team 5,47,35,1972,1.3251783128981585,1.3251783128981585
CNF,Team 6,37,45,1972,-0.8834522085987723,0.8834522085987723
CNF,Team 7,42,40,1972,0.22086305214969307,0.22086305214969307
CNF,Team 8,30,52,1972,-2.429493573646624,2.429493573646624
CNF,Team 9,37,45,1972,-0.8834522085987723,0.8834522085987723
CNF,Team 10,38,44,1972,-0.6625891564490792,0.6625891564490792
CNF,Team 11,43,39,1972,0.44172610429938614,0.44172610429938614
CNF,Team 12,39,43,1972,-0.44172610429938614,0.44172610429938614
CNF,Team 13,40,42,1972,-0.22086305214969307,0.22086305214969307
CNF,Team 14,38,44,1972,-0.6625891564490792,0.6625891564490792
CNF,Team 15,41,41,1972,0.0,0.0
CNF,Team 16,42,40,1972,0.22086305214969307,0.22086305214969307
CNF,Team 17,45,37,1972,0.8834522085987723,0.8834522085987723
CNF,Team 18,38,44,1972,-0.6625891564490792,0.6625891564490792
CNF,Team 19,44,38,1972,0.6625891564490792,0.6625891564490792
CNF,Team 20,37,45,1972,-0.8834522085987723,0.8834522085987723
CNF,Team 21,43,39,1972,0.44172610429938614,0.44172610429938614
CNF,Team 22,32,50,1972,-1.9877674693472376,1.9877674693472376
CNF,Team 23,47,35,1972,1.3251783128981585,1.3251783128981585
CNF,Team 24,34,48,1972,-1.5460413650478515,1.5460413650478515
CNF,Team 25,39,43,1972,-0.44172610429938614,0.44172610429938614
CNF,Team 26,48,34,1972,1.5460413650478515,1.5460413650478515
CNF,Team 27,45,37,1972,0.8834522085987723,0.8834522085987723
CNF,Team 28,49,33,1972,1.7669044171975445,1.7669044171975445
CNF,Team 29,35,47,1972,-1.3251783128981585,1.3251783128981585
CNF,Team 30,49,33,1972,1.7669044171975445,1.7669044171975445
CNF,Team 1,38,44,1973,-0.6625891564490792,0.6625891564490792
CNF,Team 2,49,33,1973,1.7669044171975445,1.7669044171975445
CNF,Team 3,41,41,1973,0.0,0.0
CNF,Team 4,37,45,1973,-0.8834522085987723,0.8834522085987723
CNF,Team 5,44,38,1973,0.6625891564490792,0.6625891564490792
CNF,Team 6,46,36,1973,1.1043152607484654,1.1043152607484654
CNF,Team 7,37,45,1973,-0.8834522085987723,0.8834522085987723
CNF,Team 8,44,38,1973,0.6625891564490792,0.6625891564490792
CNF,Team 9,36,46,1973,-1.1043152607484654,1.1043152607484654
CNF,Team 10,38,44,1973,-0.6625891564490792,0.6625891564490792
CNF,Team 11,50,32,1973,1.9877674693472376,1.9877674693472376
CNF,Team 12,36,46,1973,-1.1043152607484654,1.1043152607484654
CNF,Team 13,41,41,1973,0.0,0.0
CNF,Team 14,40,42,1973,-0.22086305214969307,0.22086305214969307
CNF,Team 15,44,38,1973,0.6625891564490792,0.6625891564490792
CNF,Team 16,45,37,1973,0.8834522085987723,0.8834522085987723
CNF,Team 17,48,34,1973,1.5460413650478515,1.5460413650478515
CNF,Team 18,49,33,1973,1.7669044171975445,1.7669044171975445
CNF,Team 19,45,37,1973,0.8834522085987723,0.8834522085987723
CNF,Team 20,33,49,1973,-1.7669044171975445,1.7669044171975445
CNF,Team 21,30,52,1973,-2.429493573646624,2.429493573646624
CNF,Team 22,36,46,1973,-1.1043152607484654,1.1043152607484654
CNF,Team 23,43,39,1973,0.44172610429938614,0.44172610429938614
CNF,Team 24,39,43,1973,-0.44172610429938614,0.44172610429938614
CNF,Team 25,41,41,1973,0.0,0.0
CNF,Team 26,36,46,1973,-1.1043152607484654,1.1043152607484654
CNF,Team 27,41,41,1973,0.0,0.0
CNF,Team 28,39,43,1973,-0.44172610429938614,0.44172610429938614
CNF,Team 29,46,36,1973,1.1043152607484654,1.1043152607484654
CNF,Team 30,46,36,1973,1.1043152607484654,1.1043152607484654
CNF,Team 1,45,37,1974,0.8834522085987723,0.8834522085987723
CNF,Team 2,37,45,1974,-0.8834522085987723,0.8834522085987723
CNF,Team 3,42,40,1974,0.22086305214969307,0.22086305214969307
CNF,Team 4,48,34,1974,1.5460413650478515,1.5460413650478515
CNF,Team 5,44,38,1974,0.6625891564490792,0.6625891564490792
CNF,Team 6,37,45,1974,-0.8834522085987723,0.8834522085987723
CNF,Team 7,31,51,1974,-2.208630521496931,2.208630521496931
CNF,Team 8,43,39,1974,0.44172610429938614,0.44172610429938614
CNF,Team 9,36,46,1974,-1.1043152607484654,1.1043152607484654
CNF,Team 10,45,37,1974,0.8834522085987723,0.8834522085987723
CNF,Team 11,36,46,1974,-1.1043152607484654,1.1043152607484654
CNF,Team 12,44,38,1974,0.6625891564490792,0.6625891564490792
CNF,Team 13,29,53,1974,-2.650356625796317,2.650356625796317
CNF,Team 14,48,34,1974,1.5460413650478515,1.5460413650478515
CNF,Team 15,46,36,1974,1.1043152607484654,1.1043152607484654
CNF,Team 16,47,35,1974,1.3251783128981585,1.3251783128981585
CNF,Team 17,43,39,1974,0.44172610429938614,0.44172610429938614
CNF,Team 18,47,35,1974,1.3251783128981585,1.3251783128981585
CNF,Team 19,43,39,1974,0.44172610429938614,0.44172610429938614
CNF,Team 20,42,40,1974,0.22086305214969307,0.22086305214969307
CNF,Team 21,41,41,1974,0.0,0.0
CNF,Team 22,40,42,1974,-0.22086305214969307,0.22086305214969307
CNF,Team 23,47,35,1974,1.3251783128981585,1.3251783128981585
CNF,Team 24,41,41,1974,0.0,0.0
CNF,Team 25,40,42,1974,-0.22086305214969307,0.22086305214969307
CNF,Team 26,42,40,1974,0.22086305214969307,0.22086305214969307
CNF,Team 27,39,43,1974,-0.44172610429938614,0.44172610429938614
CNF,Team 28,45,37,1974,0.8834522085987723,0.8834522085987723
CNF,Team 29,43,39,1974,0.44172610429938614,0.44172610429938614
CNF,Team 30,40,42,1974,-0.22086305214969307,0.22086305214969307
CNF,Team 1,45,37,1975,0.8834522085987723,0.8834522085987723
CNF,Team 2,35,47,1975,-1.3251783128981585,1.3251783128981585
CNF,Team 3,43,39,1975,0.44172610429938614,0.44172610429938614
CNF,Team 4,49,33,1975,1.7669044171975445,1.7669044171975445
CNF,Team 5,44,38,1975,0.6625891564490792,0.6625891564490792
CNF,Team 6,40,42,1975,-0.22086305214969307,0.22086305214969307
CNF,Team 7,46,36,1975,1.1043152607484654,1.1043152607484654
CNF,Team 8,43,39,1975,0.44172610429938614,0.44172610429938614
CNF,Team 9,41,41,1975,0.0,0.0
CNF,Team 10,39,43,1975,-0.44172610429938614,0.44172610429938614
CNF,Team 11,33,49,1975,-1.7669044171975445,1.7669044171975445
CNF,Team 12,49,33,1975,1.7669044171975445,1.7669044171975445
CNF,Team 13,37,45,1975,-0.8834522085987723,0.8834522085987723
CNF,Team 14,50,32,1975,1.9877674693472376,1.9877674693472376
CNF,Team 15,35,47,1975,-1.3251783128981585,1.3251783128981585
CNF,Team 16,41,41,1975,0.0,0.0
CNF,Team 17,33,49,1975,-1.7669044171975445,1.7669044171975445
CNF,Team 18,46,36,1975,1.1043152607484654,1.1043152607484654
CNF,Team 19,42,40,1975,0.22086305214969307,0.22086305214969307
CNF,Team 20,51,31,1975,2.208630521496931,2.208630521496931
CNF,Team 21,39,43,1975,-0.44172610429938614,0.44172610429938614
CNF,Team 22,37,45,1975,-0.8834522085987723,0.8834522085987723
CNF,Team 23,45,37,1975,0.8834522085987723,0.8834522085987723
CNF,Team 24,38,44,1975,-0.6625891564490792,0.6625891564490792
CNF,Team 25,43,39,1975,0.44172610429938614,0.44172610429938614
CNF,Team 26,37,45,1975,-0.8834522085987723,0.8834522085987723
CNF,Team 27,41,41,1975,0.0,0.0
CNF,Team 28,32,50,1975,-1.9877674693472376,1.9877674693472376
CNF,Team 29,37,45,1975,-0.8834522085987723,0.8834522085987723
CNF,Team 30,44,38,1975,0.6625891564490792,0.6625891564490792
CNF,Team 1,40,42,1976,-0.22086305214969307,0.22086305214969307
CNF,Team 2,40,42,1976,-0.22086305214969307,0.22086305214969307
CNF,Team 3,40,42,1976,-0.22086305214969307,0.22086305214969307
CNF,Team 4,42,40,1976,0.22086305214969307,0.22086305214969307
CNF,Team 5,36,46,1976,-1.1043152607484654,1.1043152607484654
CNF,Team 6,40,42,1976,-0.22086305214969307,0.22086305214969307
CNF,Team 7,40,42,1976,-0.22086305214969307,0.22086305214969307
CNF,Team 8,34,48,1976,-1.5460413650478515,1.5460413650478515
CNF,Team 9,37,45,1976,-0.8834522085987723,0.8834522085987723
CNF,Team 10,38,44,1976,-0.6625891564490792,0.6625891564490792
CNF,Team 11,42,40,1976,0.22086305214969307,0.22086305214969307
CNF,Team 12,48,34,1976,1.5460413650478515,1.5460413650478515
CNF,Team 13,41,41,1976,0.0,0.0
CNF,Team 14,40,42,1976,-0.22086305214969307,0.22086305214969307
CNF,Team 15,48,34,1976,1.5460413650478515,1.5460413650478515
CNF,Team 16,29,53,1976,-2.650356625796317,2.650356625796317
CNF,Team 17,46,36,1976,1.1043152607484654,1.1043152607484654
CNF,Team 18,35,47,1976,-1.3251783128981585,1.3251783128981585
CNF,Team 19,36,46,1976,-1.1043152607484654,1.1043152607484654
CNF,Team 20,33,49,1976,-1.7669044171975445,1.7669044171975445
CNF,Team 21,40,42,1976,-0.22086305214969307,0.22086305214969307
CNF,Team 22,30,52,1976,-2.429493573646624,2.429493573646624
CNF,Team 23,39,43,1976,-0.44172610429938614,0.44172610429938614
CNF,Team 24,36,46,1976,-1.1043152607484654,1.1043152607484654
CNF,Team 25,45,37,1976,0.8834522085987723,0.8834522085987723
CNF,Team 26,43,39,1976,0.44172610429938614,0.44172610429938614
CNF,Team 27,38,44,1976,-0.6625891564490792,0.6625891564490792
CNF,Team 28,42,40,1976,0.22086305214969307,0.22086305214969307
CNF,Team 29,40,42,1976,-0.22086305214969307,0.22086305214969307
CNF,Team 30,46,36,1976,1.1043152607484654,1.1043152607484654
CNF,Team 1,35,47,1977,-1.3251783128981585,1.3251783128981585
CNF,Team 2,37,45,1977,-0.8834522085987723,0.8834522085987723
CNF,Team 3,45,37,1977,0.8834522085987723,0.8834522085987723
CNF,Team 4,41,41,1977,0.0,0.0
CNF,Team 5,42,40,1977,0.22086305214969307,0.22086305214969307
CNF,Team 6,37,45,1977,-0.8834522085987723,0.8834522085987723
CNF,Team 7,39,43,1977,-0.44172610429938614,0.44172610429938614
CNF,Team 8,46,36,1977,1.1043152607484654,1.1043152607484654
CNF,Team 9,40,42,1977,-0.22086305214969307,0.22086305214969307
CNF,Team 10,37,45,1977,-0.8834522085987723,0.8834522085987723
CNF,Team 11,33,49,1977,-1.7669044171975445,1.7669044171975445
CNF,Team 12,37,45,1977,-0.8834522085987723,0.8834522085987723
CNF,Team 13,43,39,1977,0.44172610429938614,0.44172610429938614
CNF,Team 14,39,43,1977,-0.44172610429938614,0.44172610429938614
CNF,Team 15,43,39,1977,0.44172610429938614,0.44172610429938614
CNF,Team 16,39,43,1977,-0.44172610429938614,0.44172610429938614
CNF,Team 17,53,29,1977,2.650356625796317,2.650356625796317
CNF,Team 18,32,50,1977,-1.9877674693472376,1.9877674693472376
CNF,Team 19,46,36,1977,1.1043152607484654,1.1043152607484654
CNF,Team 20,46,36,1977,1.1043152607484654,1.1043152607484654
CNF,Team 21,45,37,1977,0.8834522085987723,0.8834522085987723
CNF,Team 22,42,40,1977,0.22086305214969307,0.22086305214969307
CNF,Team 23,47,35,1977,1.3251783128981585,1.3251783128981585
CNF,Team 24,39,43,1977,-0.44172610429938614,0.44172610429938614
CNF,Team 25,45,37,1977,0.8834522085987723,0.8834522085987723
CNF,Team 26,32,50,1977,-1.9877674693472376,1.9877674693472376
CNF,Team 27,43,39,1977,0.44172610429938614,0.44172610429938614
CNF,Team 28,37,45,1977,-0.8834522085987723,0.8834522085987723
CNF,Team 29,46,36,1977,1.1043152607484654,1.1043152607484654
CNF,Team 30,44,38,1977,0.6625891564490792,0.6625891564490792
CNF,Team 1,38,44,1978,-0.6625891564490792,0.6625891564490792
CNF,Team 2,30,52,1978,-2.429493573646624,2.429493573646624
CNF,Team 3,35,47,1978,-1.3251783128981585,1.3251783128981585
CNF,Team 4,44,38,1978,0.6625891564490792,0.6625891564490792
CNF,Team 5,46,36,1978,1.1043152607484654,1.1043152607484654
CNF,Team 6,34,48,1978,-1.5460413650478515,1.5460413650478515
CNF,Team 7,48,34,1978,1.5460413650478515,1.5460413650478515
CNF,Team 8,41,41,1978,0.0,0.0
CNF,Team 9,41,41,1978,0.0,0.0
CNF,Team 10,41,41,1978,0.0,0.0
CNF,Team 11,43,39,1978,0.44172610429938614,0.44172610429938614
CNF,Team 12,36,46,1978,-1.1043152607484654,1.1043152607484654
CNF,Team 13,39,43,1978,-0.44172610429938614,0.44172610429938614
CNF,Team 14,52,30,1978,2.429493573646624,2.429493573646624
CNF,Team 15,43,39,1978,0.44172610429938614,0.44172610429938614
CNF,Team 16,34,48,1978,-1.5460413650478515,1.5460413650478515
CNF,Team 17,38,44,1978,-0.6625891564490792,0.6625891564490792
CNF,Team 18,40,42,1978,-0.22086305214969307,0.22086305214969307
CNF,Team 19,35,47,1978,-1.3251783128981585,1.3251783128981585
CNF,Team 20,32,50,1978,-1.9877674693472376,1.9877674693472376
CNF,Team 21,32,50,1978,-1.9877674693472376,1.9877674693472376
CNF,Team 22,33,49,1978,-1.7669044171975445,1.7669044171975445
CNF,Team 23,40,42,1978,-0.22086305214969307,0.22086305214969307
CNF,Team 24,44,38,1978,0.6625891564490792,0.6625891564490792
CNF,Team 25,38,44,1978,-0.6625891564490792,0.6625891564490792
CNF,Team 26,41,41,1978,0.0,0.0
CNF,Team 27,46,36,1978,1.1043152607484654,1.1043152607484654
CNF,Team 28,29,53,1978,-2.650356625796317,2.650356625796317
CNF,Team 29,38,44,1978,-0.6625891564490792,0.6625891564490792
CNF,Team 30,39,43,1978,-0.44172610429938614,0.44172610429938614
CNF,Team 1,27,55,1979,-3.092082730095703,3.092082730095703
CNF,Team 2,45,37,1979,0.8834522085987723,0.8834522085987723
CNF,Team 3,49,33,1979,1.7669044171975445,1.7669044171975445
CNF,Team 4,36,46,1979,-1.1043152607484654,1.1043152607484654
CNF,Team 5,31,51,1979,-2.208630521496931,2.208630521496931
CNF,Team 6,37,45,1979,-0.8834522085987723,0.8834522085987723
CNF,Team 7,45,37,1979,0.8834522085987723,0.8834522085987723
CNF,Team 8,38,44,1979,-0.6625891564490792,0.6625891564490792
CNF,Team 9,43,39,1979,0.44172610429938614,0.44172610429938614
CNF,Team 10,42,40,1979,0.22086305214969307,0.22086305214969307
CNF,Team 11,45,37,1979,0.8834522085987723,0.8834522085987723
CNF,Team 12,48,34,1979,1.5460413650478515,1.5460413650478515
CNF,Team 13,39,43,1979,-0.44172610429938614,0.44172610429938614
CNF,Team 14,39,43,1979,-0.44172610429938614,0.44172610429938614
CNF,Team 15,38,44,1979,-0.6625891564490792,0.6625891564490792
CNF,Team 16,41,41,1979,0.0,0.0
CNF,Team 17,41,41,1979,0.0,0.0
CNF,Team 18,35,47,1979,-1.3251783128981585,1.3251783128981585
CNF,Team 19,42,40,1979,0.22086305214969307,0.22086305214969307
CNF,Team 20,39,43,1979,-0.44172610429938614,0.44172610429938614
CNF,Team 21,42,40,1979,0.22086305214969307,0.22086305214969307
CNF,Team 22,40,42,1979,-0.22086305214969307,0.22086305214969307
CNF,Team 23,39,43,1979,-0.44172610429938614,0.44172610429938614
CNF,Team 24,43,39,1979,0.44172610429938614,0.44172610429938614
CNF,Team 25,38,44,1979,-0.6625891564490792,0.6625891564490792
CNF,Team 26,46,36,1979,1.1043152607484654,1.1043152607484654
CNF,Team 27,45,37,1979,0.8834522085987723,0.8834522085987723
CNF,Team 28,43,39,1979,0.44172610429938614,0.44172610429938614
CNF,Team 29,34,48,1979,-1.5460413650478515,1.5460413650478515
CNF,Team 30,41,41,1979,0.0,0.0
CNF,Team 1,49,33,1980,1.7669044171975445,1.7669044171975445
CNF,Team 2,34,48,1980,-1.5460413650478515,1.5460413650478515
CNF,Team 3,41,41,1980,0.0,0.0
CNF,Team 4,38,44,1980,-0.6625891564490792,0.6625891564490792
CNF,Team 5,46,36,1980,1.1043152607484654,1.1043152607484654
CNF,Team 6,40,42,1980,-0.22086305214969307,0.22086305214969307
CNF,Team 7,45,37,1980,0.8834522085987723,0.8834522085987723
CNF,Team 8,47,35,1980,1.3251783128981585,1.3251783128981585
CNF,Team 9,39,43,1980,-0.44172610429938614,0.44172610429938614
CNF,Team 10,45,37,1980,0.8834522085987723,0.8834522085987723
CNF,Team 11,35,47,1980,-1.3251783128981585,1.3251783128981585
CNF,Team 12,43,39,1980,0.44172610429938614,0.44172610429938614
CNF,Team 13,44,38,1980,0.6625891564490792,0.6625891564490792
CNF,Team 14,37,45,1980,-0.8834522085987723,0.8834522085987723
CNF,Team 15,40,42,1980,-0.22086305214969307,0.22086305214969307
CNF,Team 16,40,42,1980,-0.22086305214969307,0.22086305214969307
CNF,Team 17,43,39,1980,0.44172610429938614,0.44172610429938614
CNF,Team 18,41,41,1980,0.0,0.0
CNF,Team 19,44,38,1980,0.6625891564490792,0.6625891564490792
CNF,Team 20,50,32,1980,1.9877674693472376,1.9877674693472376
CNF,Team 21,44,38,1980,0.6625891564490792,0.6625891564490792
CNF,Team 22,36,46,1980,-1.1043152607484654,1.1043152607484654
CNF,Team 23,38,44,1980,-0.6625891564490792,0.6625891564490792
CNF,Team 24,42,40,1980,0.22086305214969307,0.22086305214969307
CNF,Team 25,38,44,1980,-0.6625891564490792,0.6625891564490792
CNF,Team 26,41,41,1980,0.0,0.0
CNF,Team 27,38,44,1980,-0.6625891564490792,0.6625891564490792
CNF,Team 28,38,44,1980,-0.6625891564490792,0.6625891564490792
CNF,Team 29,50,32,1980,1.9877674693472376,1.9877674693472376
CNF,Team 30,43,39,1980,0.44172610429938614,0.44172610429938614
CNF,Team 1,49,33,1981,1.7669044171975445,1.7669044171975445
CNF,Team 2,41,41,1981,0.0,0.0
CNF,Team 3,43,39,1981,0.44172610429938614,0.44172610429938614
CNF,Team 4,34,48,1981,-1.5460413650478515,1.5460413650478515
CNF,Team 5,41,41,1981,0.0,0.0
CNF,Team 6,45,37,1981,0.8834522085987723,0.8834522085987723
CNF,Team 7,27,55,1981,-3.092082730095703,3.092082730095703
CNF,Team 8,32,50,1981,-1.9877674693472376,1.9877674693472376
CNF,Team 9,41,41,1981,0.0,0.0
CNF,Team 10,39,43,1981,-0.44172610429938614,0.44172610429938614
CNF,Team 11,46,36,1981,1.1043152607484654,1.1043152607484654
CNF,Team 12,40,42,1981,-0.22086305214969307,0.22086305214969307
CNF,Team 13,37,45,1981,-0.8834522085987723,0.8834522085987723
CNF,Team 14,43,39,1981,0.44172610429938614,0.44172610429938614
CNF,Team 15,48,34,1981,1.5460413650478515,1.5460413650478515
CNF,Team 16,45,37,1981,0.8834522085987723,0.8834522085987723
CNF,Team 17,41,41,1981,0.0,0.0
CNF,Team 18,50,32,1981,1.9877674693472376,1.9877674693472376
CNF,Team 19,32,50,1981,-1.9877674693472376,1.9877674693472376
CNF,Team 20,36,46,1981,-1.1043152607484654,1.1043152607484654
CNF,Team 21,41,41,1981,0.0,0.0
CNF,Team 22,40,42,1981,-0.22086305214969307,0.22086305214969307
CNF,Team 23,45,37,1981,0.8834522085987723,0.8834522085987723
CNF,Team 24,37,45,1981,-0.8834522085987723,0.8834522085987723
CNF,Team 25,43,39,1981,0.44172610429938614,0.44172610429938614
CNF,Team 26,40,42,1981,-0.22086305214969307,0.22086305214969307
CNF,Team 27,37,45,1981,-0.8834522085987723,0.8834522085987723
CNF,Team 28,41,41,1981,0.0,0.0
CNF,Team 29,40,42,1981,-0.22086305214969307,0.22086305214969307
CNF,Team 30,36,46,1981,-1.1043152607484654,1.1043152607484654
CNF,Team 1,42,40,1982,0.22086305214969307,0.22086305214969307
CNF,Team 2,44,38,1982,0.6625891564490792,0.6625891564490792
CNF,Team 3,46,36,1982,1.1043152607484654,1.1043152607484654
CNF,Team 4,44,38,1982,0.6625891564490792,0.6625891564490792
CNF,Team 5,42,40,1982,0.22086305214969307,0.22086305214969307
CNF,Team 6,41,41,1982,0.0,0.0
CNF,Team 7,41,41,1982,0.0,0.0
CNF,Team 8,45,37,1982,0.8834522085987723,0.8834522085987723
CNF,Team 9,41,41,1982,0.0,0.0
CNF,Team 10,37,45,1982,-0.8834522085987723,0.8834522085987723
CNF,Team 11,38,44,1982,-0.6625891564490792,0.6625891564490792
CNF,Team 12,38,44,1982,-0.6625891564490792,0.6625891564490792
CNF,Team 13,43,39,1982,0.44172610429938614,0.44172610429938614
CNF,Team 14,39,43,1982,-0.44172610429938614,0.44172610429938614
CNF,Team 15,47,35,1982,1.3251783128981585,1.3251783128981585
CNF,Team 16,38,44,1982,-0.6625891564490792,0.6625891564490792
CNF,Team 17,43,39,1982,0.44172610429938614,0.44172610429938614
CNF,Team 18,35,47,1982,-1.3251783128981585,1.3251783128981585
CNF,Team 19,49,33,1982,1.7669044171975445,1.7669044171975445
CNF,Team 20,41,41,1982,0.0,0.0
CNF,Team 21,43,39,1982,0.44172610429938614,0.44172610429938614
CNF,Team 22,42,40,1982,0.22086305214969307,0.22086305214969307
CNF,Team 23,43,39,1982,0.44172610429938614,0.44172610429938614
CNF,Team 24,39,43,1982,-0.44172610429938614,0.44172610429938614
CNF,Team 25,46,36,1982,1.1043152607484654,1.1043152607484654
CNF,Team 26,42,40,1982,0.22086305214969307,0.22086305214969307
CNF,Team 27,40,42,1982,-0.22086305214969307,0.22086305214969307
CNF,Team 28,40,42,1982,-0.22086305214969307,0.22086305214969307
CNF,Team 29,38,44,1982,-0.6625891564490792,0.6625891564490792
CNF,Team 30,41,41,1982,0.0,0.0
CNF,Team 1,48,34,1983,1.5460413650478515,1.5460413650478515
CNF,Team 2,44,38,1983,0.6625891564490792,0.6625891564490792
CNF,Team 3,40,42,1983,-0.22086305214969307,0.22086305214969307
CNF,Team 4,40,42,1983,-0.22086305214969307,0.22086305214969307
CNF,Team 5,35,47,1983,-1.3251783128981585,1.3251783128981585
CNF,Team 6,39,43,1983,-0.44172610429938614,0.44172610429938614
CNF,Team 7,32,50,1983,-1.9877674693472376,1.9877674693472376
CNF,Team 8,47,35,1983,1.3251783128981585,1.3251783128981585
CNF,Team 9,47,35,1983,1.3251783128981585,1.3251783128981585
CNF,Team 10,38,44,1983,-0.6625891564490792,0.6625891564490792
CNF,Team 11,48,34,1983,1.5460413650478515,1.5460413650478515
CNF,Team 12,46,36,1983,1.1043152607484654,1.1043152607484654
CNF,Team 13,46,36,1983,1.1043152607484654,1.1043152607484654
CNF,Team 14,42,40,1983,0.22086305214969307,0.22086305214969307
CNF,Team 15,45,37,1983,0.8834522085987723,0.8834522085987723
CNF,Team 16,42,40,1983,0.22086305214969307,0.22086305214969307
CNF,Team 17,42,40,1983,0.22086305214969307,0.22086305214969307
CNF,Team 18,39,43,1983,-0.44172610429938614,0.44172610429938614
CNF,Team 19,39,43,1983,-0.44172610429938614,0.44172610429938614
CNF,Team 20,45,37,1983,0.8834522085987723,0.8834522085987723
CNF,Team 21,39,43,1983,-0.44172610429938614,0.44172610429938614
CNF,Team 22,42,40,1983,0.22086305214969307,0.22086305214969307
CNF,Team 23,40,42,1983,-0.22086305214969307,0.22086305214969307
CNF,Team 24,39,43,1983,-0.44172610429938614,0.44172610429938614
CNF,Team 25,42,40,1983,0.22086305214969307,0.22086305214969307
CNF,Team 26,43,39,1983,0.44172610429938614,0.44172610429938614
CNF,Team 27,42,40,1983,0.22086305214969307,0.22086305214969307
CNF,Team 28,45,37,1983,0.8834522085987723,0.8834522085987723
CNF,Team 29,43,39,1983,0.44172610429938614,0.44172610429938614
CNF,Team 30,42,40,1983,0.22086305214969307,0.22086305214969307
CNF,Team 1,46,36,1984,1.1043152607484654,1.1043152607484654
CNF,Team 2,35,47,1984,-1.3251783128981585,1.3251783128981585
CNF,Team 3,43,39,1984,0.44172610429938614,0.44172610429938614
CNF,Team 4,35,47,1984,-1.3251783128981585,1.3251783128981585
CNF,Team 5,42,40,1984,0.22086305214969307,0.22086305214969307
CNF,Team 6,37,45,1984,-0.8834522085987723,0.8834522085987723
CNF,Team 7,41,41,1984,0.0,0.0
CNF,Team 8,39,43,1984,-0.44172610429938614,0.44172610429938614
CNF,Team 9,34,48,1984,-1.5460413650478515,1.5460413650478515
CNF,Team 10,38,44,1984,-0.6625891564490792,0.6625891564490792
CNF,Team 11,45,37,1984,0.8834522085987723,0.8834522085987723
CNF,Team 12,37,45,1984,-0.8834522085987723,0.8834522085987723
CNF,Team 13,40,42,1984,-0.22086305214969307,0.22086305214969307
CNF,Team 14,46,36,1984,1.1043152607484654,1.1043152607484654
CNF,Team 15,35,47,1984,-1.3251783128981585,1.3251783128981585
CNF,Team 16,38,44,1984,-0.6625891564490792,0.6625891564490792
CNF,Team 17,40,42,1984,-0.22086305214969307,0.22086305214969307
CNF,Team 18,41,41,1984,0.0,0.0
CNF,Team 19,37,45,1984,-0.8834522085987723,0.8834522085987723
CNF,Team 20,32,50,1984,-1.9877674693472376,1.9877674693472376
CNF,Team 21,39,43,1984,-0.44172610429938614,0.44172610429938614
CNF,Team 22,47,35,1984,1.3251783128981585,1.3251783128981585
CNF,Team 23,42,40,1984,0.22086305214969307,0.22086305214969307
CNF,Team 24,43,39,1984,0.44172610429938614,0.44172610429938614
CNF,Team 25,40,42,1984,-0.22086305214969307,0.22086305214969307
CNF,Team 26,40,42,1984,-0.22086305214969307,0.22086305214969307
CNF,Team 27,36,46,1984,-1.1043152607484654,1.1043152607484654
CNF,Team 28,37,45,1984,-0.8834522085987723,0.8834522085987723
CNF,Team 29,41,41,1984,0.0,0.0
CNF,Team 30,37,45,1984,-0.8834522085987723,0.8834522085987723
CNF,Team 1,43,39,1985,0.44172610429938614,0.44172610429938614
CNF,Team 2,39,43,1985,-0.44172610429938614,0.44172610429938614
CNF,Team 3,46,36,1985,1.1043152607484654,1.1043152607484654
CNF,Team 4,41,41,1985,0.0,0.0
CNF,Team 5,45,37,1985,0.8834522085987723,0.8834522085987723
CNF,Team 6,33,49,1985,-1.7669044171975445,1.7669044171975445
CNF,Team 7,39,43,1985,-0.44172610429938614,0.44172610429938614
CNF,Team 8,36,46,1985,-1.1043152607484654,1.1043152607484654
CNF,Team 9,41,41,1985,0.0,0.0
CNF,Team 10,38,44,1985,-0.6625891564490792,0.6625891564490792
CNF,Team 11,45,37,1985,0.8834522085987723,0.8834522085987723
CNF,Team 12,33,49,1985,-1.7669044171975445,1.7669044171975445
CNF,Team 13,41,41,1985,0.0,0.0
CNF,Team 14,43,39,1985,0.44172610429938614,0.44172610429938614
CNF,Team 15,50,32,1985,1.9877674693472376,1.9877674693472376
CNF,Team 16,45,37,1985,0.8834522085987723,0.8834522085987723
CNF,Team 17,43,39,1985,0.44172610429938614,0.44172610429938614
CNF,Team 18,35,47,1985,-1.3251783128981585,1.3251783128981585
CNF,Team 19,41,41,1985,0.0,0.0
CNF,Team 20,44,38,1985,0.6625891564490792,0.6625891564490792
CNF,Team 21,42,40,1985,0.22086305214969307,0.22086305214969307
CNF,Team 22,46,36,1985,1.1043152607484654,1.1043152607484654
CNF,Team 23,35,47,1985,-1.3251783128981585,1.3251783128981585
CNF,Team 24,42,40,1985,0.22086305214969307,0.22086305214969307
CNF,Team 25,45,37,1985,0.8834522085987723,0.8834522085987723
CNF,Team 26,42,40,1985,0.22086305214969307,0.22086305214969307
CNF,Team 27,39,43,1985,-0.44172610429938614,0.44172610429938614
CNF,Team 28,38,44,1985,-0.6625891564490792,0.6625891564490792
CNF,Team 29,42,40,1985,0.22086305214969307,0.22086305214969307
CNF,Team 30,42,40,1985,0.22086305214969307,0.22086305214969307
CNF,Team 1,31,51,1986,-2.208630521496931,2.208630521496931
CNF,Team 2,39,43,1986,-0.44172610429938614,0.44172610429938614
CNF,Team 3,36,46,1986,-1.1043152607484654,1.1043152607484654
CNF,Team 4,52,30,1986,2.429493573646624,2.429493573646624
CNF,Team 5,41,41,1986,0.0,0.0
CNF,Team 6,35,47,1986,-1.3251783128981585,1.3251783128981585
CNF,Team 7,38,44,1986,-0.6625891564490792,0.6625891564490792
CNF,Team 8,46,36,1986,1.1043152607484654,1.1043152607484654
CNF,Team 9,48,34,1986,1.5460413650478515,1.5460413650478515
CNF,Team 10,43,39,1986,0.44172610429938614,0.44172610429938614
CNF,Team 11,41,41,1986,0.0,0.0
CNF,Team 12,47,35,1986,1.3251783128981585,1.3251783128981585
CNF,Team 13,39,43,1986,-0.44172610429938614,0.44172610429938614
CNF,Team 14,40,42,1986,-0.22086305214969307,0.22086305214969307
CNF,Team 15,51,31,1986,2.208630521496931,2.208630521496931
CNF,Team 16,34,48,1986,-1.5460413650478515,1.5460413650478515
CNF,Team 17,42,40,1986,0.22086305214969307,0.22086305214969307
CNF,Team 18,37,45,1986,-0.8834522085987723,0.8834522085987723
CNF,Team 19,38,44,1986,-0.6625891564490792,0.6625891564490792
CNF,Team 20,43,39,1986,0.44172610429938614,0.44172610429938614
CNF,Team 21,42,40,1986,0.22086305214969307,0.22086305214969307
CNF,Team 22,40,42,1986,-0.22086305214969307,0.22086305214969307
CNF,Team 23,45,37,1986,0.8834522085987723,0.8834522085987723
CNF,Team 24,38,44,1986,-0.6625891564490792,0.6625891564490792
CNF,Team 25,42,40,1986,0.22086305214969307,0.22086305214969307
CNF,Team 26,44,38,1986,0.6625891564490792,0.6625891564490792
CNF,Team 27,37,45,1986,-0.8834522085987723,0.8834522085987723
CNF,Team 28,48,34,1986,1.5460413650478515,1.5460413650478515
CNF,Team 29,44,38,1986,0.6625891564490792,0.6625891564490792
CNF,Team 30,43,39,1986,0.44172610429938614,0.44172610429938614
CNF,Team 1,40,42,1987,-0.22086305214969307,0.22086305214969307
CNF,Team 2,38,44,1987,-0.6625891564490792,0.6625891564490792
CNF,Team 3,45,37,1987,0.8834522085987723,0.8834522085987723
CNF,Team 4,48,34,1987,1.5460413650478515,1.5460413650478515
CNF,Team 5,41,41,1987,0.0,0.0
CNF,Team 6,42,40,1987,0.22086305214969307,0.22086305214969307
CNF,Team 7,43,39,1987,0.44172610429938614,0.44172610429938614
CNF,Team 8,33,49,1987,-1.7669044171975445,1.7669044171975445
CNF,Team 9,36,46,1987,-1.1043152607484654,1.1043152607484654
CNF,Team 10,41,41,1987,0.0,0.0
CNF,Team 11,47,35,1987,1.3251783128981585,1.3251783128981585
CNF,Team 12,38,44,1987,-0.6625891564490792,0.6625891564490792
CNF,Team 13,43,39,1987,0.44172610429938614,0.44172610429938614
CNF,Team 14,33,49,1987,-1.7669044171975445,1.7669044171975445
CNF,Team 15,39,43,1987,-0.44172610429938614,0.44172610429938614
CNF,Team 16,43,39,1987,0.44172610429938614,0.44172610429938614
CNF,Team 17,42,40,1987,0.22086305214969307,0.22086305214969307
CNF,Team 18,33,49,1987,-1.7669044171975445,1.7669044171975445
CNF,Team 19,37,45,1987,-0.8834522085987723,0.8834522085987723
CNF,Team 20,38,44,1987,-0.6625891564490792,0.6625891564490792
CNF,Team 21,48,34,1987,1.5460413650478515,1.5460413650478515
CNF,Team 22,49,33,1987,1.7669044171975445,1.7669044171975445
CNF,Team 23,47,35,1987,1.3251783128981585,1.3251783128981585
CNF,Team 24,33,49,1987,-1.7669044171975445,1.7669044171975445
CNF,Team 25,40,42,1987,-0.22086305214969307,0.22086305214969307
CNF,Team 26,35,47,1987,-1.3251783128981585,1.3251783128981585
CNF,Team 27,44,38,1987,0.6625891564490792,0.6625891564490792
CNF,Team 28,42,40,1987,0.22086305214969307,0.22086305214969307
CNF,Team 29,46,36,1987,1.1043152607484654,1.1043152607484654
CNF,Team 30,53,29,1987,2.650356625796317,2.650356625796317
CNF,Team 1,29,53,1988,-2.650356625796317,2.650356625796317
CNF,Team 2,41,41,1988,0.0,0.0
CNF,Team 3,44,38,1988,0.6625891564490792,0.6625891564490792
CNF,Team 4,44,38,1988,0.6625891564490792,0.6625891564490792
CNF,Team 5,41,41,1988,0.0,0.0
CNF,Team 6,42,40,1988,0.22086305214969307,0.22086305214969307
CNF,Team 7,50,32,1988,1.9877674693472376,1.9877674693472376
CNF,Team 8,43,39,1988,0.44172610429938614,0.44172610429938614
CNF,Team 9,46,36,1988,1.1043152607484654,1.1043152607484654
CNF,Team 10,43,39,1988,0.44172610429938614,0.44172610429938614
CNF,Team 11,46,36,1988,1.1043152607484654,1.1043152607484654
CNF,Team 12,47,35,1988,1.3251783128981585,1.3251783128981585
CNF,Team 13,39,43,1988,-0.44172610429938614,0.44172610429938614
CNF,Team 14,50,32,1988,1.9877674693472376,1.9877674693472376
CNF,Team 15,47,35,1988,1.3251783128981585,1.3251783128981585
CNF,Team 16,32,50,1988,-1.9877674693472376,1.9877674693472376
CNF,Team 17,44,38,1988,0.6625891564490792,0.6625891564490792
CNF,Team 18,37,45,1988,-0.8834522085987723,0.8834522085987723
CNF,Team 19,39,43,1988,-0.44172610429938614,0.44172610429938614
CNF,Team 20,45,37,1988,0.8834522085987723,0.8834522085987723
CNF,Team 21,40,42,1988,-0.22086305214969307,0.22086305214969307
CNF,Team 22,36,46,1988,-1.1043152607484654,1.1043152607484654
CNF,Team 23,38,44,1988,-0.6625891564490792,0.6625891564490792
CNF,Team 24,38,44,1988,-0.6625891564490792,0.6625891564490792
CNF,Team 25,42,40,1988,0.22086305214969307,0.22086305214969307
CNF,Team 26,43,39,1988,0.44172610429938614,0.44172610429938614
CNF,Team 27,41,41,1988,0.0,0.0
CNF,Team 28,42,40,1988,0.22086305214969307,0.22086305214969307
CNF,Team 29,39,43,1988,-0.44172610429938614,0.44172610429938614
CNF,Team 30,32,50,1988,-1.9877674693472376,1.9877674693472376
CNF,Team 1,36,46,1989,-1.1043152607484654,1.1043152607484654
CNF,Team 2,41,41,1989,0.0,0.0
CNF,Team 3,40,42,1989,-0.22086305214969307,0.22086305214969307
CNF,Team 4,49,33,1989,1.7669044171975445,1.7669044171975445
CNF,Team 5,49,33,1989,1.7669044171975445,1.7669044171975445
CNF,Team 6,42,40,1989,0.22086305214969307,0.22086305214969307
CNF,Team 7,37,45,1989,-0.8834522085987723,0.8834522085987723
CNF,Team 8,45,37,1989,0.8834522085987723,0.8834522085987723
CNF,Team 9,35,47,1989,-1.3251783128981585,1.3251783128981585
CNF,Team 10,45,37,1989,0.8834522085987723,0.8834522085987723
CNF,Team 11,37,45,1989,-0.8834522085987723,0.8834522085987723
CNF,Team 12,38,44,1989,-0.6625891564490792,0.6625891564490792
CNF,Team 13,44,38,1989,0.6625891564490792,0.6625891564490792
CNF,Team 14,37,45,1989,-0.8834522085987723,0.8834522085987723
CNF,Team 15,47,35,1989,1.3251783128981585,1.3251783128981585
CNF,Team 16,44,38,1989,0.6625891564490792,0.6625891564490792
CNF,Team 17,48,34,1989,1.5460413650478515,1.5460413650478515
CNF,Team 18,36,46,1989,-1.1043152607484654,1.1043152607484654
CNF,Team 19,39,43,1989,-0.44172610429938614,0.44172610429938614
CNF,Team 20,42,40,1989,0.22086305214969307,0.22086305214969307
CNF,Team 21,43,39,1989,0.44172610429938614,0.44172610429938614
CNF,Team 22,47,35,1989,1.3251783128981585,1.3251783128981585
CNF,Team 23,44,38,1989,0.6625891564490792,0.6625891564490792
CNF,Team 24,37,45,1989,-0.8834522085987723,0.8834522085987723
CNF,Team 25,41,41,1989,0.0,0.0
CNF,Team 26,41,41,1989,0.0,0.0
CNF,Team 27,40,42,1989,-0.22086305214969307,0.22086305214969307
CNF,Team 28,44,38,1989,0.6625891564490792,0.6625891564490792
CNF,Team 29,30,52,1989,-2.429493573646624,2.429493573646624
CNF,Team 30,43,39,1989,0.44172610429938614,0.44172610429938614
CNF,Team 1,40,42,1990,-0.22086305214969307,0.22086305214969307
CNF,Team 2,41,41,1990,0.0,0.0
CNF,Team 3,43,39,1990,0.44172610429938614,0.44172610429938614
CNF,Team 4,45,37,1990,0.8834522085987723,0.8834522085987723
CNF,Team 5,39,43,1990,-0.44172610429938614,0.44172610429938614
CNF,Team 6,45,37,1990,0.8834522085987723,0.8834522085987723
CNF,Team 7,47,35,1990,1.3251783128981585,1.3251783128981585
CNF,Team 8,35,47,1990,-1.3251783128981585,1.3251783128981585
CNF,Team 9,42,40,1990,0.22086305214969307,0.22086305214969307
CNF,Team 10,35,47,1990,-1.3251783128981585,1.3251783128981585
CNF,Team 11,43,39,1990,0.44172610429938614,0.44172610429938614
CNF,Team 12,43,39,1990,0.44172610429938614,0.44172610429938614
CNF,Team 13,41,41,1990,0.0,0.0
CNF,Team 14,41,41,1990,0.0,0.0
CNF,Team 15,41,41,1990,0.0,0.0
CNF,Team 16,40,42,1990,-0.22086305214969307,0.22086305214969307
CNF,Team 17,37,45,1990,-0.8834522085987723,0.8834522085987723
CNF,Team 18,37,45,1990,-0.8834522085987723,0.8834522085987723
CNF,Team 19,43,39,1990,0.44172610429938614,0.44172610429938614
CNF,Team 20,41,41,1990,0.0,0.0
CNF,Team 21,50,32,1990,1.9877674693472376,1.9877674693472376
CNF,Team 22,44,38,1990,0.6625891564490792,0.6625891564490792
CNF,Team 23,34,48,1990,-1.5460413650478515,1.5460413650478515
CNF,Team 24,39,43,1990,-0.44172610429938614,0.44172610429938614
CNF,Team 25,39,43,1990,-0.44172610429938614,0.44172610429938614
CNF,Team 26,38,44,1990,-0.6625891564490792,0.6625891564490792
CNF,Team 27,37,45,1990,-0.8834522085987723,0.8834522085987723
CNF,Team 28,34,48,1990,-1.5460413650478515,1.5460413650478515
CNF,Team 29,41,41,1990,0.0,0.0
CNF,Team 30,37,45,1990,-0.8834522085987723,0.8834522085987723
CNF,Team 1,38,44,1991,-0.6625891564490792,0.6625891564490792
CNF,Team 2,44,38,1991,0.6625891564490792,0.6625891564490792
CNF,Team 3,40,42,1991,-0.22086305214969307,0.22086305214969307
CNF,Team 4,40,42,1991,-0.22086305214969307,0.22086305214969307
CNF,Team 5,40,42,1991,-0.22086305214969307,0.22086305214969307
CNF,Team 6,46,36,1991,1.1043152607484654,1.1043152607484654
CNF,Team 7,37,45,1991,-0.8834522085987723,0.8834522085987723
CNF,Team 8,47,35,1991,1.3251783128981585,1.3251783128981585
CNF,Team 9,40,42,1991,-0.22086305214969307,0.22086305214969307
CNF,Team 10,38,44,1991,-0.6625891564490792,0.6625891564490792
CNF,Team 11,35,47,1991,-1.3251783128981585,1.3251783128981585
CNF,Team 12,42,40,1991,0.22086305214969307,0.22086305214969307
CNF,Team 13,36,46,1991,-1.1043152607484654,1.1043152607484654
CNF,Team 14,43,39,1991,0.44172610429938614,0.44172610429938614
CNF,Team 15,39,43,1991,-0.44172610429938614,0.44172610429938614
CNF,Team 16,36,46,1991,-1.1043152607484654,1.1043152607484654
CNF,Team 17,39,43,1991,-0.44172610429938614,0.44172610429938614
CNF,Team 18,37,45,1991,-0.8834522085987723,0.8834522085987723
CNF,Team 19,36,46,1991,-1.1043152607484654,1.1043152607484654
CNF,Team 20,49,33,1991,1.7669044171975445,1.7669044171975445
CNF,Team 21,45,37,1991,0.8834522085987723,0.8834522085987723
CNF,Team 22,41,41,1991,0.0,0.0
CNF,Team 23,42,40,1991,0.22086305214969307,0.22086305214969307
CNF,Team 24,52,30,1991,2.429493573646624,2.429493573646624
CNF,Team 25,46,36,1991,1.1043152607484654,1.1043152607484654
CNF,Team 26,38,44,1991,-0.6625891564490792,0.6625891564490792
CNF,Team 27,44,38,1991,0.6625891564490792,0.6625891564490792
CNF,Team 28,37,45,1991,-0.8834522085987723,0.8834522085987723
CNF,Team 29,43,39,1991,0.44172610429938614,0.44172610429938614
CNF,Team 30,48,34,1991,1.5460413650478515,1.5460413650478515
CNF,Team 1,43,39,1992,0.44172610429938614,0.44172610429938614
CNF,Team 2,37,45,1992,-0.8834522085987723,0.8834522085987723
CNF,Team 3,31,51,1992,-2.208630521496931,2.208630521496931
CNF,Team 4,33,49,1992,-1.7669044171975445,1.7669044171975445
CNF,Team 5,36,46,1992,-1.1043152607484654,1.1043152607484654
CNF,Team 6,39,43,1992,-0.44172610429938614,0.44172610429938614
CNF,Team 7,40,42,1992,-0.22086305214969307,0.22086305214969307
CNF,Team 8,38,44,1992,-0.6625891564490792,0.6625891564490792
CNF,Team 9,43,39,1992,0.44172610429938614,0.44172610429938614
CNF,Team 10,49,33,1992,1.7669044171975445,1.7669044171975445
CNF,Team 11,43,39,1992,0.44172610429938614,0.44172610429938614
CNF,Team 12,44,38,1992,0.6625891564490792,0.6625891564490792
CNF,Team 13,43,39,1992,0.44172610429938614,0.44172610429938614
CNF,Team 14,34,48,1992,-1.5460413650478515,1.5460413650478515
CNF,Team 15,38,44,1992,-0.6625891564490792,0.6625891564490792
CNF,Team 16,34,48,1992,-1.5460413650478515,1.5460413650478515
CNF,Team 17,37,45,1992,-0.8834522085987723,0.8834522085987723
CNF,Team 18,43,39,1992,0.44172610429938614,0.44172610429938614
CNF,Team 19,37,45,1992,-0.8834522085987723,0.8834522085987723
CNF,Team 20,37,45,1992,-0.8834522085987723,0.8834522085987723
CNF,Team 21,45,37,1992,0.8834522085987723,0.8834522085987723
CNF,Team 22,44,38,1992,0.6625891564490792,0.6625891564490792
CNF,Team 23,32,50,1992,-1.9877674693472376,1.9877674693472376
CNF,Team 24,45,37,1992,0.8834522085987723,0.8834522085987723
CNF,Team 25,42,40,1992,0.22086305214969307,0.22086305214969307
CNF,Team 26,46,36,1992,1.1043152607484654,1.1043152607484654
CNF,Team 27,43,39,1992,0.44172610429938614,0.44172610429938614
CNF,Team 28,46,36,1992,1.1043152607484654,1.1043152607484654
CNF,Team 29,41,41,1992,0.0,0.0
CNF,Team 30,44,38,1992,0.6625891564490792,0.6625891564490792
CNF,Team 1,45,37,1993,0.8834522085987723,0.8834522085987723
CNF,Team 2,38,44,1993,-0.6625891564490792,0.6625891564490792
CNF,Team 3,42,40,1993,0.22086305214969307,0.22086305214969307
CNF,Team 4,44,38,1993,0.6625891564490792,0.6625891564490792
CNF,Team 5,37,45,1993,-0.8834522085987723,0.8834522085987723
CNF,Team 6,45,37,1993,0.8834522085987723,0.8834522085987723
CNF,Team 7,39,43,1993,-0.44172610429938614,0.44172610429938614
CNF,Team 8,39,43,1993,-0.44172610429938614,0.44172610429938614
CNF,Team 9,44,38,1993,0.6625891564490792,0.6625891564490792
CNF,Team 10,45,37,1993,0.8834522085987723,0.8834522085987723
CNF,Team 11,40,42,1993,-0.22086305214969307,0.22086305214969307
CNF,Team 12,48,34,1993,1.5460413650478515,1.5460413650478515
CNF,Team 13,35,47,1993,-1.3251783128981585,1.3251783128981585
CNF,Team 14,47,35,1993,1.3251783128981585,1.3251783128981585
CNF,Team 15,41,41,1993,0.0,0.0
CNF,Team 16,35,47,1993,-1.3251783128981585,1.3251783128981585
CNF,Team 17,45,37,1993,0.8834522085987723,0.8834522085987723
CNF,Team 18,42,40,1993,0.22086305214969307,0.22086305214969307
CNF,Team 19,41,41,1993,0.0,0.0
CNF,Team 20,42,40,1993,0.22086305214969307,0.22086305214969307
CNF,Team 21,42,40,1993,0.22086305214969307,0.22086305214969307
CNF,Team 22,40,42,1993,-0.22086305214969307,0.22086305214969307
CNF,Team 23,36,46,1993,-1.1043152607484654,1.1043152607484654
CNF,Team 24,39,43,1993,-0.44172610429938614,0.44172610429938614
CNF,Team 25,41,41,1993,0.0,0.0
CNF,Team 26,42,40,1993,0.22086305214969307,0.22086305214969307
CNF,Team 27,39,43,1993,-0.44172610429938614,0.44172610429938614
CNF,Team 28,38,44,1993,-0.6625891564490792,0.6625891564490792
CNF,Team 29,37,45,1993,-0.8834522085987723,0.8834522085987723
CNF,Team 30,48,34,1993,1.5460413650478515,1.5460413650478515
CNF,Team 1,40,42,1994,-0.22086305214969307,0.22086305214969307
CNF,Team 2,37,45,1994,-0.8834522085987723,0.8834522085987723
CNF,Team 3,42,40,1994,0.22086305214969307,0.22086305214969307
CNF,Team 4,34,48,1994,-1.5460413650478515,1.5460413650478515
CNF,Team 5,39,43,1994,-0.44172610429938614,0.44172610429938614
CNF,Team 6,45,37,1994,0.8834522085987723,0.8834522085987723
CNF,Team 7,40,42,1994,-0.22086305214969307,0.22086305214969307
CNF,Team 8,39,43,1994,-0.44172610429938614,0.44172610429938614
CNF,Team 9,48,34,1994,1.5460413650478515,1.5460413650478515
CNF,Team 10,41,41,1994,0.0,0.0
CNF,Team 11,51,31,1994,2.208630521496931,2.208630521496931
CNF,Team 12,51,31,1994,2.208630521496931,2.208630521496931
CNF,Team 13,41,41,1994,0.0,0.0
CNF,Team 14,42,40,1994,0.22086305214969307,0.22086305214969307
CNF,Team 15,41,41,1994,0.0,0.0
CNF,Team 16,49,33,1994,1.7669044171975445,1.7669044171975445
CNF,Team 17,42,40,1994,0.22086305214969307,0.22086305214969307
CNF,Team 18,38,44,1994,-0.6625891564490792,0.6625891564490792
CNF,Team 19,37,45,1994,-0.8834522085987723,0.8834522085987723
CNF,Team 20,43,39,1994,0.44172610429938614,0.44172610429938614
CNF,Team 21,41,41,1994,0.0,0.0
CNF,Team 22,43,39,1994,0.44172610429938614,0.44172610429938614
CNF,Team 23,42,40,1994,0.22086305214969307,0.22086305214969307
CNF,Team 24,26,56,1994,-3.312945782245396,3.312945782245396
CNF,Team 25,41,41,1994,0.0,0.0
CNF,Team 26,36,46,1994,-1.1043152607484654,1.1043152607484654
CNF,Team 27,48,34,1994,1.5460413650478515,1.5460413650478515
CNF,Team 28,36,46,1994,-1.1043152607484654,1.1043152607484654
CNF,Team 29,47,35,1994,1.3251783128981585,1.3251783128981585
CNF,Team 30,35,47,1994,-1.3251783128981585,1.3251783128981585
CNF,Team 1,40,42,1995,-0.22086305214969307,0.22086305214969307
CNF,Team 2,36,46,1995,-1.1043152607484654,1.1043152607484654
CNF,Team 3,36,46,1995,-1.1043152607484654,1.1043152607484654
CNF,Team 4,35,47,1995,-1.3251783128981585,1.3251783128981585
CNF,Team 5,39,43,1995,-0.44172610429938614,0.44172610429938614
CNF,Team 6,42,40,1995,0.22086305214969307,0.22086305214969307
CNF,Team 7,41,41,1995,0.0,0.0
CNF,Team 8,44,38,1995,0.6625891564490792,0.6625891564490792
CNF,Team 9,37,45,1995,-0.8834522085987723,0.8834522085987723
CNF,Team 10,47,35,1995,1.3251783128981585,1.3251783128981585
CNF,Team 11,41,41,1995,0.0,0.0
CNF,Team 12,41,41,1995,0.0,0.0
CNF,Team 13,37,45,1995,-0.8834522085987723,0.8834522085987723
CNF,Team 14,43,39,1995,0.44172610429938614,0.44172610429938614
CNF,Team 15,31,51,1995,-2.208630521496931,2.208630521496931
CNF,Team 16,38,44,1995,-0.6625891564490792,0.6625891564490792
CNF,Team 17,47,35,1995,1.3251783128981585,1.3251783128981585
CNF,Team 18,44,38,1995,0.6625891564490792,0.6625891564490792
CNF,Team 19,39,43,1995,-0.44172610429938614,0.44172610429938614
CNF,Team 20,41,41,1995,0.0,0.0
CNF,Team 21,40,42,1995,-0.22086305214969307,0.22086305214969307
CNF,Team 22,38,44,1995,-0.6625891564490792,0.6625891564490792
CNF,Team 23,37,45,1995,-0.8834522085987723,0.8834522085987723
CNF,Team 24,43,39,1995,0.44172610429938614,0.44172610429938614
CNF,Team 25,47,35,1995,1.3251783128981585,1.3251783128981585
CNF,Team 26,45,37,1995,0.8834522085987723,0.8834522085987723
CNF,Team 27,39,43,1995,-0.44172610429938614,0.44172610429938614
CNF,Team 28,34,48,1995,-1.5460413650478515,1.5460413650478515
CNF,Team 29,34,48,1995,-1.5460413650478515,1.5460413650478515
CNF,Team 30,43,39,1995,0.44172610429938614,0.44172610429938614
CNF,Team 1,44,38,1996,0.6625891564490792,0.6625891564490792
CNF,Team 2,40,42,1996,-0.22086305214969307,0.22086305214969307
CNF,Team 3,38,44,1996,-0.6625891564490792,0.6625891564490792
CNF,Team 4,45,37,1996,0.8834522085987723,0.8834522085987723
CNF,Team 5,42,40,1996,0.22086305214969307,0.22086305214969307
CNF,Team 6,39,43,1996,-0.44172610429938614,0.44172610429938614
CNF,Team 7,43,39,1996,0.44172610429938614,0.44172610429938614
CNF,Team 8,47,35,1996,1.3251783128981585,1.3251783128981585
CNF,Team 9,37,45,1996,-0.8834522085987723,0.8834522085987723
CNF,Team 10,45,37,1996,0.8834522085987723,0.8834522085987723
CNF,Team 11,38,44,1996,-0.6625891564490792,0.6625891564490792
CNF,Team 12,38,44,1996,-0.6625891564490792,0.6625891564490792
CNF,Team 13,49,33,1996,1.7669044171975445,1.7669044171975445
CNF,Team 14,40,42,1996,-0.22086305214969307,0.22086305214969307
CNF,Team 15,40,42,1996,-0.22086305214969307,0.22086305214969307
CNF,Team 16,46,36,1996,1.1043152607484654,1.1043152607484654
CNF,Team 17,36,46,1996,-1.1043152607484654,1.1043152607484654
CNF,Team 18,42,40,1996,0.22086305214969307,0.22086305214969307
CNF,Team 19,48,34,1996,1.5460413650478515,1.5460413650478515
CNF,Team 20,34,48,1996,-1.5460413650478515,1.5460413650478515
CNF,Team 21,39,43,1996,-0.44172610429938614,0.44172610429938614
CNF,Team 22,39,43,1996,-0.44172610429938614,0.44172610429938614
CNF,Team 23,42,40,1996,0.22086305214969307,0.22086305214969307
CNF,Team 24,34,48,1996,-1.5460413650478515,1.5460413650478515
CNF,Team 25,48,34,1996,1.5460413650478515,1.5460413650478515
CNF,Team 26,46,36,1996,1.1043152607484654,1.1043152607484654
CNF,Team 27,41,41,1996,0.0,0.0
CNF,Team 28,37,45,1996,-0.8834522085987723,0.8834522085987723
CNF,Team 29,41,41,1996,0.0,0.0
CNF,Team 30,35,47,1996,-1.3251783128981585,1.3251783128981585
CNF,Team 1,46,36,1997,1.1043152607484654,1.1043152607484654
CNF,Team 2,36,46,1997,-1.1043152607484654,1.1043152607484654
CNF,Team 3,40,42,1997,-0.22086305214969307,0.22086305214969307
CNF,Team 4,38,44,1997,-0.6625891564490792,0.6625891564490792
CNF,Team 5,41,41,1997,0.0,0.0
CNF,Team 6,42,40,1997,0.22086305214969307,0.22086305214969307
CNF,Team 7,45,37,1997,0.8834522085987723,0.8834522085987723
CNF,Team 8,45,37,1997,0.8834522085987723,0.8834522085987723
CNF,Team 9,49,33,1997,1.7669044171975445,1.7669044171975445
CNF,Team 10,32,50,1997,-1.9877674693472376,1.9877674693472376
CNF,Team 11,44,38,1997,0.6625891564490792,0.6625891564490792
CNF,Team 12,42,40,1997,0.22086305214969307,0.22086305214969307
CNF,Team 13,47,35,1997,1.3251783128981585,1.3251783128981585
CNF,Team 14,35,47,1997,-1.3251783128981585,1.3251783128981585
CNF,Team 15,42,40,1997,0.22086305214969307,0.22086305214969307
CNF,Team 16,46,36,1997,1.1043152607484654,1.1043152607484654
CNF,Team 17,48,34,1997,1.5460413650478515,1.5460413650478515
CNF,Team 18,41,41,1997,0.0,0.0
CNF,Team 19,49,33,1997,1.7669044171975445,1.7669044171975445
CNF,Team 20,41,41,1997,0.0,0.0
CNF,Team 21,28,54,1997,-2.87121967794601,2.87121967794601
CNF,Team 22,40,42,1997,-0.22086305214969307,0.22086305214969307
CNF,Team 23,36,46,1997,-1.1043152607484654,1.1043152607484654
CNF,Team 24,36,46,1997,-1.1043152607484654,1.1043152607484654
CNF,Team 25,38,44,1997,-0.6625891564490792,0.6625891564490792
CNF,Team 26,42,40,1997,0.22086305214969307,0.22086305214969307
CNF,Team 27,43,39,1997,0.44172610429938614,0.44172610429938614
CNF,Team 28,42,40,1997,0.22086305214969307,0.22086305214969307
CNF,Team 29,39,43,1997,-0.44172610429938614,0.44172610429938614
CNF,Team 30,39,43,1997,-0.44172610429938614,0.44172610429938614
CNF,Team 1,49,33,1998,1.7669044171975445,1.7669044171975445
CNF,Team 2,39,43,1998,-0.44172610429938614,0.44172610429938614
CNF,Team 3,43,39,1998,0.44172610429938614,0.44172610429938614
CNF,Team 4,37,45,1998,-0.8834522085987723,0.8834522085987723
CNF,Team 5,40,42,1998,-0.22086305214969307,0.22086305214969307
CNF,Team 6,45,37,1998,0.8834522085987723,0.8834522085987723
CNF,Team 7,42,40,1998,0.22086305214969307,0.22086305214969307
CNF,Team 8,31,51,1998,-2.208630521496931,2.208630521496931
CNF,Team 9,45,37,1998,0.8834522085987723,0.8834522085987723
CNF,Team 10,50,32,1998,1.9877674693472376,1.9877674693472376
CNF,Team 11,35,47,1998,-1.3251783128981585,1.3251783128981585
CNF,Team 12,33,49,1998,-1.7669044171975445,1.7669044171975445
CNF,Team 13,40,42,1998,-0.22086305214969307,0.22086305214969307
CNF,Team 14,45,37,1998,0.8834522085987723,0.8834522085987723
CNF,Team 15,42,40,1998,0.22086305214969307,0.22086305214969307
CNF,Team 16,41,41,1998,0.0,0.0
CNF,Team 17,40,42,1998,-0.22086305214969307,0.22086305214969307
CNF,Team 18,43,39,1998,0.44172610429938614,0.44172610429938614
CNF,Team 19,45,37,1998,0.8834522085987723,0.8834522085987723
CNF,Team 20,37,45,1998,-0.8834522085987723,0.8834522085987723
CNF,Team 21,39,43,1998,-0.44172610429938614,0.44172610429938614
CNF,Team 22,44,38,1998,0.6625891564490792,0.6625891564490792
CNF,Team 23,36,46,1998,-1.1043152607484654,1.1043152607484654
CNF,Team 24,37,45,1998,-0.8834522085987723,0.8834522085987723
CNF,Team 25,44,38,1998,0.6625891564490792,0.6625891564490792
CNF,Team 26,40,42,1998,-0.22086305214969307,0.22086305214969307
CNF,Team 27,41,41,1998,0.0,0.0
CNF,Team 28,36,46,1998,-1.1043152607484654,1.1043152607484654
CNF,Team 29,49,33,1998,1.7669044171975445,1.7669044171975445
CNF,Team 30,41,41,1998,0.0,0.0
CNF,Team 1,39,43,1999,-0.44172610429938614,0.44172610429938614
CNF,Team 2,38,44,1999,-0.6625891564490792,0.6625891564490792
CNF,Team 3,47,35,1999,1.3251783128981585,1.3251783128981585
CNF,Team 4,37,45,1999,-0.8834522085987723,0.8834522085987723
CNF,Team 5,39,43,1999,-0.44172610429938614,0.44172610429938614
CNF,Team 6,40,42,1999,-0.22086305214969307,0.22086305214969307
CNF,Team 7,42,40,1999,0.22086305214969307,0.22086305214969307
CNF,Team 8,41,41,1999,0.0,0.0
CNF,Team 9,48,34,1999,1.5460413650478515,1.5460413650478515
CNF,Team 10,37,45,1999,-0.8834522085987723,0.8834522085987723
CNF,Team 11,50,32,1999,1.9877674693472376,1.9877674693472376
CNF,Team 12,42,40,1999,0.22086305214969307,0.22086305214969307
CNF,Team 13,39,43,1999,-0.44172610429938614,0.44172610429938614
CNF,Team 14,35,47,1999,-1.3251783128981585,1.3251783128981585
CNF,Team 15,39,43,1999,-0.44172610429938614,0.44172610429938614
CNF,Team 16,37,45,1999,-0.8834522085987723,0.8834522085987723
CNF,Team 17,35,47,1999,-1.3251783128981585,1.3251783128981585
CNF,Team 18,41,41,1999,0.0,0.0
CNF,Team 19,43,39,1999,0.44172610429938614,0.44172610429938614
CNF,Team 20,36,46,1999,-1.1043152607484654,1.1043152607484654
CNF,Team 21,39,43,1999,-0.44172610429938614,0.44172610429938614
CNF,Team 22,50,32,1999,1.9877674693472376,1.9877674693472376
CNF,Team 23,39,43,1999,-0.44172610429938614,0.44172610429938614
CNF,Team 24,41,41,1999,0.0,0.0
CNF,Team 25,45,37,1999,0.8834522085987723,0.8834522085987723
CNF,Team 26,35,47,1999,-1.3251783128981585,1.3251783128981585
CNF,Team 27,35,47,1999,-1.3251783128981585,1.3251783128981585
CNF,Team 28,51,31,1999,2.208630521496931,2.208630521496931
CNF,Team 29,40,42,1999,-0.22086305214969307,0.22086305214969307
CNF,Team 30,42,40,1999,0.22086305214969307,0.22086305214969307
CNF,Team 1,45,37,2000,0.8834522085987723,0.8834522085987723
CNF,Team 2,42,40,2000,0.22086305214969307,0.22086305214969307
CNF,Team 3,41,41,2000,0.0,0.0
CNF,Team 4,44,38,2000,0.6625891564490792,0.6625891564490792
CNF,Team 5,41,41,2000,0.0,0.0
CNF,Team 6,46,36,2000,1.1043152607484654,1.1043152607484654
CNF,Team 7,38,44,2000,-0.6625891564490792,0.6625891564490792
CNF,Team 8,41,41,2000,0.0,0.0
CNF,Team 9,45,37,2000,0.8834522085987723,0.8834522085987723
CNF,Team 10,35,47,2000,-1.3251783128981585,1.3251783128981585
CNF,Team 11,50,32,2000,1.9877674693472376,1.9877674693472376
CNF,Team 12,45,37,2000,0.8834522085987723,0.8834522085987723
CNF,Team 13,41,41,2000,0.0,0.0
CNF,Team 14,40,42,2000,-0.22086305214969307,0.22086305214969307
CNF,Team 15,40,42,2000,-0.22086305214969307,0.22086305214969307
CNF,Team 16,39,43,2000,-0.44172610429938614,0.44172610429938614
CNF,Team 17,39,43,2000,-0.44172610429938614,0.44172610429938614
CNF,Team 18,43,39,2000,0.44172610429938614,0.44172610429938614
CNF,Team 19,35,47,2000,-1.3251783128981585,1.3251783128981585
CNF,Team 20,40,42,2000,-0.22086305214969307,0.22086305214969307
CNF,Team 21,47,35,2000,1.3251783128981585,1.3251783128981585
CNF,Team 22,41,41,2000,0.0,0.0
CNF,Team 23,46,36,2000,1.1043152607484654,1.1043152607484654
CNF,Team 24,34,48,2000,-1.5460413650478515,1.5460413650478515
CNF,Team 25,51,31,2000,2.208630521496931,2.208630521496931
CNF,Team 26,37,45,2000,-0.8834522085987723,0.8834522085987723
CNF,Team 27,44,38,2000,0.6625891564490792,0.6625891564490792
CNF,Team 28,46,36,2000,1.1043152607484654,1.1043152607484654
CNF,Team 29,44,38,2000,0.6625891564490792,0.6625891564490792
CNF,Team 30,41,41,2000,0.0,0.0
CNF,Team 1,39,43,2001,-0.44172610429938614,0.44172610429938614
CNF,Team 2,38,44,2001,-0.6625891564490792,0.6625891564490792
CNF,Team 3,42,40,2001,0.22086305214969307,0.22086305214969307
CNF,Team 4,52,30,2001,2.429493573646624,2.429493573646624
CNF,Team 5,43,39,2001,0.44172610429938614,0.44172610429938614
CNF,Team 6,51,31,2001,2.208630521496931,2.208630521496931
CNF,Team 7,39,43,2001,-0.44172610429938614,0.44172610429938614
CNF,Team 8,45,37,2001,0.8834522085987723,0.8834522085987723
CNF,Team 9,40,42,2001,-0.22086305214969307,0.22086305214969307
CNF,Team 10,36,46,2001,-1.1043152607484654,1.1043152607484654
CNF,Team 11,36,46,2001,-1.1043152607484654,1.1043152607484654
CNF,Team 12,40,42,2001,-0.22086305214969307,0.22086305214969307
CNF,Team 13,41,41,2001,0.0,0.0
CNF,Team 14,42,40,2001,0.22086305214969307,0.22086305214969307
CNF,Team 15,37,45,2001,-0.8834522085987723,0.8834522085987723
CNF,Team 16,42,40,2001,0.22086305214969307,0.22086305214969307
CNF,Team 17,44,38,2001,0.6625891564490792,0.6625891564490792
CNF,Team 18,42,40,2001,0.22086305214969307,0.22086305214969307
CNF,Team 19,44,38,2001,0.6625891564490792,0.6625891564490792
CNF,Team 20,37,45,2001,-0.8834522085987723,0.8834522085987723
CNF,Team 21,39,43,2001,-0.44172610429938614,0.44172610429938614
CNF,Team 22,37,45,2001,-0.8834522085987723,0.8834522085987723
CNF,Team 23,40,42,2001,-0.22086305214969307,0.22086305214969307
CNF,Team 24,32,50,2001,-1.9877674693472376,1.9877674693472376
CNF,Team 25,41,41,2001,0.0,0.0
CNF,Team 26,35,47,2001,-1.3251783128981585,1.3251783128981585
CNF,Team 27,40,42,2001,-0.22086305214969307,0.22086305214969307
CNF,Team 28,41,41,2001,0.0,0.0
CNF,Team 29,45,37,2001,0.8834522085987723,0.8834522085987723
CNF,Team 30,40,42,2001,-0.22086305214969307,0.22086305214969307
CNF,Team 1,44,38,2002,0.6625891564490792,0.6625891564490792
CNF,Team 2,27,55,2002,-3.092082730095703,3.092082730095703
CNF,Team 3,42,40,2002,0.22086305214969307,0.22086305214969307
CNF,Team 4,43,39,2002,0.44172610429938614,0.44172610429938614
CNF,Team 5,42,40,2002,0.22086305214969307,0.22086305214969307
CNF,Team 6,42,40,2002,0.22086305214969307,0.22086305214969307
CNF,Team 7,39,43,2002,-0.44172610429938614,0.44172610429938614
CNF,Team 8,38,44,2002,-0.6625891564490792,0.6625891564490792
CNF,Team 9,42,40,2002,0.22086305214969307,0.22086305214969307
CNF,Team 10,44,38,2002,0.6625891564490792,0.6625891564490792
CNF,Team 11,35,47,2002,-1.3251783128981585,1.3251783128981585
CNF,Team 12,33,49,2002,-1.7669044171975445,1.7669044171975445
CNF,Team 13,47,35,2002,1.3251783128981585,1.3251783128981585
CNF,Team 14,44,38,2002,0.6625891564490792,0.6625891564490792
CNF,Team 15,43,39,2002,0.44172610429938614,0.44172610429938614
CNF,Team 16,48,34,2002,1.5460413650478515,1.5460413650478515
CNF,Team 17,38,44,2002,-0.6625891564490792,0.6625891564490792
CNF,Team 18,39,43,2002,-0.44172610429938614,0.44172610429938614
CNF,Team 19,40,42,2002,-0.22086305214969307,0.22086305214969307
CNF,Team 20,43,39,2002,0.44172610429938614,0.44172610429938614
CNF,Team 21,42,40,2002,0.22086305214969307,0.22086305214969307
CNF,Team 22,35,47,2002,-1.3251783128981585,1.3251783128981585
CNF,Team 23,44,38,2002,0.6625891564490792,0.6625891564490792
CNF,Team 24,39,43,2002,-0.44172610429938614,0.44172610429938614
CNF,Team 25,42,40,2002,0.22086305214969307,0.22086305214969307
CNF,Team 26,39,43,2002,-0.44172610429938614,0.44172610429938614
CNF,Team 27,41,41,2002,0.0,0.0
CNF,Team 28,46,36,2002,1.1043152607484654,1.1043152607484654
CNF,Team 29,43,39,2002,0.44172610429938614,0.44172610429938614
CNF,Team 30,41,41,2002,0.0,0.0
CNF,Team 1,47,35,2003,1.3251783128981585,1.3251783128981585
CNF,Team 2,33,49,2003,-1.7669044171975445,1.7669044171975445
CNF,Team 3,37,45,2003,-0.8834522085987723,0.8834522085987723
CNF,Team 4,43,39,2003,0.44172610429938614,0.44172610429938614
CNF,Team 5,46,36,2003,1.1043152607484654,1.1043152607484654
CNF,Team 6,45,37,2003,0.8834522085987723,0.8834522085987723
CNF,Team 7,38,44,2003,-0.6625891564490792,0.6625891564490792
CNF,Team 8,39,43,2003,-0.44172610429938614,0.44172610429938614
CNF,Team 9,43,39,2003,0.44172610429938614,0.44172610429938614
CNF,Team 10,45,37,2003,0.8834522085987723,0.8834522085987723
CNF,Team 11,38,44,2003,-0.6625891564490792,0.6625891564490792
CNF,Team 12,44,38,2003,0.6625891564490792,0.6625891564490792
CNF,Team 13,34,48,2003,-1.5460413650478515,1.5460413650478515
CNF,Team 14,51,31,2003,2.208630521496931,2.208630521496931
CNF,Team 15,44,38,2003,0.6625891564490792,0.6625891564490792
CNF,Team 16,35,47,2003,-1.3251783128981585,1.3251783128981585
CNF,Team 17,50,32,2003,1.9877674693472376,1.9877674693472376
CNF,Team 18,41,41,2003,0.0,0.0
CNF,Team 19,43,39,2003,0.44172610429938614,0.44172610429938614
CNF,Team 20,45,37,2003,0.8834522085987723,0.8834522085987723
CNF,Team 21,47,35,2003,1.3251783128981585,1.3251783128981585
CNF,Team 22,35,47,2003,-1.3251783128981585,1.3251783128981585
CNF,Team 23,31,51,2003,-2.208630521496931,2.208630521496931
CNF,Team 24,44,38,2003,0.6625891564490792,0.6625891564490792
CNF,Team 25,35,47,2003,-1.3251783128981585,1.3251783128981585
CNF,Team 26,48,34,2003,1.5460413650478515,1.5460413650478515
CNF,Team 27,32,50,2003,-1.9877674693472376,1.9877674693472376
CNF,Team 28,34,48,2003,-1.5460413650478515,1.5460413650478515
CNF,Team 29,43,39,2003,0.44172610429938614,0.44172610429938614
CNF,Team 30,46,36,2003,1.1043152607484654,1.1043152607484654
CNF,Team 1,41,41,2004,0.0,0.0
CNF,Team 2,37,45,2004,-0.8834522085987723,0.8834522085987723
CNF,Team 3,43,39,2004,0.44172610429938614,0.44172610429938614
CNF,Team 4,49,33,2004,1.7669044171975445,1.7669044171975445
CNF,Team 5,38,44,2004,-0.6625891564490792,0.6625891564490792
CNF,Team 6,40,42,2004,-0.22086305214969307,0.22086305214969307
CNF,Team 7,39,43,2004,-0.44172610429938614,0.44172610429938614
CNF,Team 8,41,41,2004,0.0,0.0
CNF,Team 9,38,44,2004,-0.6625891564490792,0.6625891564490792
CNF,Team 10,34,48,2004,-1.5460413650478515,1.5460413650478515
CNF,Team 11,34,48,2004,-1.5460413650478515,1.5460413650478515
CNF,Team 12,42,40,2004,0.22086305214969307,0.22086305214969307
CNF,Team 13,45,37,2004,0.8834522085987723,0.8834522085987723
CNF,Team 14,47,35,2004,1.3251783128981585,1.3251783128981585
CNF,Team 15,43,39,2004,0.44172610429938614,0.44172610429938614
CNF,Team 16,39,43,2004,-0.44172610429938614,0.44172610429938614
CNF,Team 17,41,41,2004,0.0,0.0
CNF,Team 18,32,50,2004,-1.9877674693472376,1.9877674693472376
CNF,Team 19,38,44,2004,-0.6625891564490792,0.6625891564490792
CNF,Team 20,38,44,2004,-0.6625891564490792,0.6625891564490792
CNF,Team 21,47,35,2004,1.3251783128981585,1.3251783128981585
CNF,Team 22,47,35,2004,1.3251783128981585,1.3251783128981585
CNF,Team 23,42,40,2004,0.22086305214969307,0.22086305214969307
CNF,Team 24,38,44,2004,-0.6625891564490792,0.6625891564490792
CNF,Team 25,41,41,2004,0.0,0.0
CNF,Team 26,41,41,2004,0.0,0.0
CNF,Team 27,46,36,2004,1.1043152607484654,1.1043152607484654
CNF,Team 28,40,42,2004,-0.22086305214969307,0.22086305214969307
CNF,Team 29,45,37,2004,0.8834522085987723,0.8834522085987723
CNF,Team 30,37,45,2004,-0.8834522085987723,0.8834522085987723
CNF,Team 1,36,46,2005,-1.1043152607484654,1.1043152607484654
CNF,Team 2,44,38,2005,0.6625891564490792,0.6625891564490792
CNF,Team 3,37,45,2005,-0.8834522085987723,0.8834522085987723
CNF,Team 4,41,41,2005,0.0,0.0
CNF,Team 5,42,40,2005,0.22086305214969307,0.22086305214969307
CNF,Team 6,53,29,2005,2.650356625796317,2.650356625796317
CNF,Team 7,42,40,2005,0.22086305214969307,0.22086305214969307
CNF,Team 8,43,39,2005,0.44172610429938614,0.44172610429938614
CNF,Team 9,37,45,2005,-0.8834522085987723,0.8834522085987723
CNF,Team 10,42,40,2005,0.22086305214969307,0.22086305214969307
CNF,Team 11,40,42,2005,-0.22086305214969307,0.22086305214969307
CNF,Team 12,45,37,2005,0.8834522085987723,0.8834522085987723
CNF,Team 13,54,28,2005,2.87121967794601,2.87121967794601
CNF,Team 14,36,46,2005,-1.1043152607484654,1.1043152607484654
CNF,Team 15,31,51,2005,-2.208630521496931,2.208630521496931
CNF,Team 16,34,48,2005,-1.5460413650478515,1.5460413650478515
CNF,Team 17,45,37,2005,0.8834522085987723,0.8834522085987723
CNF,Team 18,34,48,2005,-1.5460413650478515,1.5460413650478515
CNF,Team 19,48,34,2005,1.5460413650478515,1.5460413650478515
CNF,Team 20,41,41,2005,0.0,0.0
CNF,Team 21,45,37,2005,0.8834522085987723,0.8834522085987723
CNF,Team 22,41,41,2005,0.0,0.0
CNF,Team 23,39,43,2005,-0.44172610429938614,0.44172610429938614
CNF,Team 24,40,42,2005,-0.22086305214969307,0.22086305214969307
CNF,Team 25,41,41,2005,0.0,0.0
CNF,Team 26,39,43,2005,-0.44172610429938614,0.44172610429938614
CNF,Team 27,42,40,2005,0.22086305214969307,0.22086305214969307
CNF,Team 28,40,42,2005,-0.22086305214969307,0.22086305214969307
CNF,Team 29,33,49,2005,-1.7669044171975445,1.7669044171975445
CNF,Team 30,45,37,2005,0.8834522085987723,0.8834522085987723
CNF,Team 1,37,45,2006,-0.8834522085987723,0.8834522085987723
CNF,Team 2,45,37,2006,0.8834522085987723,0.8834522085987723
CNF,Team 3,39,43,2006,-0.44172610429938614,0.44172610429938614
CNF,Team 4,42,40,2006,0.22086305214969307,0.22086305214969307
CNF,Team 5,37,45,2006,-0.8834522085987723,0.8834522085987723
CNF,Team 6,52,30,2006,2.429493573646624,2.429493573646624
CNF,Team 7,37,45,2006,-0.8834522085987723,0.8834522085987723
CNF,Team 8,42,40,2006,0.22086305214969307,0.22086305214969307
CNF,Team 9,31,51,2006,-2.208630521496931,2.208630521496931
CNF,Team 10,36,46,2006,-1.1043152607484654,1.1043152607484654
CNF,Team 11,35,47,2006,-1.3251783128981585,1.3251783128981585
CNF,Team 12,37,45,2006,-0.8834522085987723,0.8834522085987723
CNF,Team 13,50,32,2006,1.9877674693472376,1.9877674693472376
CNF,Team 14,38,44,2006,-0.6625891564490792,0.6625891564490792
CNF,Team 15,40,42,2006,-0.22086305214969307,0.22086305214969307
CNF,Team 16,42,40,2006,0.22086305214969307,0.22086305214969307
CNF,Team 17,35,47,2006,-1.3251783128981585,1.3251783128981585
CNF,Team 18,42,40,2006,0.22086305214969307,0.22086305214969307
CNF,Team 19,44,38,2006,0.6625891564490792,0.6625891564490792
CNF,Team 20,46,36,2006,1.1043152607484654,1.1043152607484654
CNF,Team 21,41,41,2006,0.0,0.0
CNF,Team 22,46,36,2006,1.1043152607484654,1.1043152607484654
CNF,Team 23,36,46,2006,-1.1043152607484654,1.1043152607484654
CNF,Team 24,41,41,2006,0.0,0.0
CNF,Team 25,34,48,2006,-1.5460413650478515,1.5460413650478515
CNF,Team 26,33,49,2006,-1.7669044171975445,1.7669044171975445
CNF,Team 27,46,36,2006,1.1043152607484654,1.1043152607484654
CNF,Team 28,46,36,2006,1.1043152607484654,1.1043152607484654
CNF,Team 29,38,44,2006,-0.6625891564490792,0.6625891564490792
CNF,Team 30,44,38,2006,0.6625891564490792,0.6625891564490792
CNF,Team 1,44,38,2007,0.6625891564490792,0.6625891564490792
CNF,Team 2,35,47,2007,-1.3251783128981585,1.3251783128981585
CNF,Team 3,42,40,2007,0.22086305214969307,0.22086305214969307
CNF,Team 4,34,48,2007,-1.5460413650478515,1.5460413650478515
CNF,Team 5,40,42,2007,-0.22086305214969307,0.22086305214969307
CNF,Team 6,33,49,2007,-1.7669044171975445,1.7669044171975445
CNF,Team 7,40,42,2007,-0.22086305214969307,0.22086305214969307
CNF,Team 8,37,45,2007,-0.8834522085987723,0.8834522085987723
CNF,Team 9,39,43,2007,-0.44172610429938614,0.44172610429938614
CNF,Team 10,29,53,2007,-2.650356625796317,2.650356625796317
CNF,Team 11,36,46,2007,-1.1043152607484654,1.1043152607484654
CNF,Team 12,48,34,2007,1.5460413650478515,1.5460413650478515
CNF,Team 13,40,42,2007,-0.22086305214969307,0.22086305214969307
CNF,Team 14,47,35,2007,1.3251783128981585,1.3251783128981585
CNF,Team 15,42,40,2007,0.22086305214969307,0.22086305214969307
CNF,Team 16,36,46,2007,-1.1043152607484654,1.1043152607484654
CNF,Team 17,43,39,2007,0.44172610429938614,0.44172610429938614
CNF,Team 18,38,44,2007,-0.6625891564490792,0.6625891564490792
CNF,Team 19,45,37,2007,0.8834522085987723,0.8834522085987723
CNF,Team 20,33,49,2007,-1.7669044171975445,1.7669044171975445
CNF,Team 21,32,50,2007,-1.9877674693472376,1.9877674693472376
CNF,Team 22,40,42,2007,-0.22086305214969307,0.22086305214969307
CNF,Team 23,42,40,2007,0.22086305214969307,0.22086305214969307
CNF,Team 24,43,39,2007,0.44172610429938614,0.44172610429938614
CNF,Team 25,40,42,2007,-0.22086305214969307,0.22086305214969307
CNF,Team 26,44,38,2007,0.6625891564490792,0.6625891564490792
CNF,Team 27,45,37,2007,0.8834522085987723,0.8834522085987723
CNF,Team 28,39,43,2007,-0.44172610429938614,0.44172610429938614
CNF,Team 29,48,34,2007,1.5460413650478515,1.5460413650478515
CNF,Team 30,50,32,2007,1.9877674693472376,1.9877674693472376
CNF,Team 1,37,45,2008,-0.8834522085987723,0.8834522085987723
CNF,Team 2,37,45,2008,-0.8834522085987723,0.8834522085987723
CNF,Team 3,44,38,2008,0.6625891564490792,0.6625891564490792
CNF,Team 4,40,42,2008,-0.22086305214969307,0.22086305214969307
CNF,Team 5,38,44,2008,-0.6625891564490792,0.6625891564490792
CNF,Team 6,40,42,2008,-0.22086305214969307,0.22086305214969307
CNF,Team 7,38,44,2008,-0.6625891564490792,0.6625891564490792
CNF,Team 8,42,40,2008,0.22086305214969307,0.22086305214969307
CNF,Team 9,43,39,2008,0.44172610429938614,0.44172610429938614
CNF,Team 10,48,34,2008,1.5460413650478515,1.5460413650478515
CNF,Team 11,42,40,2008,0.22086305214969307,0.22086305214969307
CNF,Team 12,40,42,2008,-0.22086305214969307,0.22086305214969307
CNF,Team 13,44,38,2008,0.6625891564490792,0.6625891564490792
CNF,Team 14,46,36,2008,1.1043152607484654,1.1043152607484654
CNF,Team 15,40,42,2008,-0.22086305214969307,0.22086305214969307
CNF,Team 16,37,45,2008,-0.8834522085987723,0.8834522085987723
CNF,Team 17,43,39,2008,0.44172610429938614,0.44172610429938614
CNF,Team 18,42,40,2008,0.22086305214969307,0.22086305214969307
CNF,Team 19,35,47,2008,-1.3251783128981585,1.3251783128981585
CNF,Team 20,37,45,2008,-0.8834522085987723,0.8834522085987723
CNF,Team 21,45,37,2008,0.8834522085987723,0.8834522085987723
CNF,Team 22,45,37,2008,0.8834522085987723,0.8834522085987723
CNF,Team 23,47,35,2008,1.3251783128981585,1.3251783128981585
CNF,Team 24,38,44,2008,-0.6625891564490792,0.6625891564490792
CNF,Team 25,45,37,2008,0.8834522085987723,0.8834522085987723
CNF,Team 26,39,43,2008,-0.44172610429938614,0.44172610429938614
CNF,Team 27,43,39,2008,0.44172610429938614,0.44172610429938614
CNF,Team 28,43,39,2008,0.44172610429938614,0.44172610429938614
CNF,Team 29,44,38,2008,0.6625891564490792,0.6625891564490792
CNF,Team 30,38,44,2008,-0.6625891564490792,0.6625891564490792
CNF,Team 1,42,40,2009,0.22086305214969307,0.22086305214969307
CNF,Team 2,46,36,2009,1.1043152607484654,1.1043152607484654
CNF,Team 3,48,34,2009,1.5460413650478515,1.5460413650478515
CNF,Team 4,46,36,2009,1.1043152607484654,1.1043152607484654
CNF,Team 5,35,47,2009,-1.3251783128981585,1.3251783128981585
CNF,Team 6,46,36,2009,1.1043152607484654,1.1043152607484654
CNF,Team 7,56,26,2009,3.312945782245396,3.312945782245396
CNF,Team 8,49,33,2009,1.7669044171975445,1.7669044171975445
CNF,Team 9,36,46,2009,-1.1043152607484654,1.1043152607484654
CNF,Team 10,38,44,2009,-0.6625891564490792,0.6625891564490792
CNF,Team 11,46,36,2009,1.1043152607484654,1.1043152607484654
CNF,Team 12,42,40,2009,0.22086305214969307,0.22086305214969307
CNF,Team 13,38,44,2009,-0.6625891564490792,0.6625891564490792
CNF,Team 14,48,34,2009,1.5460413650478515,1.5460413650478515
CNF,Team 15,41,41,2009,0.0,0.0
CNF,Team 16,34,48,2009,-1.5460413650478515,1.5460413650478515
CNF,Team 17,52,30,2009,2.429493573646624,2.429493573646624
CNF,Team 18,51,31,2009,2.208630521496931,2.208630521496931
CNF,Team 19,45,37,2009,0.8834522085987723,0.8834522085987723
CNF,Team 20,43,39,2009,0.44172610429938614,0.44172610429938614
CNF,Team 21,44,38,2009,0.6625891564490792,0.6625891564490792
CNF,Team 22,42,40,2009,0.22086305214969307,0.22086305214969307
CNF,Team 23,41,41,2009,0.0,0.0
CNF,Team 24,30,52,2009,-2.429493573646624,2.429493573646624
CNF,Team 25,30,52,2009,-2.429493573646624,2.429493573646624
CNF,Team 26,46,36,2009,1.1043152607484654,1.1043152607484654
CNF,Team 27,44,38,2009,0.6625891564490792,0.6625891564490792
CNF,Team 28,46,36,2009,1.1043152607484654,1.1043152607484654
CNF,Team 29,44,38,2009,0.6625891564490792,0.6625891564490792
CNF,Team 30,53,29,2009,2.650356625796317,2.650356625796317
CNF,Team 1,37,45,2010,-0.8834522085987723,0.8834522085987723
CNF,Team 2,46,36,2010,1.1043152607484654,1.1043152607484654
CNF,Team 3,45,37,2010,0.8834522085987723,0.8834522085987723
CNF,Team 4,35,47,2010,-1.3251783128981585,1.3251783128981585
CNF,Team 5,43,39,2010,0.44172610429938614,0.44172610429938614
CNF,Team 6,37,45,2010,-0.8834522085987723,0.8834522085987723
CNF,Team 7,33,49,2010,-1.7669044171975445,1.7669044171975445
CNF,Team 8,43,39,2010,0.44172610429938614,0.44172610429938614
CNF,Team 9,50,32,2010,1.9877674693472376,1.9877674693472376
CNF,Team 10,40,42,2010,-0.22086305214969307,0.22086305214969307
CNF,Team 11,44,38,2010,0.6625891564490792,0.6625891564490792
CNF,Team 12,43,39,2010,0.44172610429938614,0.44172610429938614
CNF,Team 13,41,41,2010,0.0,0.0
CNF,Team 14,42,40,2010,0.22086305214969307,0.22086305214969307
CNF,Team 15,42,40,2010,0.22086305214969307,0.22086305214969307
CNF,Team 16,40,42,2010,-0.22086305214969307,0.22086305214969307
CNF,Team 17,55,27,2010,3.092082730095703,3.092082730095703
CNF,Team 18,36,46,2010,-1.1043152607484654,1.1043152607484654
CNF,Team 19,43,39,2010,0.44172610429938614,0.44172610429938614
CNF,Team 20,42,40,2010,0.22086305214969307,0.22086305214969307
CNF,Team 21,40,42,2010,-0.22086305214969307,0.22086305214969307
CNF,Team 22,40,42,2010,-0.22086305214969307,0.22086305214969307
CNF,Team 23,43,39,2010,0.44172610429938614,0.44172610429938614
CNF,Team 24,39,43,2010,-0.44172610429938614,0.44172610429938614
CNF,Team 25,38,44,2010,-0.6625891564490792,0.6625891564490792
CNF,Team 26,38,44,2010,-0.6625891564490792,0.6625891564490792
CNF,Team 27,45,37,2010,0.8834522085987723,0.8834522085987723
CNF,Team 28,39,43,2010,-0.44172610429938614,0.44172610429938614
CNF,Team 29,39,43,2010,-0.44172610429938614,0.44172610429938614
CNF,Team 30,39,43,2010,-0.44172610429938614,0.44172610429938614
CNF,Team 1,37,45,2011,-0.8834522085987723,0.8834522085987723
CNF,Team 2,30,52,2011,-2.429493573646624,2.429493573646624
CNF,Team 3,46,36,2011,1.1043152607484654,1.1043152607484654
CNF,Team 4,37,45,2011,-0.8834522085987723,0.8834522085987723
CNF,Team 5,40,42,2011,-0.22086305214969307,0.22086305214969307
CNF,Team 6,43,39,2011,0.44172610429938614,0.44172610429938614
CNF,Team 7,39,43,2011,-0.44172610429938614,0.44172610429938614
CNF,Team 8,38,44,2011,-0.6625891564490792,0.6625891564490792
CNF,Team 9,50,32,2011,1.9877674693472376,1.9877674693472376
CNF,Team 10,52,30,2011,2.429493573646624,2.429493573646624
CNF,Team 11,40,42,2011,-0.22086305214969307,0.22086305214969307
CNF,Team 12,32,50,2011,-1.9877674693472376,1.9877674693472376
CNF,Team 13,39,43,2011,-0.44172610429938614,0.44172610429938614
CNF,Team 14,40,42,2011,-0.22086305214969307,0.22086305214969307
CNF,Team 15,42,40,2011,0.22086305214969307,0.22086305214969307
CNF,Team 16,42,40,2011,0.22086305214969307,0.22086305214969307
CNF,Team 17,43,39,2011,0.44172610429938614,0.44172610429938614
CNF,Team 18,44,38,2011,0.6625891564490792,0.6625891564490792
CNF,Team 19,41,41,2011,0.0,0.0
CNF,Team 20,38,44,2011,-0.6625891564490792,0.6625891564490792
CNF,Team 21,49,33,2011,1.7669044171975445,1.7669044171975445
CNF,Team 22,37,45,2011,-0.8834522085987723,0.8834522085987723
CNF,Team 23,41,41,2011,0.0,0.0
CNF,Team 24,43,39,2011,0.44172610429938614,0.44172610429938614
CNF,Team 25,41,41,2011,0.0,0.0
CNF,Team 26,35,47,2011,-1.3251783128981585,1.3251783128981585
CNF,Team 27,40,42,2011,-0.22086305214969307,0.22086305214969307
CNF,Team 28,42,40,2011,0.22086305214969307,0.22086305214969307
CNF,Team 29,41,41,2011,0.0,0.0
CNF,Team 30,39,43,2011,-0.44172610429938614,0.44172610429938614
CNF,Team 1,41,41,2012,0.0,0.0
CNF,Team 2,37,45,2012,-0.8834522085987723,0.8834522085987723
CNF,Team 3,31,51,2012,-2.208630521496931,2.208630521496931
CNF,Team 4,49,33,2012,1.7669044171975445,1.7669044171975445
CNF,Team 5,48,34,2012,1.5460413650478515,1.5460413650478515
CNF,Team 6,41,41,2012,0.0,0.0
CNF,Team 7,43,39,2012,0.44172610429938614,0.44172610429938614
CNF,Team 8,42,40,2012,0.22086305214969307,0.22086305214969307
CNF,Team 9,48,34,2012,1.5460413650478515,1.5460413650478515
CNF,Team 10,37,45,2012,-0.8834522085987723,0.8834522085987723
CNF,Team 11,48,34,2012,1.5460413650478515,1.5460413650478515
CNF,Team 12,43,39,2012,0.44172610429938614,0.44172610429938614
CNF,Team 13,42,40,2012,0.22086305214969307,0.22086305214969307
CNF,Team 14,31,51,2012,-2.208630521496931,2.208630521496931
CNF,Team 15,42,40,2012,0.22086305214969307,0.22086305214969307
CNF,Team 16,37,45,2012,-0.8834522085987723,0.8834522085987723
CNF,Team 17,39,43,2012,-0.44172610429938614,0.44172610429938614
CNF,Team 18,33,49,2012,-1.7669044171975445,1.7669044171975445
CNF,Team 19,39,43,2012,-0.44172610429938614,0.44172610429938614
CNF,Team 20,34,48,2012,-1.5460413650478515,1.5460413650478515
CNF,Team 21,38,44,2012,-0.6625891564490792,0.6625891564490792
CNF,Team 22,39,43,2012,-0.44172610429938614,0.44172610429938614
CNF,Team 23,42,40,2012,0.22086305214969307,0.22086305214969307
CNF,Team 24,45,37,2012,0.8834522085987723,0.8834522085987723
CNF,Team 25,37,45,2012,-0.8834522085987723,0.8834522085987723
CNF,Team 26,37,45,2012,-0.8834522085987723,0.8834522085987723
CNF,Team 27,36,46,2012,-1.1043152607484654,1.1043152607484654
CNF,Team 28,32,50,2012,-1.9877674693472376,1.9877674693472376
CNF,Team 29,34,48,2012,-1.5460413650478515,1.5460413650478515
CNF,Team 30,43,39,2012,0.44172610429938614,0.44172610429938614
CNF,Team 1,39,43,2013,-0.44172610429938614,0.44172610429938614
CNF,Team 2,41,41,2013,0.0,0.0
CNF,Team 3,43,39,2013,0.44172610429938614,0.44172610429938614
CNF,Team 4,38,44,2013,-0.6625891564490792,0.6625891564490792
CNF,Team 5,45,37,2013,0.8834522085987723,0.8834522085987723
CNF,Team 6,46,36,2013,1.1043152607484654,1.1043152607484654
CNF,Team 7,49,33,2013,1.7669044171975445,1.7669044171975445
CNF,Team 8,43,39,2013,0.44172610429938614,0.44172610429938614
CNF,Team 9,42,40,2013,0.22086305214969307,0.22086305214969307
CNF,Team 10,48,34,2013,1.5460413650478515,1.5460413650478515
CNF,Team 11,54,28,2013,2.87121967794601,2.87121967794601
CNF,Team 12,38,44,2013,-0.6625891564490792,0.6625891564490792
CNF,Team 13,37,45,2013,-0.8834522085987723,0.8834522085987723
CNF,Team 14,45,37,2013,0.8834522085987723,0.8834522085987723
CNF,Team 15,46,36,2013,1.1043152607484654,1.1043152607484654
CNF,Team 16,45,37,2013,0.8834522085987723,0.8834522085987723
CNF,Team 17,49,33,2013,1.7669044171975445,1.7669044171975445
CNF,Team 18,35,47,2013,-1.3251783128981585,1.3251783128981585
CNF,Team 19,39,43,2013,-0.44172610429938614,0.44172610429938614
CNF,Team 20,41,41,2013,0.0,0.0
CNF,Team 21,40,42,2013,-0.22086305214969307,0.22086305214969307
CNF,Team 22,40,42,2013,-0.22086305214969307,0.22086305214969307
CNF,Team 23,42,40,2013,0.22086305214969307,0.22086305214969307
CNF,Team 24,41,41,2013,0.0,0.0
CNF,Team 25,32,50,2013,-1.9877674693472376,1.9877674693472376
CNF,Team 26,32,50,2013,-1.9877674693472376,1.9877674693472376
CNF,Team 27,41,41,2013,0.0,0.0
CNF,Team 28,46,36,2013,1.1043152607484654,1.1043152607484654
CNF,Team 29,50,32,2013,1.9877674693472376,1.9877674693472376
CNF,Team 30,33,49,2013,-1.7669044171975445,1.7669044171975445
CNF,Team 1,37,45,2014,-0.8834522085987723,0.8834522085987723
CNF,Team 2,42,40,2014,0.22086305214969307,0.22086305214969307
CNF,Team 3,43,39,2014,0.44172610429938614,0.44172610429938614
CNF,Team 4,42,40,2014,0.22086305214969307,0.22086305214969307
CNF,Team 5,34,48,2014,-1.5460413650478515,1.5460413650478515
CNF,Team 6,38,44,2014,-0.6625891564490792,0.6625891564490792
CNF,Team 7,44,38,2014,0.6625891564490792,0.6625891564490792
CNF,Team 8,42,40,2014,0.22086305214969307,0.22086305214969307
CNF,Team 9,35,47,2014,-1.3251783128981585,1.3251783128981585
CNF,Team 10,45,37,2014,0.8834522085987723,0.8834522085987723
CNF,Team 11,47,35,2014,1.3251783128981585,1.3251783128981585
CNF,Team 12,33,49,2014,-1.7669044171975445,1.7669044171975445
CNF,Team 13,40,42,2014,-0.22086305214969307,0.22086305214969307
CNF,Team 14,42,40,2014,0.22086305214969307,0.22086305214969307
CNF,Team 15,44,38,2014,0.6625891564490792,0.6625891564490792
CNF,Team 16,39,43,2014,-0.44172610429938614,0.44172610429938614
CNF,Team 17,45,37,2014,0.8834522085987723,0.8834522085987723
CNF,Team 18,45,37,2014,0.8834522085987723,0.8834522085987723
CNF,Team 19,41,41,2014,0.0,0.0
CNF,Team 20,44,38,2014,0.6625891564490792,0.6625891564490792
CNF,Team 21,42,40,2014,0.22086305214969307,0.22086305214969307
CNF,Team 22,46,36,2014,1.1043152607484654,1.1043152607484654
CNF,Team 23,41,41,2014,0.0,0.0
CNF,Team 24,27,55,2014,-3.092082730095703,3.092082730095703
CNF,Team 25,43,39,2014,0.44172610429938614,0.44172610429938614
CNF,Team 26,32,50,2014,-1.9877674693472376,1.9877674693472376
CNF,Team 27,34,48,2014,-1.5460413650478515,1.5460413650478515
CNF,Team 28,44,38,2014,0.6625891564490792,0.6625891564490792
CNF,Team 29,41,41,2014,0.0,0.0
CNF,Team 30,45,37,2014,0.8834522085987723,0.8834522085987723
CNF,Team 1,36,46,2015,-1.1043152607484654,1.1043152607484654
CNF,Team 2,36,46,2015,-1.1043152607484654,1.1043152607484654
CNF,Team 3,42,40,2015,0.22086305214969307,0.22086305214969307
CNF,Team 4,44,38,2015,0.6625891564490792,0.6625891564490792
CNF,Team 5,45,37,2015,0.8834522085987723,0.8834522085987723
CNF,Team 6,44,38,2015,0.6625891564490792,0.6625891564490792
CNF,Team 7,30,52,2015,-2.429493573646624,2.429493573646624
CNF,Team 8,37,45,2015,-0.8834522085987723,0.8834522085987723
CNF,Team 9,44,38,2015,0.6625891564490792,0.6625891564490792
CNF,Team 10,46,36,2015,1.1043152607484654,1.1043152607484654
CNF,Team 11,43,39,2015,0.44172610429938614,0.44172610429938614
CNF,Team 12,47,35,2015,1.3251783128981585,1.3251783128981585
CNF,Team 13,41,41,2015,0.0,0.0
CNF,Team 14,41,41,2015,0.0,0.0
CNF,Team 15,38,44,2015,-0.6625891564490792,0.6625891564490792
CNF,Team 16,43,39,2015,0.44172610429938614,0.44172610429938614
CNF,Team 17,38,44,2015,-0.6625891564490792,0.6625891564490792
CNF,Team 18,40,42,2015,-0.22086305214969307,0.22086305214969307
CNF,Team 19,39,43,2015,-0.44172610429938614,0.44172610429938614
CNF,Team 20,37,45,2015,-0.8834522085987723,0.8834522085987723
CNF,Team 21,43,39,2015,0.44172610429938614,0.44172610429938614
CNF,Team 22,37,45,2015,-0.8834522085987723,0.8834522085987723
CNF,Team 23,33,49,2015,-1.7669044171975445,1.7669044171975445
CNF,Team 24,33,49,2015,-1.7669044171975445,1.7669044171975445
CNF,Team 25,46,36,2015,1.1043152607484654,1.1043152607484654
CNF,Team 26,38,44,2015,-0.6625891564490792,0.6625891564490792
CNF,Team 27,43,39,2015,0.44172610429938614,0.44172610429938614
CNF,Team 28,34,48,2015,-1.5460413650478515,1.5460413650478515
CNF,Team 29,42,40,2015,0.22086305214969307,0.22086305214969307
CNF,Team 30,43,39,2015,0.44172610429938614,0.44172610429938614
CNF,Team 1,38,44,2016,-0.6625891564490792,0.6625891564490792
CNF,Team 2,38,44,2016,-0.6625891564490792,0.6625891564490792
CNF,Team 3,47,35,2016,1.3251783128981585,1.3251783128981585
CNF,Team 4,46,36,2016,1.1043152607484654,1.1043152607484654
CNF,Team 5,39,43,2016,-0.44172610429938614,0.44172610429938614
CNF,Team 6,36,46,2016,-1.1043152607484654,1.1043152607484654
CNF,Team 7,37,45,2016,-0.8834522085987723,0.8834522085987723
CNF,Team 8,37,45,2016,-0.8834522085987723,0.8834522085987723
CNF,Team 9,46,36,2016,1.1043152607484654,1.1043152607484654
CNF,Team 10,34,48,2016,-1.5460413650478515,1.5460413650478515
CNF,Team 11,32,50,2016,-1.9877674693472376,1.9877674693472376
CNF,Team 12,36,46,2016,-1.1043152607484654,1.1043152607484654
CNF,Team 13,36,46,2016,-1.1043152607484654,1.1043152607484654
CNF,Team 14,40,42,2016,-0.22086305214969307,0.22086305214969307
CNF,Team 15,38,44,2016,-0.6625891564490792,0.6625891564490792
CNF,Team 16,40,42,2016,-0.22086305214969307,0.22086305214969307
CNF,Team 17,47,35,2016,1.3251783128981585,1.3251783128981585
CNF,Team 18,44,38,2016,0.6625891564490792,0.6625891564490792
CNF,Team 19,40,42,2016,-0.22086305214969307,0.22086305214969307
CNF,Team 20,44,38,2016,0.6625891564490792,0.6625891564490792
CNF,Team 21,42,40,2016,0.22086305214969307,0.22086305214969307
CNF,Team 22,45,37,2016,0.8834522085987723,0.8834522085987723
CNF,Team 23,42,40,2016,0.22086305214969307,0.22086305214969307
CNF,Team 24,43,39,2016,0.44172610429938614,0.44172610429938614
CNF,Team 25,31,51,2016,-2.208630521496931,2.208630521496931
CNF,Team 26,43,39,2016,0.44172610429938614,0.44172610429938614
CNF,Team 27,39,43,2016,-0.44172610429938614,0.44172610429938614
CNF,Team 28,41,41,2016,0.0,0.0
CNF,Team 29,40,42,2016,-0.22086305214969307,0.22086305214969307
CNF,Team 30,44,38,2016,0.6625891564490792,0.6625891564490792
CNF,Team 1,40,42,2017,-0.22086305214969307,0.22086305214969307
CNF,Team 2,40,42,2017,-0.22086305214969307,0.22086305214969307
CNF,Team 3,36,46,2017,-1.1043152607484654,1.1043152607484654
CNF,Team 4,44,38,2017,0.6625891564490792,0.6625891564490792
CNF,Team 5,43,39,2017,0.44172610429938614,0.44172610429938614
CNF,Team 6,42,40,2017,0.22086305214969307,0.22086305214969307
CNF,Team 7,39,43,2017,-0.44172610429938614,0.44172610429938614
CNF,Team 8,38,44,2017,-0.6625891564490792,0.6625891564490792
CNF,Team 9,39,43,2017,-0.44172610429938614,0.44172610429938614
CNF,Team 10,36,46,2017,-1.1043152607484654,1.1043152607484654
CNF,Team 11,44,38,2017,0.6625891564490792,0.6625891564490792
CNF,Team 12,37,45,2017,-0.8834522085987723,0.8834522085987723
CNF,Team 13,32,50,2017,-1.9877674693472376,1.9877674693472376
CNF,Team 14,32,50,2017,-1.9877674693472376,1.9877674693472376
CNF,Team 15,38,44,2017,-0.6625891564490792,0.6625891564490792
CNF,Team 16,39,43,2017,-0.44172610429938614,0.44172610429938614
CNF,Team 17,43,39,2017,0.44172610429938614,0.44172610429938614
CNF,Team 18,40,42,2017,-0.22086305214969307,0.22086305214969307
CNF,Team 19,44,38,2017,0.6625891564490792,0.6625891564490792
CNF,Team 20,42,40,2017,0.22086305214969307,0.22086305214969307
CNF,Team 21,44,38,2017,0.6625891564490792,0.6625891564490792
CNF,Team 22,39,43,2017,-0.44172610429938614,0.44172610429938614
CNF,Team 23,40,42,2017,-0.22086305214969307,0.22086305214969307
CNF,Team 24,48,34,2017,1.5460413650478515,1.5460413650478515
CNF,Team 25,45,37,2017,0.8834522085987723,0.8834522085987723
CNF,Team 26,40,42,2017,-0.22086305214969307,0.22086305214969307
CNF,Team 27,41,41,2017,0.0,0.0
CNF,Team 28,39,43,2017,-0.44172610429938614,0.44172610429938614
CNF,Team 29,41,41,2017,0.0,0.0
CNF,Team 30,39,43,2017,-0.44172610429938614,0.44172610429938614
CNF,Team 1,47,35,2018,1.3251783128981585,1.3251783128981585
CNF,Team 2,47,35,2018,1.3251783128981585,1.3251783128981585
CNF,Team 3,37,45,2018,-0.8834522085987723,0.8834522085987723
CNF,Team 4,43,39,2018,0.44172610429938614,0.44172610429938614
CNF,Team 5,36,46,2018,-1.1043152607484654,1.1043152607484654
CNF,Team 6,40,42,2018,-0.22086305214969307,0.22086305214969307
CNF,Team 7,42,40,2018,0.22086305214969307,0.22086305214969307
CNF,Team 8,41,41,2018,0.0,0.0
CNF,Team 9,44,38,2018,0.6625891564490792,0.6625891564490792
CNF,Team 10,38,44,2018,-0.6625891564490792,0.6625891564490792
CNF,Team 11,40,42,2018,-0.22086305214969307,0.22086305214969307
CNF,Team 12,37,45,2018,-0.8834522085987723,0.8834522085987723
CNF,Team 13,44,38,2018,0.6625891564490792,0.6625891564490792
CNF,Team 14,44,38,2018,0.6625891564490792,0.6625891564490792
CNF,Team 15,35,47,2018,-1.3251783128981585,1.3251783128981585
CNF,Team 16,36,46,2018,-1.1043152607484654,1.1043152607484654
CNF,Team 17,40,42,2018,-0.22086305214969307,0.22086305214969307
CNF,Team 18,38,44,2018,-0.6625891564490792,0.6625891564490792
CNF,Team 19,37,45,2018,-0.8834522085987723,0.8834522085987723
CNF,Team 20,40,42,2018,-0.22086305214969307,0.22086305214969307
CNF,Team 21,49,33,2018,1.7669044171975445,1.7669044171975445
CNF,Team 22,45,37,2018,0.8834522085987723,0.8834522085987723
CNF,Team 23,47,35,2018,1.3251783128981585,1.3251783128981585
CNF,Team 24,43,39,2018,0.44172610429938614,0.44172610429938614
CNF,Team 25,39,43,2018,-0.44172610429938614,0.44172610429938614
CNF,Team 26,39,43,2018,-0.44172610429938614,0.44172610429938614
CNF,Team 27,44,38,2018,0.6625891564490792,0.6625891564490792
CNF,Team 28,46,36,2018,1.1043152607484654,1.1043152607484654
CNF,Team 29,30,52,2018,-2.429493573646624,2.429493573646624
CNF,Team 30,46,36,2018,1.1043152607484654,1.1043152607484654
CNF,Team 1,37,45,2019,-0.8834522085987723,0.8834522085987723
CNF,Team 2,40,42,2019,-0.22086305214969307,0.22086305214969307
CNF,Team 3,46,36,2019,1.1043152607484654,1.1043152607484654
CNF,Team 4,45,37,2019,0.8834522085987723,0.8834522085987723
CNF,Team 5,46,36,2019,1.1043152607484654,1.1043152607484654
CNF,Team 6,38,44,2019,-0.6625891564490792,0.6625891564490792
CNF,Team 7,46,36,2019,1.1043152607484654,1.1043152607484654
CNF,Team 8,31,51,2019,-2.208630521496931,2.208630521496931
CNF,Team 9,37,45,2019,-0.8834522085987723,0.8834522085987723
CNF,Team 10,40,42,2019,-0.22086305214969307,0.22086305214969307
CNF,Team 11,39,43,2019,-0.44172610429938614,0.44172610429938614
CNF,Team 12,42,40,2019,0.22086305214969307,0.22086305214969307
CNF,Team 13,37,45,2019,-0.8834522085987723,0.8834522085987723
CNF,Team 14,38,44,2019,-0.6625891564490792,0.6625891564490792
CNF,Team 15,38,44,2019,-0.6625891564490792,0.6625891564490792
CNF,Team 16,43,39,2019,0.44172610429938614,0.44172610429938614
CNF,Team 17,46,36,2019,1.1043152607484654,1.1043152607484654
CNF,Team 18,38,44,2019,-0.6625891564490792,0.6625891564490792
CNF,Team 19,43,39,2019,0.44172610429938614,0.44172610429938614
CNF,Team 20,42,40,2019,0.22086305214969307,0.22086305214969307
CNF,Team 21,36,46,2019,-1.1043152607484654,1.1043152607484654
CNF,Team 22,46,36,2019,1.1043152607484654,1.1043152607484654
CNF,Team 23,49,33,2019,1.7669044171975445,1.7669044171975445
CNF,Team 24,40,42,2019,-0.22086305214969307,0.22086305214969307
CNF,Team 25,38,44,2019,-0.6625891564490792,0.6625891564490792
CNF,Team 26,41,41,2019,0.0,0.0
CNF,Team 27,41,41,2019,0.0,0.0
CNF,Team 28,32,50,2019,-1.9877674693472376,1.9877674693472376
CNF,Team 29,42,40,2019,0.22086305214969307,0.22086305214969307
CNF,Team 30,40,42,2019,-0.22086305214969307,0.22086305214969307
