Sport,Team Name,Wins,Losses,Year,Zscore,AbsValZscore
MLB,Baltimore Orioles,108,54,1970,4.242640687119286,4.242640687119286
MLB,Cincinnati Reds,102,60,1970,3.2998316455372216,3.2998316455372216
MLB,Minnesota Twins,98,64,1970,2.671292284482513,2.671292284482513
MLB,New York Yankees,93,69,1970,1.8856180831641267,1.8856180831641267
MLB,Pittsburgh Pirates,89,73,1970,1.2570787221094177,1.2570787221094177
MLB,Oakland Athletics,89,73,1970,1.2570787221094177,1.2570787221094177
MLB,Los Angeles Dodgers,87,74,1970,1.0245435281108308,1.0245435281108308
MLB,Boston Red Sox,87,75,1970,0.9428090415820634,0.9428090415820634
MLB,San Francisco Giants,86,76,1970,0.7856742013183862,0.7856742013183862
MLB,California Angels,86,76,1970,0.7856742013183862,0.7856742013183862
MLB,Chicago Cubs,84,78,1970,0.4714045207910317,0.4714045207910317
MLB,New York Mets,83,79,1970,0.31426968052735443,0.31426968052735443
MLB,Detroit Tigers,79,83,1970,-0.31426968052735443,0.31426968052735443
MLB,Houston Astros,79,83,1970,-0.31426968052735443,0.31426968052735443
MLB,St. Louis Cardinals,76,86,1970,-0.7856742013183862,0.7856742013183862
MLB,Atlanta Braves,76,86,1970,-0.7856742013183862,0.7856742013183862
MLB,Cleveland Indians,76,86,1970,-0.7856742013183862,0.7856742013183862
MLB,Philadelphia Phillies,73,88,1970,-1.182165609358651,1.182165609358651
MLB,Montreal Expos,73,89,1970,-1.2570787221094177,1.2570787221094177
MLB,Washington Senators,70,92,1970,-1.7284832429004495,1.7284832429004495
MLB,Kansas City Royals,65,97,1970,-2.5141574442188355,2.5141574442188355
MLB,Milwaukee Brewers,65,97,1970,-2.5141574442188355,2.5141574442188355
MLB,San Diego Padres,63,99,1970,-2.8284271247461903,2.8284271247461903
MLB,Chicago White Sox,56,106,1970,-3.928371006591931,3.928371006591931
MLB,Baltimore Orioles,101,57,1971,3.500452050373212,3.500452050373212
MLB,Oakland Athletics,101,60,1971,3.2312526655803127,3.2312526655803127
MLB,Pittsburgh Pirates,97,65,1971,2.5141574442188355,2.5141574442188355
MLB,Detroit Tigers,91,71,1971,1.5713484026367723,1.5713484026367723
MLB,San Francisco Giants,90,72,1971,1.4142135623730951,1.4142135623730951
MLB,St. Louis Cardinals,90,72,1971,1.4142135623730951,1.4142135623730951
MLB,Los Angeles Dodgers,89,73,1971,1.2570787221094177,1.2570787221094177
MLB,Kansas City Royals,85,76,1971,0.7092993656151906,0.7092993656151906
MLB,Boston Red Sox,85,77,1971,0.6285393610547089,0.6285393610547089
MLB,Chicago Cubs,83,79,1971,0.31426968052735443,0.31426968052735443
MLB,New York Mets,83,79,1971,0.31426968052735443,0.31426968052735443
MLB,Atlanta Braves,82,80,1971,0.15713484026367722,0.15713484026367722
MLB,New York Yankees,82,80,1971,0.15713484026367722,0.15713484026367722
MLB,Chicago White Sox,79,83,1971,-0.31426968052735443,0.31426968052735443
MLB,Cincinnati Reds,79,83,1971,-0.31426968052735443,0.31426968052735443
MLB,Houston Astros,79,83,1971,-0.31426968052735443,0.31426968052735443
MLB,California Angels,76,86,1971,-0.7856742013183862,0.7856742013183862
MLB,Minnesota Twins,74,86,1971,-0.9486832980505138,0.9486832980505138
MLB,Montreal Expos,71,90,1971,-1.4974097718542911,1.4974097718542911
MLB,Milwaukee Brewers,69,92,1971,-1.8126539343499315,1.8126539343499315
MLB,Philadelphia Phillies,67,95,1971,-2.199887763691481,2.199887763691481
MLB,Washington Senators,63,96,1971,-2.6170702328698754,2.6170702328698754
MLB,San Diego Padres,61,100,1971,-3.0736305843324927,3.0736305843324927
MLB,Cleveland Indians,60,102,1971,-3.2998316455372216,3.2998316455372216
MLB,Pittsburgh Pirates,96,59,1972,2.9719115169392456,2.9719115169392456
MLB,Cincinnati Reds,95,59,1972,2.900962670491369,2.900962670491369
MLB,Oakland Athletics,93,62,1972,2.4899799195977463,2.4899799195977463
MLB,Chicago White Sox,87,67,1972,1.6116459280507605,1.6116459280507605
MLB,Detroit Tigers,86,70,1972,1.281025230440697,1.281025230440697
MLB,Houston Astros,84,69,1972,1.212678125181665,1.212678125181665
MLB,Boston Red Sox,85,70,1972,1.2048289933537484,1.2048289933537484
MLB,Chicago Cubs,85,70,1972,1.2048289933537484,1.2048289933537484
MLB,Los Angeles Dodgers,85,70,1972,1.2048289933537484,1.2048289933537484
MLB,New York Mets,83,73,1972,0.8006407690254357,0.8006407690254357
MLB,Baltimore Orioles,80,74,1972,0.48349377841522817,0.48349377841522817
MLB,New York Yankees,79,76,1972,0.24096579867074966,0.24096579867074966
MLB,Minnesota Twins,77,77,1972,0.0,0.0
MLB,Kansas City Royals,76,78,1972,-0.16116459280507606,0.16116459280507606
MLB,California Angels,75,80,1972,-0.4016096644512494,0.4016096644512494
MLB,St. Louis Cardinals,75,81,1972,-0.48038446141526137,0.48038446141526137
MLB,Cleveland Indians,72,84,1972,-0.9607689228305227,0.9607689228305227
MLB,Atlanta Braves,70,84,1972,-1.1281521496355325,1.1281521496355325
MLB,Montreal Expos,70,86,1972,-1.281025230440697,1.281025230440697
MLB,San Francisco Giants,69,86,1972,-1.365472859134248,1.365472859134248
MLB,Milwaukee Brewers,65,91,1972,-2.0816659994661326,2.0816659994661326
MLB,San Diego Padres,58,95,1972,-2.99127270878144,2.99127270878144
MLB,Philadelphia Phillies,59,97,1972,-3.0424349222966556,3.0424349222966556
MLB,Texas Rangers,54,100,1972,-3.7067856345167494,3.7067856345167494
MLB,Cincinnati Reds,99,63,1973,2.8284271247461903,2.8284271247461903
MLB,Baltimore Orioles,97,65,1973,2.5141574442188355,2.5141574442188355
MLB,Los Angeles Dodgers,95,66,1973,2.285520178093392,2.285520178093392
MLB,Oakland Athletics,94,68,1973,2.042752923427804,2.042752923427804
MLB,Boston Red Sox,89,73,1973,1.2570787221094177,1.2570787221094177
MLB,Kansas City Royals,88,74,1973,1.0999438818457405,1.0999438818457405
MLB,San Francisco Giants,88,74,1973,1.0999438818457405,1.0999438818457405
MLB,Detroit Tigers,85,77,1973,0.6285393610547089,0.6285393610547089
MLB,New York Mets,82,79,1973,0.23643312187173018,0.23643312187173018
MLB,Houston Astros,82,80,1973,0.15713484026367722,0.15713484026367722
MLB,St. Louis Cardinals,81,81,1973,0.0,0.0
MLB,Minnesota Twins,81,81,1973,0.0,0.0
MLB,Pittsburgh Pirates,80,82,1973,-0.15713484026367722,0.15713484026367722
MLB,New York Yankees,80,82,1973,-0.15713484026367722,0.15713484026367722
MLB,California Angels,79,83,1973,-0.31426968052735443,0.31426968052735443
MLB,Montreal Expos,79,83,1973,-0.31426968052735443,0.31426968052735443
MLB,Chicago Cubs,77,84,1973,-0.5516772843673704,0.5516772843673704
MLB,Chicago White Sox,77,85,1973,-0.6285393610547089,0.6285393610547089
MLB,Atlanta Braves,76,85,1973,-0.7092993656151906,0.7092993656151906
MLB,Milwaukee Brewers,74,88,1973,-1.0999438818457405,1.0999438818457405
MLB,Philadelphia Phillies,71,91,1973,-1.5713484026367723,1.5713484026367723
MLB,Cleveland Indians,71,91,1973,-1.5713484026367723,1.5713484026367723
MLB,San Diego Padres,60,102,1973,-3.2998316455372216,3.2998316455372216
MLB,Texas Rangers,57,105,1973,-3.7712361663282534,3.7712361663282534
MLB,Los Angeles Dodgers,102,60,1974,3.2998316455372216,3.2998316455372216
MLB,Cincinnati Reds,98,64,1974,2.671292284482513,2.671292284482513
MLB,Baltimore Orioles,91,71,1974,1.5713484026367723,1.5713484026367723
MLB,Oakland Athletics,90,72,1974,1.4142135623730951,1.4142135623730951
MLB,New York Yankees,89,73,1974,1.2570787221094177,1.2570787221094177
MLB,Pittsburgh Pirates,88,74,1974,1.0999438818457405,1.0999438818457405
MLB,Atlanta Braves,88,74,1974,1.0999438818457405,1.0999438818457405
MLB,St. Louis Cardinals,86,75,1974,0.8669214468630108,0.8669214468630108
MLB,Texas Rangers,84,76,1974,0.6324555320336759,0.6324555320336759
MLB,Boston Red Sox,84,78,1974,0.4714045207910317,0.4714045207910317
MLB,Minnesota Twins,82,80,1974,0.15713484026367722,0.15713484026367722
MLB,Chicago White Sox,80,80,1974,0.0,0.0
MLB,Houston Astros,81,81,1974,0.0,0.0
MLB,Philadelphia Phillies,80,82,1974,-0.15713484026367722,0.15713484026367722
MLB,Montreal Expos,79,82,1974,-0.23643312187173018,0.23643312187173018
MLB,Cleveland Indians,77,85,1974,-0.6285393610547089,0.6285393610547089
MLB,Kansas City Royals,77,85,1974,-0.6285393610547089,0.6285393610547089
MLB,Milwaukee Brewers,76,86,1974,-0.7856742013183862,0.7856742013183862
MLB,San Francisco Giants,72,90,1974,-1.4142135623730951,1.4142135623730951
MLB,Detroit Tigers,72,90,1974,-1.4142135623730951,1.4142135623730951
MLB,New York Mets,71,91,1974,-1.5713484026367723,1.5713484026367723
MLB,California Angels,68,94,1974,-2.042752923427804,2.042752923427804
MLB,Chicago Cubs,66,96,1974,-2.3570226039551585,2.3570226039551585
MLB,San Diego Padres,60,102,1974,-3.2998316455372216,3.2998316455372216
MLB,Cincinnati Reds,108,54,1975,4.242640687119286,4.242640687119286
MLB,Oakland Athletics,98,64,1975,2.671292284482513,2.671292284482513
MLB,Boston Red Sox,95,65,1975,2.3717082451262845,2.3717082451262845
MLB,Pittsburgh Pirates,92,69,1975,1.8126539343499315,1.8126539343499315
MLB,Baltimore Orioles,90,69,1975,1.6654083300081026,1.6654083300081026
MLB,Kansas City Royals,91,71,1975,1.5713484026367723,1.5713484026367723
MLB,Los Angeles Dodgers,88,74,1975,1.0999438818457405,1.0999438818457405
MLB,Philadelphia Phillies,86,76,1975,0.7856742013183862,0.7856742013183862
MLB,New York Yankees,83,77,1975,0.4743416490252569,0.4743416490252569
MLB,St. Louis Cardinals,82,80,1975,0.15713484026367722,0.15713484026367722
MLB,New York Mets,82,80,1975,0.15713484026367722,0.15713484026367722
MLB,San Francisco Giants,80,81,1975,-0.07881104062391006,0.07881104062391006
MLB,Cleveland Indians,79,80,1975,-0.07930515857181442,0.07930515857181442
MLB,Texas Rangers,79,83,1975,-0.31426968052735443,0.31426968052735443
MLB,Minnesota Twins,76,83,1975,-0.5551361100027009,0.5551361100027009
MLB,Chicago White Sox,75,86,1975,-0.8669214468630108,0.8669214468630108
MLB,Chicago Cubs,75,87,1975,-0.9428090415820634,0.9428090415820634
MLB,Montreal Expos,75,87,1975,-0.9428090415820634,0.9428090415820634
MLB,California Angels,72,89,1975,-1.3397876906064712,1.3397876906064712
MLB,San Diego Padres,71,91,1975,-1.5713484026367723,1.5713484026367723
MLB,Milwaukee Brewers,68,94,1975,-2.042752923427804,2.042752923427804
MLB,Atlanta Braves,67,94,1975,-2.1278980968455716,2.1278980968455716
MLB,Houston Astros,64,97,1975,-2.600764340589032,2.600764340589032
MLB,Detroit Tigers,57,102,1975,-3.5687321357316484,3.5687321357316484
MLB,Cincinnati Reds,102,60,1976,3.2998316455372216,3.2998316455372216
MLB,Philadelphia Phillies,101,61,1976,3.1426968052735447,3.1426968052735447
MLB,New York Yankees,97,62,1976,2.7756805500135044,2.7756805500135044
MLB,Pittsburgh Pirates,92,70,1976,1.7284832429004495,1.7284832429004495
MLB,Los Angeles Dodgers,92,70,1976,1.7284832429004495,1.7284832429004495
MLB,Kansas City Royals,90,72,1976,1.4142135623730951,1.4142135623730951
MLB,Baltimore Orioles,88,74,1976,1.0999438818457405,1.0999438818457405
MLB,Oakland Athletics,87,74,1976,1.0245435281108308,1.0245435281108308
MLB,New York Mets,86,76,1976,0.7856742013183862,0.7856742013183862
MLB,Minnesota Twins,85,77,1976,0.6285393610547089,0.6285393610547089
MLB,Boston Red Sox,83,79,1976,0.31426968052735443,0.31426968052735443
MLB,Cleveland Indians,81,78,1976,0.23791547571544325,0.23791547571544325
MLB,Houston Astros,80,82,1976,-0.15713484026367722,0.15713484026367722
MLB,Texas Rangers,76,86,1976,-0.7856742013183862,0.7856742013183862
MLB,California Angels,76,86,1976,-0.7856742013183862,0.7856742013183862
MLB,Chicago Cubs,75,87,1976,-0.9428090415820634,0.9428090415820634
MLB,Detroit Tigers,74,87,1976,-1.0245435281108308,1.0245435281108308
MLB,San Francisco Giants,74,88,1976,-1.0999438818457405,1.0999438818457405
MLB,San Diego Padres,73,89,1976,-1.2570787221094177,1.2570787221094177
MLB,St. Louis Cardinals,72,90,1976,-1.4142135623730951,1.4142135623730951
MLB,Atlanta Braves,70,92,1976,-1.7284832429004495,1.7284832429004495
MLB,Milwaukee Brewers,66,95,1976,-2.285520178093392,2.285520178093392
MLB,Chicago White Sox,64,97,1976,-2.600764340589032,2.600764340589032
MLB,Montreal Expos,55,107,1976,-4.085505846855608,4.085505846855608
MLB,Kansas City Royals,102,60,1977,3.2998316455372216,3.2998316455372216
MLB,Philadelphia Phillies,101,61,1977,3.1426968052735447,3.1426968052735447
MLB,New York Yankees,100,62,1977,2.9855619650098673,2.9855619650098673
MLB,Los Angeles Dodgers,98,64,1977,2.671292284482513,2.671292284482513
MLB,Baltimore Orioles,97,64,1977,2.600764340589032,2.600764340589032
MLB,Boston Red Sox,97,64,1977,2.600764340589032,2.600764340589032
MLB,Pittsburgh Pirates,96,66,1977,2.3570226039551585,2.3570226039551585
MLB,Texas Rangers,94,68,1977,2.042752923427804,2.042752923427804
MLB,Chicago White Sox,90,72,1977,1.4142135623730951,1.4142135623730951
MLB,Cincinnati Reds,88,74,1977,1.0999438818457405,1.0999438818457405
MLB,Minnesota Twins,84,77,1977,0.5516772843673704,0.5516772843673704
MLB,St. Louis Cardinals,83,79,1977,0.31426968052735443,0.31426968052735443
MLB,Houston Astros,81,81,1977,0.0,0.0
MLB,Chicago Cubs,81,81,1977,0.0,0.0
MLB,San Francisco Giants,75,87,1977,-0.9428090415820634,0.9428090415820634
MLB,Montreal Expos,75,87,1977,-0.9428090415820634,0.9428090415820634
MLB,Detroit Tigers,74,88,1977,-1.0999438818457405,1.0999438818457405
MLB,California Angels,74,88,1977,-1.0999438818457405,1.0999438818457405
MLB,Cleveland Indians,71,90,1977,-1.4974097718542911,1.4974097718542911
MLB,San Diego Padres,69,93,1977,-1.8856180831641267,1.8856180831641267
MLB,Milwaukee Brewers,67,95,1977,-2.199887763691481,2.199887763691481
MLB,Seattle Mariners,64,98,1977,-2.671292284482513,2.671292284482513
MLB,New York Mets,64,98,1977,-2.671292284482513,2.671292284482513
MLB,Oakland Athletics,63,98,1977,-2.7583864218368523,2.7583864218368523
MLB,Atlanta Braves,61,101,1977,-3.1426968052735447,3.1426968052735447
MLB,Toronto Blue Jays,54,107,1977,-4.176985153067234,4.176985153067234
MLB,New York Yankees,100,63,1978,2.8980636649554423,2.8980636649554423
MLB,Boston Red Sox,99,64,1978,2.741411574957851,2.741411574957851
MLB,Los Angeles Dodgers,95,67,1978,2.199887763691481,2.199887763691481
MLB,Milwaukee Brewers,93,69,1978,1.8856180831641267,1.8856180831641267
MLB,Cincinnati Reds,92,69,1978,1.8126539343499315,1.8126539343499315
MLB,Kansas City Royals,92,70,1978,1.7284832429004495,1.7284832429004495
MLB,Baltimore Orioles,90,71,1978,1.4974097718542911,1.4974097718542911
MLB,Philadelphia Phillies,90,72,1978,1.4142135623730951,1.4142135623730951
MLB,San Francisco Giants,89,73,1978,1.2570787221094177,1.2570787221094177
MLB,Pittsburgh Pirates,88,73,1978,1.182165609358651,1.182165609358651
MLB,Texas Rangers,87,75,1978,0.9428090415820634,0.9428090415820634
MLB,California Angels,87,75,1978,0.9428090415820634,0.9428090415820634
MLB,Detroit Tigers,86,76,1978,0.7856742013183862,0.7856742013183862
MLB,San Diego Padres,84,78,1978,0.4714045207910317,0.4714045207910317
MLB,Chicago Cubs,79,83,1978,-0.31426968052735443,0.31426968052735443
MLB,Montreal Expos,76,86,1978,-0.7856742013183862,0.7856742013183862
MLB,Houston Astros,74,88,1978,-1.0999438818457405,1.0999438818457405
MLB,Minnesota Twins,73,89,1978,-1.2570787221094177,1.2570787221094177
MLB,Chicago White Sox,71,90,1978,-1.4974097718542911,1.4974097718542911
MLB,Cleveland Indians,69,90,1978,-1.6654083300081026,1.6654083300081026
MLB,St. Louis Cardinals,69,93,1978,-1.8856180831641267,1.8856180831641267
MLB,Atlanta Braves,69,93,1978,-1.8856180831641267,1.8856180831641267
MLB,Oakland Athletics,69,93,1978,-1.8856180831641267,1.8856180831641267
MLB,New York Mets,66,96,1978,-2.3570226039551585,2.3570226039551585
MLB,Toronto Blue Jays,59,102,1978,-3.3888747468281326,3.3888747468281326
MLB,Seattle Mariners,56,104,1978,-3.794733192202055,3.794733192202055
MLB,Baltimore Orioles,102,57,1979,3.5687321357316484,3.5687321357316484
MLB,Pittsburgh Pirates,98,64,1979,2.671292284482513,2.671292284482513
MLB,Montreal Expos,95,65,1979,2.3717082451262845,2.3717082451262845
MLB,Milwaukee Brewers,95,66,1979,2.285520178093392,2.285520178093392
MLB,Boston Red Sox,91,69,1979,1.7392527130926085,1.7392527130926085
MLB,Cincinnati Reds,90,71,1979,1.4974097718542911,1.4974097718542911
MLB,New York Yankees,89,71,1979,1.4230249470757705,1.4230249470757705
MLB,Houston Astros,89,73,1979,1.2570787221094177,1.2570787221094177
MLB,California Angels,88,74,1979,1.0999438818457405,1.0999438818457405
MLB,St. Louis Cardinals,86,76,1979,0.7856742013183862,0.7856742013183862
MLB,Detroit Tigers,85,76,1979,0.7092993656151906,0.7092993656151906
MLB,Kansas City Royals,85,77,1979,0.6285393610547089,0.6285393610547089
MLB,Philadelphia Phillies,84,78,1979,0.4714045207910317,0.4714045207910317
MLB,Texas Rangers,83,79,1979,0.31426968052735443,0.31426968052735443
MLB,Minnesota Twins,82,80,1979,0.15713484026367722,0.15713484026367722
MLB,Cleveland Indians,81,80,1979,0.07881104062391006,0.07881104062391006
MLB,Chicago Cubs,80,82,1979,-0.15713484026367722,0.15713484026367722
MLB,Los Angeles Dodgers,79,83,1979,-0.31426968052735443,0.31426968052735443
MLB,Chicago White Sox,73,87,1979,-1.1067971810589328,1.1067971810589328
MLB,San Francisco Giants,71,91,1979,-1.5713484026367723,1.5713484026367723
MLB,San Diego Padres,68,93,1979,-1.9702760155977517,1.9702760155977517
MLB,Seattle Mariners,67,95,1979,-2.199887763691481,2.199887763691481
MLB,Atlanta Braves,66,94,1979,-2.2135943621178655,2.2135943621178655
MLB,New York Mets,63,99,1979,-2.8284271247461903,2.8284271247461903
MLB,Oakland Athletics,54,108,1979,-4.242640687119286,4.242640687119286
MLB,Toronto Blue Jays,53,109,1979,-4.399775527382962,4.399775527382962
MLB,New York Yankees,103,59,1980,3.456966485800899,3.456966485800899
MLB,Baltimore Orioles,100,62,1980,2.9855619650098673,2.9855619650098673
MLB,Kansas City Royals,97,65,1980,2.5141574442188355,2.5141574442188355
MLB,Houston Astros,93,70,1980,1.801499034972302,1.801499034972302
MLB,Los Angeles Dodgers,92,71,1980,1.6448469449747105,1.6448469449747105
MLB,Philadelphia Phillies,91,71,1980,1.5713484026367723,1.5713484026367723
MLB,Montreal Expos,90,72,1980,1.4142135623730951,1.4142135623730951
MLB,Cincinnati Reds,89,73,1980,1.2570787221094177,1.2570787221094177
MLB,Milwaukee Brewers,86,76,1980,0.7856742013183862,0.7856742013183862
MLB,Boston Red Sox,83,77,1980,0.4743416490252569,0.4743416490252569
MLB,Detroit Tigers,84,78,1980,0.4714045207910317,0.4714045207910317
MLB,Oakland Athletics,83,79,1980,0.31426968052735443,0.31426968052735443
MLB,Pittsburgh Pirates,83,79,1980,0.31426968052735443,0.31426968052735443
MLB,Atlanta Braves,81,80,1980,0.07881104062391006,0.07881104062391006
MLB,Cleveland Indians,79,81,1980,-0.15811388300841897,0.15811388300841897
MLB,Minnesota Twins,77,84,1980,-0.5516772843673704,0.5516772843673704
MLB,Texas Rangers,76,85,1980,-0.7092993656151906,0.7092993656151906
MLB,San Francisco Giants,75,86,1980,-0.8669214468630108,0.8669214468630108
MLB,St. Louis Cardinals,74,88,1980,-1.0999438818457405,1.0999438818457405
MLB,San Diego Padres,73,89,1980,-1.2570787221094177,1.2570787221094177
MLB,Chicago White Sox,70,90,1980,-1.5811388300841895,1.5811388300841895
MLB,New York Mets,67,95,1980,-2.199887763691481,2.199887763691481
MLB,Toronto Blue Jays,67,95,1980,-2.199887763691481,2.199887763691481
MLB,California Angels,65,95,1980,-2.3717082451262845,2.3717082451262845
MLB,Chicago Cubs,64,98,1980,-2.671292284482513,2.671292284482513
MLB,Seattle Mariners,59,103,1980,-3.456966485800899,3.456966485800899
MLB,Cincinnati Reds,66,42,1981,2.309401076758503,2.309401076758503
MLB,Oakland Athletics,64,45,1981,1.8198699419201876,1.8198699419201876
MLB,St. Louis Cardinals,59,43,1981,1.584236068762679,1.584236068762679
MLB,Los Angeles Dodgers,63,47,1981,1.5255401427929478,1.5255401427929478
MLB,Milwaukee Brewers,62,47,1981,1.436739427831727,1.436739427831727
MLB,Baltimore Orioles,59,46,1981,1.2686700948330931,1.2686700948330931
MLB,Montreal Expos,60,48,1981,1.1547005383792515,1.1547005383792515
MLB,Houston Astros,61,49,1981,1.1441551070947107,1.1441551070947107
MLB,Philadelphia Phillies,59,48,1981,1.0634101379502299,1.0634101379502299
MLB,New York Yankees,59,48,1981,1.0634101379502299,1.0634101379502299
MLB,Detroit Tigers,60,49,1981,1.0536089137432665,1.0536089137432665
MLB,Boston Red Sox,59,49,1981,0.9622504486493763,0.9622504486493763
MLB,Texas Rangers,57,48,1981,0.8783100656536799,0.8783100656536799
MLB,Chicago White Sox,54,52,1981,0.19425717247145283,0.19425717247145283
MLB,Cleveland Indians,52,51,1981,0.09853292781642932,0.09853292781642932
MLB,San Francisco Giants,56,55,1981,0.0949157995752499,0.0949157995752499
MLB,Kansas City Royals,50,53,1981,-0.29559878344928797,0.29559878344928797
MLB,Atlanta Braves,50,56,1981,-0.5827715174143585,0.5827715174143585
MLB,California Angels,51,59,1981,-0.7627700713964739,0.7627700713964739
MLB,Pittsburgh Pirates,46,56,1981,-0.9901475429766744,0.9901475429766744
MLB,Seattle Mariners,44,65,1981,-2.011435198964418,2.011435198964418
MLB,New York Mets,41,62,1981,-2.0691914841450156,2.0691914841450156
MLB,Minnesota Twins,41,68,1981,-2.5861309700971087,2.5861309700971087
MLB,Chicago Cubs,38,65,1981,-2.6603890510435915,2.6603890510435915
MLB,San Diego Padres,41,69,1981,-2.6696952498876585,2.6696952498876585
MLB,Toronto Blue Jays,37,69,1981,-3.1081147595432452,3.1081147595432452
MLB,Milwaukee Brewers,95,67,1982,2.199887763691481,2.199887763691481
MLB,Baltimore Orioles,94,68,1982,2.042752923427804,2.042752923427804
MLB,California Angels,93,69,1982,1.8856180831641267,1.8856180831641267
MLB,St. Louis Cardinals,92,70,1982,1.7284832429004495,1.7284832429004495
MLB,Kansas City Royals,90,72,1982,1.4142135623730951,1.4142135623730951
MLB,Atlanta Braves,89,73,1982,1.2570787221094177,1.2570787221094177
MLB,Philadelphia Phillies,89,73,1982,1.2570787221094177,1.2570787221094177
MLB,Boston Red Sox,89,73,1982,1.2570787221094177,1.2570787221094177
MLB,Los Angeles Dodgers,88,74,1982,1.0999438818457405,1.0999438818457405
MLB,San Francisco Giants,87,75,1982,0.9428090415820634,0.9428090415820634
MLB,Chicago White Sox,87,75,1982,0.9428090415820634,0.9428090415820634
MLB,Montreal Expos,86,76,1982,0.7856742013183862,0.7856742013183862
MLB,Pittsburgh Pirates,84,78,1982,0.4714045207910317,0.4714045207910317
MLB,Detroit Tigers,83,79,1982,0.31426968052735443,0.31426968052735443
MLB,San Diego Padres,81,81,1982,0.0,0.0
MLB,New York Yankees,79,83,1982,-0.31426968052735443,0.31426968052735443
MLB,Toronto Blue Jays,78,84,1982,-0.4714045207910317,0.4714045207910317
MLB,Cleveland Indians,78,84,1982,-0.4714045207910317,0.4714045207910317
MLB,Houston Astros,77,85,1982,-0.6285393610547089,0.6285393610547089
MLB,Seattle Mariners,76,86,1982,-0.7856742013183862,0.7856742013183862
MLB,Chicago Cubs,73,89,1982,-1.2570787221094177,1.2570787221094177
MLB,Oakland Athletics,68,94,1982,-2.042752923427804,2.042752923427804
MLB,New York Mets,65,97,1982,-2.5141574442188355,2.5141574442188355
MLB,Texas Rangers,64,98,1982,-2.671292284482513,2.671292284482513
MLB,Cincinnati Reds,61,101,1982,-3.1426968052735447,3.1426968052735447
MLB,Minnesota Twins,60,102,1982,-3.2998316455372216,3.2998316455372216
MLB,Chicago White Sox,99,63,1983,2.8284271247461903,2.8284271247461903
MLB,Baltimore Orioles,98,64,1983,2.671292284482513,2.671292284482513
MLB,Detroit Tigers,92,70,1983,1.7284832429004495,1.7284832429004495
MLB,Los Angeles Dodgers,91,71,1983,1.5713484026367723,1.5713484026367723
MLB,New York Yankees,91,71,1983,1.5713484026367723,1.5713484026367723
MLB,Philadelphia Phillies,90,72,1983,1.4142135623730951,1.4142135623730951
MLB,Toronto Blue Jays,89,73,1983,1.2570787221094177,1.2570787221094177
MLB,Atlanta Braves,88,74,1983,1.0999438818457405,1.0999438818457405
MLB,Milwaukee Brewers,87,75,1983,0.9428090415820634,0.9428090415820634
MLB,Houston Astros,85,77,1983,0.6285393610547089,0.6285393610547089
MLB,Pittsburgh Pirates,84,78,1983,0.4714045207910317,0.4714045207910317
MLB,Montreal Expos,82,80,1983,0.15713484026367722,0.15713484026367722
MLB,San Diego Padres,81,81,1983,0.0,0.0
MLB,Kansas City Royals,79,83,1983,-0.31426968052735443,0.31426968052735443
MLB,St. Louis Cardinals,79,83,1983,-0.31426968052735443,0.31426968052735443
MLB,San Francisco Giants,79,83,1983,-0.31426968052735443,0.31426968052735443
MLB,Boston Red Sox,78,84,1983,-0.4714045207910317,0.4714045207910317
MLB,Texas Rangers,77,85,1983,-0.6285393610547089,0.6285393610547089
MLB,Oakland Athletics,74,88,1983,-1.0999438818457405,1.0999438818457405
MLB,Cincinnati Reds,74,88,1983,-1.0999438818457405,1.0999438818457405
MLB,Chicago Cubs,71,91,1983,-1.5713484026367723,1.5713484026367723
MLB,California Angels,70,92,1983,-1.7284832429004495,1.7284832429004495
MLB,Minnesota Twins,70,92,1983,-1.7284832429004495,1.7284832429004495
MLB,Cleveland Indians,70,92,1983,-1.7284832429004495,1.7284832429004495
MLB,New York Mets,68,94,1983,-2.042752923427804,2.042752923427804
MLB,Seattle Mariners,60,102,1983,-3.2998316455372216,3.2998316455372216
MLB,Detroit Tigers,104,58,1984,3.6141013260645765,3.6141013260645765
MLB,Chicago Cubs,96,65,1984,2.443142259341212,2.443142259341212
MLB,San Diego Padres,92,70,1984,1.7284832429004495,1.7284832429004495
MLB,New York Mets,90,72,1984,1.4142135623730951,1.4142135623730951
MLB,Toronto Blue Jays,89,73,1984,1.2570787221094177,1.2570787221094177
MLB,New York Yankees,87,75,1984,0.9428090415820634,0.9428090415820634
MLB,Boston Red Sox,86,76,1984,0.7856742013183862,0.7856742013183862
MLB,Baltimore Orioles,85,77,1984,0.6285393610547089,0.6285393610547089
MLB,Kansas City Royals,84,78,1984,0.4714045207910317,0.4714045207910317
MLB,St. Louis Cardinals,84,78,1984,0.4714045207910317,0.4714045207910317
MLB,California Angels,81,81,1984,0.0,0.0
MLB,Minnesota Twins,81,81,1984,0.0,0.0
MLB,Philadelphia Phillies,81,81,1984,0.0,0.0
MLB,Atlanta Braves,80,82,1984,-0.15713484026367722,0.15713484026367722
MLB,Houston Astros,80,82,1984,-0.15713484026367722,0.15713484026367722
MLB,Los Angeles Dodgers,79,83,1984,-0.31426968052735443,0.31426968052735443
MLB,Montreal Expos,78,83,1984,-0.39405520311955033,0.39405520311955033
MLB,Oakland Athletics,77,85,1984,-0.6285393610547089,0.6285393610547089
MLB,Pittsburgh Pirates,75,87,1984,-0.9428090415820634,0.9428090415820634
MLB,Cleveland Indians,75,87,1984,-0.9428090415820634,0.9428090415820634
MLB,Seattle Mariners,74,88,1984,-1.0999438818457405,1.0999438818457405
MLB,Chicago White Sox,74,88,1984,-1.0999438818457405,1.0999438818457405
MLB,Cincinnati Reds,70,92,1984,-1.7284832429004495,1.7284832429004495
MLB,Texas Rangers,69,92,1984,-1.8126539343499315,1.8126539343499315
MLB,Milwaukee Brewers,67,94,1984,-2.1278980968455716,2.1278980968455716
MLB,San Francisco Giants,66,96,1984,-2.3570226039551585,2.3570226039551585
MLB,St. Louis Cardinals,101,61,1985,3.1426968052735447,3.1426968052735447
MLB,Toronto Blue Jays,99,62,1985,2.9160085030846723,2.9160085030846723
MLB,New York Mets,98,64,1985,2.671292284482513,2.671292284482513
MLB,New York Yankees,97,64,1985,2.600764340589032,2.600764340589032
MLB,Los Angeles Dodgers,95,67,1985,2.199887763691481,2.199887763691481
MLB,Kansas City Royals,91,71,1985,1.5713484026367723,1.5713484026367723
MLB,California Angels,90,72,1985,1.4142135623730951,1.4142135623730951
MLB,Cincinnati Reds,89,72,1985,1.3397876906064712,1.3397876906064712
MLB,Chicago White Sox,85,77,1985,0.6285393610547089,0.6285393610547089
MLB,Detroit Tigers,84,77,1985,0.5516772843673704,0.5516772843673704
MLB,Montreal Expos,84,77,1985,0.5516772843673704,0.5516772843673704
MLB,Baltimore Orioles,83,78,1985,0.39405520311955033,0.39405520311955033
MLB,San Diego Padres,83,79,1985,0.31426968052735443,0.31426968052735443
MLB,Houston Astros,83,79,1985,0.31426968052735443,0.31426968052735443
MLB,Boston Red Sox,81,81,1985,0.0,0.0
MLB,Chicago Cubs,77,84,1985,-0.5516772843673704,0.5516772843673704
MLB,Minnesota Twins,77,85,1985,-0.6285393610547089,0.6285393610547089
MLB,Oakland Athletics,77,85,1985,-0.6285393610547089,0.6285393610547089
MLB,Philadelphia Phillies,75,87,1985,-0.9428090415820634,0.9428090415820634
MLB,Seattle Mariners,74,88,1985,-1.0999438818457405,1.0999438818457405
MLB,Milwaukee Brewers,71,90,1985,-1.4974097718542911,1.4974097718542911
MLB,Atlanta Braves,66,96,1985,-2.3570226039551585,2.3570226039551585
MLB,Texas Rangers,62,99,1985,-2.9160085030846723,2.9160085030846723
MLB,San Francisco Giants,62,100,1985,-2.9855619650098673,2.9855619650098673
MLB,Cleveland Indians,60,102,1985,-3.2998316455372216,3.2998316455372216
MLB,Pittsburgh Pirates,57,104,1985,-3.704118909323773,3.704118909323773
MLB,New York Mets,108,54,1986,4.242640687119286,4.242640687119286
MLB,Houston Astros,96,66,1986,2.3570226039551585,2.3570226039551585
MLB,Boston Red Sox,95,66,1986,2.285520178093392,2.285520178093392
MLB,California Angels,92,70,1986,1.7284832429004495,1.7284832429004495
MLB,New York Yankees,90,72,1986,1.4142135623730951,1.4142135623730951
MLB,Texas Rangers,87,75,1986,0.9428090415820634,0.9428090415820634
MLB,Detroit Tigers,87,75,1986,0.9428090415820634,0.9428090415820634
MLB,Philadelphia Phillies,86,75,1986,0.8669214468630108,0.8669214468630108
MLB,Cincinnati Reds,86,76,1986,0.7856742013183862,0.7856742013183862
MLB,Toronto Blue Jays,86,76,1986,0.7856742013183862,0.7856742013183862
MLB,Cleveland Indians,84,78,1986,0.4714045207910317,0.4714045207910317
MLB,San Francisco Giants,83,79,1986,0.31426968052735443,0.31426968052735443
MLB,St. Louis Cardinals,79,82,1986,-0.23643312187173018,0.23643312187173018
MLB,Montreal Expos,78,83,1986,-0.39405520311955033,0.39405520311955033
MLB,Milwaukee Brewers,77,84,1986,-0.5516772843673704,0.5516772843673704
MLB,Kansas City Royals,76,86,1986,-0.7856742013183862,0.7856742013183862
MLB,Oakland Athletics,76,86,1986,-0.7856742013183862,0.7856742013183862
MLB,San Diego Padres,74,88,1986,-1.0999438818457405,1.0999438818457405
MLB,Los Angeles Dodgers,73,89,1986,-1.2570787221094177,1.2570787221094177
MLB,Baltimore Orioles,73,89,1986,-1.2570787221094177,1.2570787221094177
MLB,Atlanta Braves,72,89,1986,-1.3397876906064712,1.3397876906064712
MLB,Chicago White Sox,72,90,1986,-1.4142135623730951,1.4142135623730951
MLB,Minnesota Twins,71,91,1986,-1.5713484026367723,1.5713484026367723
MLB,Chicago Cubs,70,90,1986,-1.5811388300841895,1.5811388300841895
MLB,Seattle Mariners,67,95,1986,-2.199887763691481,2.199887763691481
MLB,Pittsburgh Pirates,64,98,1986,-2.671292284482513,2.671292284482513
MLB,Detroit Tigers,98,64,1987,2.671292284482513,2.671292284482513
MLB,Toronto Blue Jays,96,66,1987,2.3570226039551585,2.3570226039551585
MLB,St. Louis Cardinals,95,67,1987,2.199887763691481,2.199887763691481
MLB,New York Mets,92,70,1987,1.7284832429004495,1.7284832429004495
MLB,Milwaukee Brewers,91,71,1987,1.5713484026367723,1.5713484026367723
MLB,Montreal Expos,91,71,1987,1.5713484026367723,1.5713484026367723
MLB,San Francisco Giants,90,72,1987,1.4142135623730951,1.4142135623730951
MLB,New York Yankees,89,73,1987,1.2570787221094177,1.2570787221094177
MLB,Minnesota Twins,85,77,1987,0.6285393610547089,0.6285393610547089
MLB,Cincinnati Reds,84,78,1987,0.4714045207910317,0.4714045207910317
MLB,Kansas City Royals,83,79,1987,0.31426968052735443,0.31426968052735443
MLB,Oakland Athletics,81,81,1987,0.0,0.0
MLB,Philadelphia Phillies,80,82,1987,-0.15713484026367722,0.15713484026367722
MLB,Pittsburgh Pirates,80,82,1987,-0.15713484026367722,0.15713484026367722
MLB,Seattle Mariners,78,84,1987,-0.4714045207910317,0.4714045207910317
MLB,Boston Red Sox,78,84,1987,-0.4714045207910317,0.4714045207910317
MLB,Chicago White Sox,77,85,1987,-0.6285393610547089,0.6285393610547089
MLB,Chicago Cubs,76,85,1987,-0.7092993656151906,0.7092993656151906
MLB,Houston Astros,76,86,1987,-0.7856742013183862,0.7856742013183862
MLB,Texas Rangers,75,87,1987,-0.9428090415820634,0.9428090415820634
MLB,California Angels,75,87,1987,-0.9428090415820634,0.9428090415820634
MLB,Los Angeles Dodgers,73,89,1987,-1.2570787221094177,1.2570787221094177
MLB,Atlanta Braves,69,92,1987,-1.8126539343499315,1.8126539343499315
MLB,Baltimore Orioles,67,95,1987,-2.199887763691481,2.199887763691481
MLB,San Diego Padres,65,97,1987,-2.5141574442188355,2.5141574442188355
MLB,Cleveland Indians,61,101,1987,-3.1426968052735447,3.1426968052735447
MLB,Oakland Athletics,104,58,1988,3.6141013260645765,3.6141013260645765
MLB,New York Mets,100,60,1988,3.162277660168379,3.162277660168379
MLB,Los Angeles Dodgers,94,67,1988,2.1278980968455716,2.1278980968455716
MLB,Minnesota Twins,91,71,1988,1.5713484026367723,1.5713484026367723
MLB,Boston Red Sox,89,73,1988,1.2570787221094177,1.2570787221094177
MLB,Detroit Tigers,88,74,1988,1.0999438818457405,1.0999438818457405
MLB,Cincinnati Reds,87,74,1988,1.0245435281108308,1.0245435281108308
MLB,Toronto Blue Jays,87,75,1988,0.9428090415820634,0.9428090415820634
MLB,Milwaukee Brewers,87,75,1988,0.9428090415820634,0.9428090415820634
MLB,Pittsburgh Pirates,85,75,1988,0.7905694150420948,0.7905694150420948
MLB,New York Yankees,85,76,1988,0.7092993656151906,0.7092993656151906
MLB,Kansas City Royals,84,77,1988,0.5516772843673704,0.5516772843673704
MLB,San Diego Padres,83,78,1988,0.39405520311955033,0.39405520311955033
MLB,San Francisco Giants,83,79,1988,0.31426968052735443,0.31426968052735443
MLB,Houston Astros,82,80,1988,0.15713484026367722,0.15713484026367722
MLB,Montreal Expos,81,81,1988,0.0,0.0
MLB,Cleveland Indians,78,84,1988,-0.4714045207910317,0.4714045207910317
MLB,Chicago Cubs,77,85,1988,-0.6285393610547089,0.6285393610547089
MLB,St. Louis Cardinals,76,86,1988,-0.7856742013183862,0.7856742013183862
MLB,California Angels,75,87,1988,-0.9428090415820634,0.9428090415820634
MLB,Chicago White Sox,71,90,1988,-1.4974097718542911,1.4974097718542911
MLB,Texas Rangers,70,91,1988,-1.6550318531021113,1.6550318531021113
MLB,Seattle Mariners,68,93,1988,-1.9702760155977517,1.9702760155977517
MLB,Philadelphia Phillies,65,96,1988,-2.443142259341212,2.443142259341212
MLB,Atlanta Braves,54,106,1988,-4.110960958218893,4.110960958218893
MLB,Baltimore Orioles,54,107,1988,-4.176985153067234,4.176985153067234
MLB,Oakland Athletics,99,63,1989,2.8284271247461903,2.8284271247461903
MLB,Chicago Cubs,93,69,1989,1.8856180831641267,1.8856180831641267
MLB,San Francisco Giants,92,70,1989,1.7284832429004495,1.7284832429004495
MLB,Kansas City Royals,92,70,1989,1.7284832429004495,1.7284832429004495
MLB,California Angels,91,71,1989,1.5713484026367723,1.5713484026367723
MLB,Toronto Blue Jays,89,73,1989,1.2570787221094177,1.2570787221094177
MLB,San Diego Padres,89,73,1989,1.2570787221094177,1.2570787221094177
MLB,Baltimore Orioles,87,75,1989,0.9428090415820634,0.9428090415820634
MLB,New York Mets,87,75,1989,0.9428090415820634,0.9428090415820634
MLB,St. Louis Cardinals,86,76,1989,0.7856742013183862,0.7856742013183862
MLB,Houston Astros,86,76,1989,0.7856742013183862,0.7856742013183862
MLB,Boston Red Sox,83,79,1989,0.31426968052735443,0.31426968052735443
MLB,Texas Rangers,83,79,1989,0.31426968052735443,0.31426968052735443
MLB,Milwaukee Brewers,81,81,1989,0.0,0.0
MLB,Montreal Expos,81,81,1989,0.0,0.0
MLB,Minnesota Twins,80,82,1989,-0.15713484026367722,0.15713484026367722
MLB,Los Angeles Dodgers,77,83,1989,-0.4743416490252569,0.4743416490252569
MLB,Cincinnati Reds,75,87,1989,-0.9428090415820634,0.9428090415820634
MLB,New York Yankees,74,87,1989,-1.0245435281108308,1.0245435281108308
MLB,Pittsburgh Pirates,74,88,1989,-1.0999438818457405,1.0999438818457405
MLB,Seattle Mariners,73,89,1989,-1.2570787221094177,1.2570787221094177
MLB,Cleveland Indians,73,89,1989,-1.2570787221094177,1.2570787221094177
MLB,Chicago White Sox,69,92,1989,-1.8126539343499315,1.8126539343499315
MLB,Philadelphia Phillies,67,95,1989,-2.199887763691481,2.199887763691481
MLB,Atlanta Braves,63,97,1989,-2.687936011143122,2.687936011143122
MLB,Detroit Tigers,59,103,1989,-3.456966485800899,3.456966485800899
MLB,Oakland Athletics,103,59,1990,3.456966485800899,3.456966485800899
MLB,Pittsburgh Pirates,95,67,1990,2.199887763691481,2.199887763691481
MLB,Chicago White Sox,94,68,1990,2.042752923427804,2.042752923427804
MLB,Cincinnati Reds,91,71,1990,1.5713484026367723,1.5713484026367723
MLB,New York Mets,91,71,1990,1.5713484026367723,1.5713484026367723
MLB,Boston Red Sox,88,74,1990,1.0999438818457405,1.0999438818457405
MLB,Toronto Blue Jays,86,76,1990,0.7856742013183862,0.7856742013183862
MLB,Los Angeles Dodgers,86,76,1990,0.7856742013183862,0.7856742013183862
MLB,San Francisco Giants,85,77,1990,0.6285393610547089,0.6285393610547089
MLB,Montreal Expos,85,77,1990,0.6285393610547089,0.6285393610547089
MLB,Texas Rangers,83,79,1990,0.31426968052735443,0.31426968052735443
MLB,California Angels,80,82,1990,-0.15713484026367722,0.15713484026367722
MLB,Detroit Tigers,79,83,1990,-0.31426968052735443,0.31426968052735443
MLB,Philadelphia Phillies,77,85,1990,-0.6285393610547089,0.6285393610547089
MLB,Chicago Cubs,77,85,1990,-0.6285393610547089,0.6285393610547089
MLB,Cleveland Indians,77,85,1990,-0.6285393610547089,0.6285393610547089
MLB,Seattle Mariners,77,85,1990,-0.6285393610547089,0.6285393610547089
MLB,Baltimore Orioles,76,85,1990,-0.7092993656151906,0.7092993656151906
MLB,Kansas City Royals,75,86,1990,-0.8669214468630108,0.8669214468630108
MLB,San Diego Padres,75,87,1990,-0.9428090415820634,0.9428090415820634
MLB,Houston Astros,75,87,1990,-0.9428090415820634,0.9428090415820634
MLB,Milwaukee Brewers,74,88,1990,-1.0999438818457405,1.0999438818457405
MLB,Minnesota Twins,74,88,1990,-1.0999438818457405,1.0999438818457405
MLB,St. Louis Cardinals,70,92,1990,-1.7284832429004495,1.7284832429004495
MLB,New York Yankees,67,95,1990,-2.199887763691481,2.199887763691481
MLB,Atlanta Braves,65,97,1990,-2.5141574442188355,2.5141574442188355
MLB,Pittsburgh Pirates,98,64,1991,2.671292284482513,2.671292284482513
MLB,Minnesota Twins,95,67,1991,2.199887763691481,2.199887763691481
MLB,Atlanta Braves,94,68,1991,2.042752923427804,2.042752923427804
MLB,Los Angeles Dodgers,93,69,1991,1.8856180831641267,1.8856180831641267
MLB,Toronto Blue Jays,91,71,1991,1.5713484026367723,1.5713484026367723
MLB,Chicago White Sox,87,75,1991,0.9428090415820634,0.9428090415820634
MLB,Texas Rangers,85,77,1991,0.6285393610547089,0.6285393610547089
MLB,St. Louis Cardinals,84,78,1991,0.4714045207910317,0.4714045207910317
MLB,Boston Red Sox,84,78,1991,0.4714045207910317,0.4714045207910317
MLB,Detroit Tigers,84,78,1991,0.4714045207910317,0.4714045207910317
MLB,San Diego Padres,84,78,1991,0.4714045207910317,0.4714045207910317
MLB,Oakland Athletics,84,78,1991,0.4714045207910317,0.4714045207910317
MLB,Milwaukee Brewers,83,79,1991,0.31426968052735443,0.31426968052735443
MLB,Seattle Mariners,83,79,1991,0.31426968052735443,0.31426968052735443
MLB,Kansas City Royals,82,80,1991,0.15713484026367722,0.15713484026367722
MLB,California Angels,81,81,1991,0.0,0.0
MLB,Philadelphia Phillies,78,84,1991,-0.4714045207910317,0.4714045207910317
MLB,Chicago Cubs,77,83,1991,-0.4743416490252569,0.4743416490252569
MLB,New York Mets,77,84,1991,-0.5516772843673704,0.5516772843673704
MLB,San Francisco Giants,75,87,1991,-0.9428090415820634,0.9428090415820634
MLB,Cincinnati Reds,74,88,1991,-1.0999438818457405,1.0999438818457405
MLB,Montreal Expos,71,90,1991,-1.4974097718542911,1.4974097718542911
MLB,New York Yankees,71,91,1991,-1.5713484026367723,1.5713484026367723
MLB,Baltimore Orioles,67,95,1991,-2.199887763691481,2.199887763691481
MLB,Houston Astros,65,97,1991,-2.5141574442188355,2.5141574442188355
MLB,Cleveland Indians,57,105,1991,-3.7712361663282534,3.7712361663282534
MLB,Atlanta Braves,98,64,1992,2.671292284482513,2.671292284482513
MLB,Pittsburgh Pirates,96,66,1992,2.3570226039551585,2.3570226039551585
MLB,Toronto Blue Jays,96,66,1992,2.3570226039551585,2.3570226039551585
MLB,Oakland Athletics,96,66,1992,2.3570226039551585,2.3570226039551585
MLB,Milwaukee Brewers,92,70,1992,1.7284832429004495,1.7284832429004495
MLB,Cincinnati Reds,90,72,1992,1.4142135623730951,1.4142135623730951
MLB,Minnesota Twins,90,72,1992,1.4142135623730951,1.4142135623730951
MLB,Baltimore Orioles,89,73,1992,1.2570787221094177,1.2570787221094177
MLB,Montreal Expos,87,75,1992,0.9428090415820634,0.9428090415820634
MLB,Chicago White Sox,86,76,1992,0.7856742013183862,0.7856742013183862
MLB,St. Louis Cardinals,83,79,1992,0.31426968052735443,0.31426968052735443
MLB,San Diego Padres,82,80,1992,0.15713484026367722,0.15713484026367722
MLB,Houston Astros,81,81,1992,0.0,0.0
MLB,Chicago Cubs,78,84,1992,-0.4714045207910317,0.4714045207910317
MLB,Texas Rangers,77,85,1992,-0.6285393610547089,0.6285393610547089
MLB,Cleveland Indians,76,86,1992,-0.7856742013183862,0.7856742013183862
MLB,New York Yankees,76,86,1992,-0.7856742013183862,0.7856742013183862
MLB,Detroit Tigers,75,87,1992,-0.9428090415820634,0.9428090415820634
MLB,Boston Red Sox,73,89,1992,-1.2570787221094177,1.2570787221094177
MLB,San Francisco Giants,72,90,1992,-1.4142135623730951,1.4142135623730951
MLB,California Angels,72,90,1992,-1.4142135623730951,1.4142135623730951
MLB,Kansas City Royals,72,90,1992,-1.4142135623730951,1.4142135623730951
MLB,New York Mets,72,90,1992,-1.4142135623730951,1.4142135623730951
MLB,Philadelphia Phillies,70,92,1992,-1.7284832429004495,1.7284832429004495
MLB,Seattle Mariners,64,98,1992,-2.671292284482513,2.671292284482513
MLB,Los Angeles Dodgers,63,99,1992,-2.8284271247461903,2.8284271247461903
MLB,Atlanta Braves,104,58,1993,3.6141013260645765,3.6141013260645765
MLB,San Francisco Giants,103,59,1993,3.456966485800899,3.456966485800899
MLB,Philadelphia Phillies,97,65,1993,2.5141574442188355,2.5141574442188355
MLB,Toronto Blue Jays,95,67,1993,2.199887763691481,2.199887763691481
MLB,Chicago White Sox,94,68,1993,2.042752923427804,2.042752923427804
MLB,Montreal Expos,94,68,1993,2.042752923427804,2.042752923427804
MLB,New York Yankees,88,74,1993,1.0999438818457405,1.0999438818457405
MLB,St. Louis Cardinals,87,75,1993,0.9428090415820634,0.9428090415820634
MLB,Texas Rangers,86,76,1993,0.7856742013183862,0.7856742013183862
MLB,Baltimore Orioles,85,77,1993,0.6285393610547089,0.6285393610547089
MLB,Detroit Tigers,85,77,1993,0.6285393610547089,0.6285393610547089
MLB,Houston Astros,85,77,1993,0.6285393610547089,0.6285393610547089
MLB,Kansas City Royals,84,78,1993,0.4714045207910317,0.4714045207910317
MLB,Chicago Cubs,84,78,1993,0.4714045207910317,0.4714045207910317
MLB,Seattle Mariners,82,80,1993,0.15713484026367722,0.15713484026367722
MLB,Los Angeles Dodgers,81,81,1993,0.0,0.0
MLB,Boston Red Sox,80,82,1993,-0.15713484026367722,0.15713484026367722
MLB,Cleveland Indians,76,86,1993,-0.7856742013183862,0.7856742013183862
MLB,Pittsburgh Pirates,75,87,1993,-0.9428090415820634,0.9428090415820634
MLB,Cincinnati Reds,73,89,1993,-1.2570787221094177,1.2570787221094177
MLB,California Angels,71,91,1993,-1.5713484026367723,1.5713484026367723
MLB,Minnesota Twins,71,91,1993,-1.5713484026367723,1.5713484026367723
MLB,Milwaukee Brewers,69,93,1993,-1.8856180831641267,1.8856180831641267
MLB,Oakland Athletics,68,94,1993,-2.042752923427804,2.042752923427804
MLB,Colorado Rockies,67,95,1993,-2.199887763691481,2.199887763691481
MLB,Florida Marlins,64,98,1993,-2.671292284482513,2.671292284482513
MLB,San Diego Padres,61,101,1993,-3.1426968052735447,3.1426968052735447
MLB,New York Mets,59,103,1993,-3.456966485800899,3.456966485800899
MLB,Montreal Expos,74,40,1994,3.1843917593777595,3.1843917593777595
MLB,New York Yankees,70,43,1994,2.5399463446357124,2.5399463446357124
MLB,Atlanta Braves,68,46,1994,2.060488785479727,2.060488785479727
MLB,Chicago White Sox,67,46,1994,1.9755138236055543,1.9755138236055543
MLB,Cleveland Indians,66,47,1994,1.7873696499288347,1.7873696499288347
MLB,Cincinnati Reds,66,48,1994,1.6858544608470492,1.6858544608470492
MLB,Houston Astros,66,49,1994,1.5852581740085334,1.5852581740085334
MLB,Baltimore Orioles,63,49,1994,1.3228756555322951,1.3228756555322951
MLB,Kansas City Royals,64,51,1994,1.212256250712408,1.212256250712408
MLB,Los Angeles Dodgers,58,56,1994,0.1873171623163388,0.1873171623163388
MLB,New York Mets,55,58,1994,-0.2822162605150792,0.2822162605150792
MLB,San Francisco Giants,55,60,1994,-0.4662524041201569,0.4662524041201569
MLB,Toronto Blue Jays,55,60,1994,-0.4662524041201569,0.4662524041201569
MLB,Philadelphia Phillies,54,61,1994,-0.6527533657682196,0.6527533657682196
MLB,Boston Red Sox,54,61,1994,-0.6527533657682196,0.6527533657682196
MLB,Minnesota Twins,53,60,1994,-0.658504607868518,0.658504607868518
MLB,Pittsburgh Pirates,53,61,1994,-0.7492686492653552,0.7492686492653552
MLB,St. Louis Cardinals,53,61,1994,-0.7492686492653552,0.7492686492653552
MLB,Detroit Tigers,53,62,1994,-0.8392543274162825,0.8392543274162825
MLB,Milwaukee Brewers,53,62,1994,-0.8392543274162825,0.8392543274162825
MLB,Texas Rangers,52,62,1994,-0.936585811581694,0.936585811581694
MLB,Colorado Rockies,53,64,1994,-1.0169503597462533,1.0169503597462533
MLB,Oakland Athletics,51,63,1994,-1.1239029738980328,1.1239029738980328
MLB,Florida Marlins,51,64,1994,-1.212256250712408,1.212256250712408
MLB,Seattle Mariners,49,63,1994,-1.3228756555322951,1.3228756555322951
MLB,Chicago Cubs,49,64,1994,-1.4110813025753959,1.4110813025753959
MLB,California Angels,47,68,1994,-1.958260097304659,1.958260097304659
MLB,San Diego Padres,47,70,1994,-2.1263507521967115,2.1263507521967115
MLB,Cleveland Indians,100,44,1995,4.666666666666667,4.666666666666667
MLB,Atlanta Braves,90,54,1995,3.0,3.0
MLB,Boston Red Sox,86,58,1995,2.3333333333333335,2.3333333333333335
MLB,Cincinnati Reds,85,59,1995,2.1666666666666665,2.1666666666666665
MLB,New York Yankees,79,65,1995,1.1666666666666667,1.1666666666666667
MLB,Seattle Mariners,79,66,1995,1.0795912380986197,1.0795912380986197
MLB,Los Angeles Dodgers,78,66,1995,1.0,1.0
MLB,California Angels,78,67,1995,0.9135002783911397,0.9135002783911397
MLB,Colorado Rockies,77,67,1995,0.8333333333333334,0.8333333333333334
MLB,Houston Astros,76,68,1995,0.6666666666666666,0.6666666666666666
MLB,Texas Rangers,74,70,1995,0.3333333333333333,0.3333333333333333
MLB,Chicago Cubs,73,71,1995,0.16666666666666666,0.16666666666666666
MLB,Baltimore Orioles,71,73,1995,-0.16666666666666666,0.16666666666666666
MLB,Kansas City Royals,70,74,1995,-0.3333333333333333,0.3333333333333333
MLB,San Diego Padres,70,74,1995,-0.3333333333333333,0.3333333333333333
MLB,Philadelphia Phillies,69,75,1995,-0.5,0.5
MLB,New York Mets,69,75,1995,-0.5,0.5
MLB,Chicago White Sox,68,76,1995,-0.6666666666666666,0.6666666666666666
MLB,Florida Marlins,67,76,1995,-0.7526178090063816,0.7526178090063816
MLB,Oakland Athletics,67,77,1995,-0.8333333333333334,0.8333333333333334
MLB,San Francisco Giants,67,77,1995,-0.8333333333333334,0.8333333333333334
MLB,Montreal Expos,66,78,1995,-1.0,1.0
MLB,Milwaukee Brewers,65,79,1995,-1.1666666666666667,1.1666666666666667
MLB,St. Louis Cardinals,62,81,1995,-1.5888598190134724,1.5888598190134724
MLB,Detroit Tigers,60,84,1995,-2.0,2.0
MLB,Pittsburgh Pirates,58,86,1995,-2.3333333333333335,2.3333333333333335
MLB,Toronto Blue Jays,56,88,1995,-2.6666666666666665,2.6666666666666665
MLB,Minnesota Twins,56,88,1995,-2.6666666666666665,2.6666666666666665
MLB,Cleveland Indians,99,62,1996,2.9160085030846723,2.9160085030846723
MLB,Atlanta Braves,96,66,1996,2.3570226039551585,2.3570226039551585
MLB,New York Yankees,92,70,1996,1.7284832429004495,1.7284832429004495
MLB,San Diego Padres,91,71,1996,1.5713484026367723,1.5713484026367723
MLB,Texas Rangers,90,72,1996,1.4142135623730951,1.4142135623730951
MLB,Los Angeles Dodgers,90,72,1996,1.4142135623730951,1.4142135623730951
MLB,St. Louis Cardinals,88,74,1996,1.0999438818457405,1.0999438818457405
MLB,Baltimore Orioles,88,74,1996,1.0999438818457405,1.0999438818457405
MLB,Montreal Expos,88,74,1996,1.0999438818457405,1.0999438818457405
MLB,Seattle Mariners,85,76,1996,0.7092993656151906,0.7092993656151906
MLB,Chicago White Sox,85,77,1996,0.6285393610547089,0.6285393610547089
MLB,Boston Red Sox,85,77,1996,0.6285393610547089,0.6285393610547089
MLB,Colorado Rockies,83,79,1996,0.31426968052735443,0.31426968052735443
MLB,Houston Astros,82,80,1996,0.15713484026367722,0.15713484026367722
MLB,Cincinnati Reds,81,81,1996,0.0,0.0
MLB,Florida Marlins,80,82,1996,-0.15713484026367722,0.15713484026367722
MLB,Milwaukee Brewers,80,82,1996,-0.15713484026367722,0.15713484026367722
MLB,Oakland Athletics,78,84,1996,-0.4714045207910317,0.4714045207910317
MLB,Minnesota Twins,78,84,1996,-0.4714045207910317,0.4714045207910317
MLB,Chicago Cubs,76,86,1996,-0.7856742013183862,0.7856742013183862
MLB,Kansas City Royals,75,86,1996,-0.8669214468630108,0.8669214468630108
MLB,Toronto Blue Jays,74,88,1996,-1.0999438818457405,1.0999438818457405
MLB,Pittsburgh Pirates,73,89,1996,-1.2570787221094177,1.2570787221094177
MLB,New York Mets,71,91,1996,-1.5713484026367723,1.5713484026367723
MLB,California Angels,70,91,1996,-1.6550318531021113,1.6550318531021113
MLB,San Francisco Giants,68,94,1996,-2.042752923427804,2.042752923427804
MLB,Philadelphia Phillies,67,95,1996,-2.199887763691481,2.199887763691481
MLB,Detroit Tigers,53,109,1996,-4.399775527382962,4.399775527382962
MLB,Atlanta Braves,101,61,1997,3.1426968052735447,3.1426968052735447
MLB,Baltimore Orioles,98,64,1997,2.671292284482513,2.671292284482513
MLB,New York Yankees,96,66,1997,2.3570226039551585,2.3570226039551585
MLB,Florida Marlins,92,70,1997,1.7284832429004495,1.7284832429004495
MLB,Seattle Mariners,90,72,1997,1.4142135623730951,1.4142135623730951
MLB,San Francisco Giants,90,72,1997,1.4142135623730951,1.4142135623730951
MLB,Los Angeles Dodgers,88,74,1997,1.0999438818457405,1.0999438818457405
MLB,New York Mets,88,74,1997,1.0999438818457405,1.0999438818457405
MLB,Cleveland Indians,86,75,1997,0.8669214468630108,0.8669214468630108
MLB,Houston Astros,84,78,1997,0.4714045207910317,0.4714045207910317
MLB,Anaheim Angels,84,78,1997,0.4714045207910317,0.4714045207910317
MLB,Colorado Rockies,83,79,1997,0.31426968052735443,0.31426968052735443
MLB,Chicago White Sox,80,81,1997,-0.07881104062391006,0.07881104062391006
MLB,Pittsburgh Pirates,79,83,1997,-0.31426968052735443,0.31426968052735443
MLB,Detroit Tigers,79,83,1997,-0.31426968052735443,0.31426968052735443
MLB,Milwaukee Brewers,78,83,1997,-0.39405520311955033,0.39405520311955033
MLB,Boston Red Sox,78,84,1997,-0.4714045207910317,0.4714045207910317
MLB,Montreal Expos,78,84,1997,-0.4714045207910317,0.4714045207910317
MLB,Texas Rangers,77,85,1997,-0.6285393610547089,0.6285393610547089
MLB,Cincinnati Reds,76,86,1997,-0.7856742013183862,0.7856742013183862
MLB,San Diego Padres,76,86,1997,-0.7856742013183862,0.7856742013183862
MLB,Toronto Blue Jays,76,86,1997,-0.7856742013183862,0.7856742013183862
MLB,St. Louis Cardinals,73,89,1997,-1.2570787221094177,1.2570787221094177
MLB,Minnesota Twins,68,94,1997,-2.042752923427804,2.042752923427804
MLB,Philadelphia Phillies,68,94,1997,-2.042752923427804,2.042752923427804
MLB,Chicago Cubs,68,94,1997,-2.042752923427804,2.042752923427804
MLB,Kansas City Royals,67,94,1997,-2.1278980968455716,2.1278980968455716
MLB,Oakland Athletics,65,97,1997,-2.5141574442188355,2.5141574442188355
MLB,New York Yankees,114,48,1998,5.185449728701348,5.185449728701348
MLB,Atlanta Braves,106,56,1998,3.928371006591931,3.928371006591931
MLB,Houston Astros,102,60,1998,3.2998316455372216,3.2998316455372216
MLB,San Diego Padres,98,64,1998,2.671292284482513,2.671292284482513
MLB,Boston Red Sox,92,70,1998,1.7284832429004495,1.7284832429004495
MLB,Chicago Cubs,90,73,1998,1.3315427649795275,1.3315427649795275
MLB,Cleveland Indians,89,73,1998,1.2570787221094177,1.2570787221094177
MLB,San Francisco Giants,89,74,1998,1.1748906749819361,1.1748906749819361
MLB,Texas Rangers,88,74,1998,1.0999438818457405,1.0999438818457405
MLB,New York Mets,88,74,1998,1.0999438818457405,1.0999438818457405
MLB,Toronto Blue Jays,88,74,1998,1.0999438818457405,1.0999438818457405
MLB,Anaheim Angels,85,77,1998,0.6285393610547089,0.6285393610547089
MLB,St. Louis Cardinals,83,79,1998,0.31426968052735443,0.31426968052735443
MLB,Los Angeles Dodgers,83,79,1998,0.31426968052735443,0.31426968052735443
MLB,Chicago White Sox,80,82,1998,-0.15713484026367722,0.15713484026367722
MLB,Baltimore Orioles,79,83,1998,-0.31426968052735443,0.31426968052735443
MLB,Cincinnati Reds,77,85,1998,-0.6285393610547089,0.6285393610547089
MLB,Colorado Rockies,77,85,1998,-0.6285393610547089,0.6285393610547089
MLB,Seattle Mariners,76,85,1998,-0.7092993656151906,0.7092993656151906
MLB,Philadelphia Phillies,75,87,1998,-0.9428090415820634,0.9428090415820634
MLB,Oakland Athletics,74,88,1998,-1.0999438818457405,1.0999438818457405
MLB,Milwaukee Brewers,74,88,1998,-1.0999438818457405,1.0999438818457405
MLB,Kansas City Royals,72,89,1998,-1.3397876906064712,1.3397876906064712
MLB,Minnesota Twins,70,92,1998,-1.7284832429004495,1.7284832429004495
MLB,Pittsburgh Pirates,69,93,1998,-1.8856180831641267,1.8856180831641267
MLB,Montreal Expos,65,97,1998,-2.5141574442188355,2.5141574442188355
MLB,Arizona Diamondbacks,65,97,1998,-2.5141574442188355,2.5141574442188355
MLB,Detroit Tigers,65,97,1998,-2.5141574442188355,2.5141574442188355
MLB,Tampa Bay Devil Rays,63,99,1998,-2.8284271247461903,2.8284271247461903
MLB,Florida Marlins,54,108,1998,-4.242640687119286,4.242640687119286
MLB,Atlanta Braves,103,59,1999,3.456966485800899,3.456966485800899
MLB,Arizona Diamondbacks,100,62,1999,2.9855619650098673,2.9855619650098673
MLB,New York Yankees,98,64,1999,2.671292284482513,2.671292284482513
MLB,Cleveland Indians,97,65,1999,2.5141574442188355,2.5141574442188355
MLB,Houston Astros,97,65,1999,2.5141574442188355,2.5141574442188355
MLB,New York Mets,97,66,1999,2.4281073949626677,2.4281073949626677
MLB,Cincinnati Reds,96,67,1999,2.2714553049650763,2.2714553049650763
MLB,Texas Rangers,95,67,1999,2.199887763691481,2.199887763691481
MLB,Boston Red Sox,94,68,1999,2.042752923427804,2.042752923427804
MLB,Oakland Athletics,87,75,1999,0.9428090415820634,0.9428090415820634
MLB,San Francisco Giants,86,76,1999,0.7856742013183862,0.7856742013183862
MLB,Toronto Blue Jays,84,78,1999,0.4714045207910317,0.4714045207910317
MLB,Seattle Mariners,79,83,1999,-0.31426968052735443,0.31426968052735443
MLB,Pittsburgh Pirates,78,83,1999,-0.39405520311955033,0.39405520311955033
MLB,Baltimore Orioles,78,84,1999,-0.4714045207910317,0.4714045207910317
MLB,Philadelphia Phillies,77,85,1999,-0.6285393610547089,0.6285393610547089
MLB,Los Angeles Dodgers,77,85,1999,-0.6285393610547089,0.6285393610547089
MLB,Chicago White Sox,75,86,1999,-0.8669214468630108,0.8669214468630108
MLB,St. Louis Cardinals,75,86,1999,-0.8669214468630108,0.8669214468630108
MLB,Milwaukee Brewers,74,87,1999,-1.0245435281108308,1.0245435281108308
MLB,San Diego Padres,74,88,1999,-1.0999438818457405,1.0999438818457405
MLB,Colorado Rockies,72,90,1999,-1.4142135623730951,1.4142135623730951
MLB,Anaheim Angels,70,92,1999,-1.7284832429004495,1.7284832429004495
MLB,Detroit Tigers,69,92,1999,-1.8126539343499315,1.8126539343499315
MLB,Tampa Bay Devil Rays,69,93,1999,-1.8856180831641267,1.8856180831641267
MLB,Montreal Expos,68,94,1999,-2.042752923427804,2.042752923427804
MLB,Chicago Cubs,67,95,1999,-2.199887763691481,2.199887763691481
MLB,Kansas City Royals,64,97,1999,-2.600764340589032,2.600764340589032
MLB,Florida Marlins,64,98,1999,-2.671292284482513,2.671292284482513
MLB,Minnesota Twins,63,97,1999,-2.687936011143122,2.687936011143122
MLB,San Francisco Giants,97,65,2000,2.5141574442188355,2.5141574442188355
MLB,St. Louis Cardinals,95,67,2000,2.199887763691481,2.199887763691481
MLB,Atlanta Braves,95,67,2000,2.199887763691481,2.199887763691481
MLB,Chicago White Sox,95,67,2000,2.199887763691481,2.199887763691481
MLB,New York Mets,94,68,2000,2.042752923427804,2.042752923427804
MLB,Oakland Athletics,91,70,2000,1.6550318531021113,1.6550318531021113
MLB,Seattle Mariners,91,71,2000,1.5713484026367723,1.5713484026367723
MLB,Cleveland Indians,90,72,2000,1.4142135623730951,1.4142135623730951
MLB,New York Yankees,87,74,2000,1.0245435281108308,1.0245435281108308
MLB,Los Angeles Dodgers,86,76,2000,0.7856742013183862,0.7856742013183862
MLB,Boston Red Sox,85,77,2000,0.6285393610547089,0.6285393610547089
MLB,Cincinnati Reds,85,77,2000,0.6285393610547089,0.6285393610547089
MLB,Arizona Diamondbacks,85,77,2000,0.6285393610547089,0.6285393610547089
MLB,Toronto Blue Jays,83,79,2000,0.31426968052735443,0.31426968052735443
MLB,Anaheim Angels,82,80,2000,0.15713484026367722,0.15713484026367722
MLB,Colorado Rockies,82,80,2000,0.15713484026367722,0.15713484026367722
MLB,Florida Marlins,79,82,2000,-0.23643312187173018,0.23643312187173018
MLB,Detroit Tigers,79,83,2000,-0.31426968052735443,0.31426968052735443
MLB,Kansas City Royals,77,85,2000,-0.6285393610547089,0.6285393610547089
MLB,San Diego Padres,76,86,2000,-0.7856742013183862,0.7856742013183862
MLB,Baltimore Orioles,74,88,2000,-1.0999438818457405,1.0999438818457405
MLB,Milwaukee Brewers,73,89,2000,-1.2570787221094177,1.2570787221094177
MLB,Houston Astros,72,90,2000,-1.4142135623730951,1.4142135623730951
MLB,Texas Rangers,71,91,2000,-1.5713484026367723,1.5713484026367723
MLB,Tampa Bay Devil Rays,69,92,2000,-1.8126539343499315,1.8126539343499315
MLB,Pittsburgh Pirates,69,93,2000,-1.8856180831641267,1.8856180831641267
MLB,Minnesota Twins,69,93,2000,-1.8856180831641267,1.8856180831641267
MLB,Montreal Expos,67,95,2000,-2.199887763691481,2.199887763691481
MLB,Philadelphia Phillies,65,97,2000,-2.5141574442188355,2.5141574442188355
MLB,Chicago Cubs,65,97,2000,-2.5141574442188355,2.5141574442188355
MLB,Seattle Mariners,116,46,2001,5.499719409228703,5.499719409228703
MLB,Oakland Athletics,102,60,2001,3.2998316455372216,3.2998316455372216
MLB,New York Yankees,95,65,2001,2.3717082451262845,2.3717082451262845
MLB,Houston Astros,93,69,2001,1.8856180831641267,1.8856180831641267
MLB,St. Louis Cardinals,93,69,2001,1.8856180831641267,1.8856180831641267
MLB,Arizona Diamondbacks,92,70,2001,1.7284832429004495,1.7284832429004495
MLB,Cleveland Indians,91,71,2001,1.5713484026367723,1.5713484026367723
MLB,San Francisco Giants,90,72,2001,1.4142135623730951,1.4142135623730951
MLB,Atlanta Braves,88,74,2001,1.0999438818457405,1.0999438818457405
MLB,Chicago Cubs,88,74,2001,1.0999438818457405,1.0999438818457405
MLB,Philadelphia Phillies,86,76,2001,0.7856742013183862,0.7856742013183862
MLB,Los Angeles Dodgers,86,76,2001,0.7856742013183862,0.7856742013183862
MLB,Minnesota Twins,85,77,2001,0.6285393610547089,0.6285393610547089
MLB,Chicago White Sox,83,79,2001,0.31426968052735443,0.31426968052735443
MLB,Boston Red Sox,82,79,2001,0.23643312187173018,0.23643312187173018
MLB,New York Mets,82,80,2001,0.15713484026367722,0.15713484026367722
MLB,Toronto Blue Jays,80,82,2001,-0.15713484026367722,0.15713484026367722
MLB,San Diego Padres,79,83,2001,-0.31426968052735443,0.31426968052735443
MLB,Florida Marlins,76,86,2001,-0.7856742013183862,0.7856742013183862
MLB,Anaheim Angels,75,87,2001,-0.9428090415820634,0.9428090415820634
MLB,Texas Rangers,73,89,2001,-1.2570787221094177,1.2570787221094177
MLB,Colorado Rockies,73,89,2001,-1.2570787221094177,1.2570787221094177
MLB,Milwaukee Brewers,68,94,2001,-2.042752923427804,2.042752923427804
MLB,Montreal Expos,68,94,2001,-2.042752923427804,2.042752923427804
MLB,Detroit Tigers,66,96,2001,-2.3570226039551585,2.3570226039551585
MLB,Cincinnati Reds,66,96,2001,-2.3570226039551585,2.3570226039551585
MLB,Kansas City Royals,65,97,2001,-2.5141574442188355,2.5141574442188355
MLB,Baltimore Orioles,63,98,2001,-2.7583864218368523,2.7583864218368523
MLB,Tampa Bay Devil Rays,62,100,2001,-2.9855619650098673,2.9855619650098673
MLB,Pittsburgh Pirates,62,100,2001,-2.9855619650098673,2.9855619650098673
MLB,New York Yankees,103,58,2002,3.546496828075953,3.546496828075953
MLB,Oakland Athletics,103,59,2002,3.456966485800899,3.456966485800899
MLB,Atlanta Braves,101,59,2002,3.320391543176798,3.320391543176798
MLB,Anaheim Angels,99,63,2002,2.8284271247461903,2.8284271247461903
MLB,Arizona Diamondbacks,98,64,2002,2.671292284482513,2.671292284482513
MLB,St. Louis Cardinals,97,65,2002,2.5141574442188355,2.5141574442188355
MLB,San Francisco Giants,95,66,2002,2.285520178093392,2.285520178093392
MLB,Minnesota Twins,94,67,2002,2.1278980968455716,2.1278980968455716
MLB,Boston Red Sox,93,69,2002,1.8856180831641267,1.8856180831641267
MLB,Seattle Mariners,93,69,2002,1.8856180831641267,1.8856180831641267
MLB,Los Angeles Dodgers,92,70,2002,1.7284832429004495,1.7284832429004495
MLB,Houston Astros,84,78,2002,0.4714045207910317,0.4714045207910317
MLB,Montreal Expos,83,79,2002,0.31426968052735443,0.31426968052735443
MLB,Chicago White Sox,81,81,2002,0.0,0.0
MLB,Philadelphia Phillies,80,81,2002,-0.07881104062391006,0.07881104062391006
MLB,Florida Marlins,79,83,2002,-0.31426968052735443,0.31426968052735443
MLB,Toronto Blue Jays,78,84,2002,-0.4714045207910317,0.4714045207910317
MLB,Cincinnati Reds,78,84,2002,-0.4714045207910317,0.4714045207910317
MLB,New York Mets,75,86,2002,-0.8669214468630108,0.8669214468630108
MLB,Cleveland Indians,74,88,2002,-1.0999438818457405,1.0999438818457405
MLB,Colorado Rockies,73,89,2002,-1.2570787221094177,1.2570787221094177
MLB,Pittsburgh Pirates,72,89,2002,-1.3397876906064712,1.3397876906064712
MLB,Texas Rangers,72,90,2002,-1.4142135623730951,1.4142135623730951
MLB,Baltimore Orioles,67,95,2002,-2.199887763691481,2.199887763691481
MLB,Chicago Cubs,67,95,2002,-2.199887763691481,2.199887763691481
MLB,San Diego Padres,66,96,2002,-2.3570226039551585,2.3570226039551585
MLB,Kansas City Royals,62,100,2002,-2.9855619650098673,2.9855619650098673
MLB,Milwaukee Brewers,56,106,2002,-3.928371006591931,3.928371006591931
MLB,Tampa Bay Devil Rays,55,106,2002,-4.019363071819414,4.019363071819414
MLB,Detroit Tigers,55,106,2002,-4.019363071819414,4.019363071819414
MLB,New York Yankees,101,61,2003,3.1426968052735447,3.1426968052735447
MLB,Atlanta Braves,101,61,2003,3.1426968052735447,3.1426968052735447
MLB,San Francisco Giants,100,61,2003,3.0736305843324927,3.0736305843324927
MLB,Oakland Athletics,96,66,2003,2.3570226039551585,2.3570226039551585
MLB,Boston Red Sox,95,67,2003,2.199887763691481,2.199887763691481
MLB,Seattle Mariners,93,69,2003,1.8856180831641267,1.8856180831641267
MLB,Florida Marlins,91,71,2003,1.5713484026367723,1.5713484026367723
MLB,Minnesota Twins,90,72,2003,1.4142135623730951,1.4142135623730951
MLB,Chicago Cubs,88,74,2003,1.0999438818457405,1.0999438818457405
MLB,Houston Astros,87,75,2003,0.9428090415820634,0.9428090415820634
MLB,Chicago White Sox,86,76,2003,0.7856742013183862,0.7856742013183862
MLB,Philadelphia Phillies,86,76,2003,0.7856742013183862,0.7856742013183862
MLB,Toronto Blue Jays,86,76,2003,0.7856742013183862,0.7856742013183862
MLB,Los Angeles Dodgers,85,77,2003,0.6285393610547089,0.6285393610547089
MLB,St. Louis Cardinals,85,77,2003,0.6285393610547089,0.6285393610547089
MLB,Arizona Diamondbacks,84,78,2003,0.4714045207910317,0.4714045207910317
MLB,Kansas City Royals,83,79,2003,0.31426968052735443,0.31426968052735443
MLB,Montreal Expos,83,79,2003,0.31426968052735443,0.31426968052735443
MLB,Anaheim Angels,77,85,2003,-0.6285393610547089,0.6285393610547089
MLB,Pittsburgh Pirates,75,87,2003,-0.9428090415820634,0.9428090415820634
MLB,Colorado Rockies,74,88,2003,-1.0999438818457405,1.0999438818457405
MLB,Texas Rangers,71,91,2003,-1.5713484026367723,1.5713484026367723
MLB,Baltimore Orioles,71,91,2003,-1.5713484026367723,1.5713484026367723
MLB,Cincinnati Reds,69,93,2003,-1.8856180831641267,1.8856180831641267
MLB,Cleveland Indians,68,94,2003,-2.042752923427804,2.042752923427804
MLB,Milwaukee Brewers,68,94,2003,-2.042752923427804,2.042752923427804
MLB,New York Mets,66,95,2003,-2.285520178093392,2.285520178093392
MLB,San Diego Padres,64,98,2003,-2.671292284482513,2.671292284482513
MLB,Tampa Bay Devil Rays,63,99,2003,-2.8284271247461903,2.8284271247461903
MLB,Detroit Tigers,43,119,2003,-5.9711239300197345,5.9711239300197345
MLB,St. Louis Cardinals,105,57,2004,3.7712361663282534,3.7712361663282534
MLB,New York Yankees,101,61,2004,3.1426968052735447,3.1426968052735447
MLB,Boston Red Sox,98,64,2004,2.671292284482513,2.671292284482513
MLB,Atlanta Braves,96,66,2004,2.3570226039551585,2.3570226039551585
MLB,Los Angeles Dodgers,93,69,2004,1.8856180831641267,1.8856180831641267
MLB,Anaheim Angels,92,70,2004,1.7284832429004495,1.7284832429004495
MLB,Minnesota Twins,92,70,2004,1.7284832429004495,1.7284832429004495
MLB,Houston Astros,92,70,2004,1.7284832429004495,1.7284832429004495
MLB,Oakland Athletics,91,71,2004,1.5713484026367723,1.5713484026367723
MLB,San Francisco Giants,91,71,2004,1.5713484026367723,1.5713484026367723
MLB,Texas Rangers,89,73,2004,1.2570787221094177,1.2570787221094177
MLB,Chicago Cubs,89,73,2004,1.2570787221094177,1.2570787221094177
MLB,San Diego Padres,87,75,2004,0.9428090415820634,0.9428090415820634
MLB,Philadelphia Phillies,86,76,2004,0.7856742013183862,0.7856742013183862
MLB,Chicago White Sox,83,79,2004,0.31426968052735443,0.31426968052735443
MLB,Florida Marlins,83,79,2004,0.31426968052735443,0.31426968052735443
MLB,Cleveland Indians,80,82,2004,-0.15713484026367722,0.15713484026367722
MLB,Baltimore Orioles,78,84,2004,-0.4714045207910317,0.4714045207910317
MLB,Cincinnati Reds,76,86,2004,-0.7856742013183862,0.7856742013183862
MLB,Pittsburgh Pirates,72,89,2004,-1.3397876906064712,1.3397876906064712
MLB,Detroit Tigers,72,90,2004,-1.4142135623730951,1.4142135623730951
MLB,New York Mets,71,91,2004,-1.5713484026367723,1.5713484026367723
MLB,Tampa Bay Devil Rays,70,91,2004,-1.6550318531021113,1.6550318531021113
MLB,Colorado Rockies,68,94,2004,-2.042752923427804,2.042752923427804
MLB,Toronto Blue Jays,67,94,2004,-2.1278980968455716,2.1278980968455716
MLB,Milwaukee Brewers,67,94,2004,-2.1278980968455716,2.1278980968455716
MLB,Montreal Expos,67,95,2004,-2.199887763691481,2.199887763691481
MLB,Seattle Mariners,63,99,2004,-2.8284271247461903,2.8284271247461903
MLB,Kansas City Royals,58,104,2004,-3.6141013260645765,3.6141013260645765
MLB,Arizona Diamondbacks,51,111,2004,-4.714045207910317,4.714045207910317
MLB,St. Louis Cardinals,100,62,2005,2.9855619650098673,2.9855619650098673
MLB,Chicago White Sox,99,63,2005,2.8284271247461903,2.8284271247461903
MLB,New York Yankees,95,67,2005,2.199887763691481,2.199887763691481
MLB,Los Angeles Angels of Anaheim,95,67,2005,2.199887763691481,2.199887763691481
MLB,Boston Red Sox,95,67,2005,2.199887763691481,2.199887763691481
MLB,Cleveland Indians,93,69,2005,1.8856180831641267,1.8856180831641267
MLB,Atlanta Braves,90,72,2005,1.4142135623730951,1.4142135623730951
MLB,Houston Astros,89,73,2005,1.2570787221094177,1.2570787221094177
MLB,Oakland Athletics,88,74,2005,1.0999438818457405,1.0999438818457405
MLB,Philadelphia Phillies,88,74,2005,1.0999438818457405,1.0999438818457405
MLB,Florida Marlins,83,79,2005,0.31426968052735443,0.31426968052735443
MLB,Minnesota Twins,83,79,2005,0.31426968052735443,0.31426968052735443
MLB,New York Mets,83,79,2005,0.31426968052735443,0.31426968052735443
MLB,San Diego Padres,82,80,2005,0.15713484026367722,0.15713484026367722
MLB,Milwaukee Brewers,81,81,2005,0.0,0.0
MLB,Washington Nationals,81,81,2005,0.0,0.0
MLB,Toronto Blue Jays,80,82,2005,-0.15713484026367722,0.15713484026367722
MLB,Texas Rangers,79,83,2005,-0.31426968052735443,0.31426968052735443
MLB,Chicago Cubs,79,83,2005,-0.31426968052735443,0.31426968052735443
MLB,Arizona Diamondbacks,77,85,2005,-0.6285393610547089,0.6285393610547089
MLB,San Francisco Giants,75,87,2005,-0.9428090415820634,0.9428090415820634
MLB,Baltimore Orioles,74,88,2005,-1.0999438818457405,1.0999438818457405
MLB,Cincinnati Reds,73,89,2005,-1.2570787221094177,1.2570787221094177
MLB,Detroit Tigers,71,91,2005,-1.5713484026367723,1.5713484026367723
MLB,Los Angeles Dodgers,71,91,2005,-1.5713484026367723,1.5713484026367723
MLB,Seattle Mariners,69,93,2005,-1.8856180831641267,1.8856180831641267
MLB,Tampa Bay Devil Rays,67,95,2005,-2.199887763691481,2.199887763691481
MLB,Colorado Rockies,67,95,2005,-2.199887763691481,2.199887763691481
MLB,Pittsburgh Pirates,67,95,2005,-2.199887763691481,2.199887763691481
MLB,Kansas City Royals,56,106,2005,-3.928371006591931,3.928371006591931
MLB,New York Yankees,97,65,2006,2.5141574442188355,2.5141574442188355
MLB,New York Mets,97,65,2006,2.5141574442188355,2.5141574442188355
MLB,Minnesota Twins,96,66,2006,2.3570226039551585,2.3570226039551585
MLB,Detroit Tigers,95,67,2006,2.199887763691481,2.199887763691481
MLB,Oakland Athletics,93,69,2006,1.8856180831641267,1.8856180831641267
MLB,Chicago White Sox,90,72,2006,1.4142135623730951,1.4142135623730951
MLB,Los Angeles Angels of Anaheim,89,73,2006,1.2570787221094177,1.2570787221094177
MLB,San Diego Padres,88,74,2006,1.0999438818457405,1.0999438818457405
MLB,Los Angeles Dodgers,88,74,2006,1.0999438818457405,1.0999438818457405
MLB,Toronto Blue Jays,87,75,2006,0.9428090415820634,0.9428090415820634
MLB,Boston Red Sox,86,76,2006,0.7856742013183862,0.7856742013183862
MLB,Philadelphia Phillies,85,77,2006,0.6285393610547089,0.6285393610547089
MLB,St. Louis Cardinals,83,78,2006,0.39405520311955033,0.39405520311955033
MLB,Houston Astros,82,80,2006,0.15713484026367722,0.15713484026367722
MLB,Texas Rangers,80,82,2006,-0.15713484026367722,0.15713484026367722
MLB,Cincinnati Reds,80,82,2006,-0.15713484026367722,0.15713484026367722
MLB,Atlanta Braves,79,83,2006,-0.31426968052735443,0.31426968052735443
MLB,Seattle Mariners,78,84,2006,-0.4714045207910317,0.4714045207910317
MLB,Cleveland Indians,78,84,2006,-0.4714045207910317,0.4714045207910317
MLB,Florida Marlins,78,84,2006,-0.4714045207910317,0.4714045207910317
MLB,San Francisco Giants,76,85,2006,-0.7092993656151906,0.7092993656151906
MLB,Arizona Diamondbacks,76,86,2006,-0.7856742013183862,0.7856742013183862
MLB,Colorado Rockies,76,86,2006,-0.7856742013183862,0.7856742013183862
MLB,Milwaukee Brewers,75,87,2006,-0.9428090415820634,0.9428090415820634
MLB,Washington Nationals,71,91,2006,-1.5713484026367723,1.5713484026367723
MLB,Baltimore Orioles,70,92,2006,-1.7284832429004495,1.7284832429004495
MLB,Pittsburgh Pirates,67,95,2006,-2.199887763691481,2.199887763691481
MLB,Chicago Cubs,66,96,2006,-2.3570226039551585,2.3570226039551585
MLB,Kansas City Royals,62,100,2006,-2.9855619650098673,2.9855619650098673
MLB,Tampa Bay Devil Rays,61,101,2006,-3.1426968052735447,3.1426968052735447
MLB,Boston Red Sox,96,66,2007,2.3570226039551585,2.3570226039551585
MLB,Cleveland Indians,96,66,2007,2.3570226039551585,2.3570226039551585
MLB,Los Angeles Angels of Anaheim,94,68,2007,2.042752923427804,2.042752923427804
MLB,New York Yankees,94,68,2007,2.042752923427804,2.042752923427804
MLB,Arizona Diamondbacks,90,72,2007,1.4142135623730951,1.4142135623730951
MLB,Colorado Rockies,90,73,2007,1.3315427649795275,1.3315427649795275
MLB,Philadelphia Phillies,89,73,2007,1.2570787221094177,1.2570787221094177
MLB,San Diego Padres,89,74,2007,1.1748906749819361,1.1748906749819361
MLB,Seattle Mariners,88,74,2007,1.0999438818457405,1.0999438818457405
MLB,Detroit Tigers,88,74,2007,1.0999438818457405,1.0999438818457405
MLB,New York Mets,88,74,2007,1.0999438818457405,1.0999438818457405
MLB,Chicago Cubs,85,77,2007,0.6285393610547089,0.6285393610547089
MLB,Atlanta Braves,84,78,2007,0.4714045207910317,0.4714045207910317
MLB,Milwaukee Brewers,83,79,2007,0.31426968052735443,0.31426968052735443
MLB,Toronto Blue Jays,83,79,2007,0.31426968052735443,0.31426968052735443
MLB,Los Angeles Dodgers,82,80,2007,0.15713484026367722,0.15713484026367722
MLB,Minnesota Twins,79,83,2007,-0.31426968052735443,0.31426968052735443
MLB,St. Louis Cardinals,78,84,2007,-0.4714045207910317,0.4714045207910317
MLB,Oakland Athletics,76,86,2007,-0.7856742013183862,0.7856742013183862
MLB,Texas Rangers,75,87,2007,-0.9428090415820634,0.9428090415820634
MLB,Washington Nationals,73,89,2007,-1.2570787221094177,1.2570787221094177
MLB,Houston Astros,73,89,2007,-1.2570787221094177,1.2570787221094177
MLB,Chicago White Sox,72,90,2007,-1.4142135623730951,1.4142135623730951
MLB,Cincinnati Reds,72,90,2007,-1.4142135623730951,1.4142135623730951
MLB,San Francisco Giants,71,91,2007,-1.5713484026367723,1.5713484026367723
MLB,Florida Marlins,71,91,2007,-1.5713484026367723,1.5713484026367723
MLB,Baltimore Orioles,69,93,2007,-1.8856180831641267,1.8856180831641267
MLB,Kansas City Royals,69,93,2007,-1.8856180831641267,1.8856180831641267
MLB,Pittsburgh Pirates,68,94,2007,-2.042752923427804,2.042752923427804
MLB,Tampa Bay Devil Rays,66,96,2007,-2.3570226039551585,2.3570226039551585
MLB,Los Angeles Angels of Anaheim,100,62,2008,2.9855619650098673,2.9855619650098673
MLB,Chicago Cubs,97,64,2008,2.600764340589032,2.600764340589032
MLB,Tampa Bay Rays,97,65,2008,2.5141574442188355,2.5141574442188355
MLB,Boston Red Sox,95,67,2008,2.199887763691481,2.199887763691481
MLB,Philadelphia Phillies,92,70,2008,1.7284832429004495,1.7284832429004495
MLB,Milwaukee Brewers,90,72,2008,1.4142135623730951,1.4142135623730951
MLB,New York Mets,89,73,2008,1.2570787221094177,1.2570787221094177
MLB,New York Yankees,89,73,2008,1.2570787221094177,1.2570787221094177
MLB,Chicago White Sox,89,74,2008,1.1748906749819361,1.1748906749819361
MLB,Minnesota Twins,88,75,2008,1.0182385849843445,1.0182385849843445
MLB,Houston Astros,86,75,2008,0.8669214468630108,0.8669214468630108
MLB,St. Louis Cardinals,86,76,2008,0.7856742013183862,0.7856742013183862
MLB,Toronto Blue Jays,86,76,2008,0.7856742013183862,0.7856742013183862
MLB,Florida Marlins,84,77,2008,0.5516772843673704,0.5516772843673704
MLB,Los Angeles Dodgers,84,78,2008,0.4714045207910317,0.4714045207910317
MLB,Arizona Diamondbacks,82,80,2008,0.15713484026367722,0.15713484026367722
MLB,Cleveland Indians,81,81,2008,0.0,0.0
MLB,Texas Rangers,79,83,2008,-0.31426968052735443,0.31426968052735443
MLB,Oakland Athletics,75,86,2008,-0.8669214468630108,0.8669214468630108
MLB,Kansas City Royals,75,87,2008,-0.9428090415820634,0.9428090415820634
MLB,Colorado Rockies,74,88,2008,-1.0999438818457405,1.0999438818457405
MLB,Cincinnati Reds,74,88,2008,-1.0999438818457405,1.0999438818457405
MLB,Detroit Tigers,74,88,2008,-1.0999438818457405,1.0999438818457405
MLB,San Francisco Giants,72,90,2008,-1.4142135623730951,1.4142135623730951
MLB,Atlanta Braves,72,90,2008,-1.4142135623730951,1.4142135623730951
MLB,Baltimore Orioles,68,93,2008,-1.9702760155977517,1.9702760155977517
MLB,Pittsburgh Pirates,67,95,2008,-2.199887763691481,2.199887763691481
MLB,San Diego Padres,63,99,2008,-2.8284271247461903,2.8284271247461903
MLB,Seattle Mariners,61,101,2008,-3.1426968052735447,3.1426968052735447
MLB,Washington Nationals,59,102,2008,-3.3888747468281326,3.3888747468281326
MLB,New York Yankees,103,59,2009,3.456966485800899,3.456966485800899
MLB,Los Angeles Angels of Anaheim,97,65,2009,2.5141574442188355,2.5141574442188355
MLB,Los Angeles Dodgers,95,67,2009,2.199887763691481,2.199887763691481
MLB,Boston Red Sox,95,67,2009,2.199887763691481,2.199887763691481
MLB,Philadelphia Phillies,93,69,2009,1.8856180831641267,1.8856180831641267
MLB,Colorado Rockies,92,70,2009,1.7284832429004495,1.7284832429004495
MLB,St. Louis Cardinals,91,71,2009,1.5713484026367723,1.5713484026367723
MLB,San Francisco Giants,88,74,2009,1.0999438818457405,1.0999438818457405
MLB,Texas Rangers,87,75,2009,0.9428090415820634,0.9428090415820634
MLB,Florida Marlins,87,75,2009,0.9428090415820634,0.9428090415820634
MLB,Minnesota Twins,87,76,2009,0.8615864949867531,0.8615864949867531
MLB,Atlanta Braves,86,76,2009,0.7856742013183862,0.7856742013183862
MLB,Detroit Tigers,86,77,2009,0.7049344049891616,0.7049344049891616
MLB,Seattle Mariners,85,77,2009,0.6285393610547089,0.6285393610547089
MLB,Tampa Bay Rays,84,78,2009,0.4714045207910317,0.4714045207910317
MLB,Chicago Cubs,83,78,2009,0.39405520311955033,0.39405520311955033
MLB,Milwaukee Brewers,80,82,2009,-0.15713484026367722,0.15713484026367722
MLB,Chicago White Sox,79,83,2009,-0.31426968052735443,0.31426968052735443
MLB,Cincinnati Reds,78,84,2009,-0.4714045207910317,0.4714045207910317
MLB,Oakland Athletics,75,87,2009,-0.9428090415820634,0.9428090415820634
MLB,San Diego Padres,75,87,2009,-0.9428090415820634,0.9428090415820634
MLB,Toronto Blue Jays,75,87,2009,-0.9428090415820634,0.9428090415820634
MLB,Houston Astros,74,88,2009,-1.0999438818457405,1.0999438818457405
MLB,New York Mets,70,92,2009,-1.7284832429004495,1.7284832429004495
MLB,Arizona Diamondbacks,70,92,2009,-1.7284832429004495,1.7284832429004495
MLB,Cleveland Indians,65,97,2009,-2.5141574442188355,2.5141574442188355
MLB,Kansas City Royals,65,97,2009,-2.5141574442188355,2.5141574442188355
MLB,Baltimore Orioles,64,98,2009,-2.671292284482513,2.671292284482513
MLB,Pittsburgh Pirates,62,99,2009,-2.9160085030846723,2.9160085030846723
MLB,Washington Nationals,59,103,2009,-3.456966485800899,3.456966485800899
MLB,Philadelphia Phillies,97,65,2010,2.5141574442188355,2.5141574442188355
MLB,Tampa Bay Rays,96,66,2010,2.3570226039551585,2.3570226039551585
MLB,New York Yankees,95,67,2010,2.199887763691481,2.199887763691481
MLB,Minnesota Twins,94,68,2010,2.042752923427804,2.042752923427804
MLB,San Francisco Giants,92,70,2010,1.7284832429004495,1.7284832429004495
MLB,Cincinnati Reds,91,71,2010,1.5713484026367723,1.5713484026367723
MLB,Atlanta Braves,91,71,2010,1.5713484026367723,1.5713484026367723
MLB,Texas Rangers,90,72,2010,1.4142135623730951,1.4142135623730951
MLB,San Diego Padres,90,72,2010,1.4142135623730951,1.4142135623730951
MLB,Boston Red Sox,89,73,2010,1.2570787221094177,1.2570787221094177
MLB,Chicago White Sox,88,74,2010,1.0999438818457405,1.0999438818457405
MLB,St. Louis Cardinals,86,76,2010,0.7856742013183862,0.7856742013183862
MLB,Toronto Blue Jays,85,77,2010,0.6285393610547089,0.6285393610547089
MLB,Colorado Rockies,83,79,2010,0.31426968052735443,0.31426968052735443
MLB,Oakland Athletics,81,81,2010,0.0,0.0
MLB,Detroit Tigers,81,81,2010,0.0,0.0
MLB,Florida Marlins,80,82,2010,-0.15713484026367722,0.15713484026367722
MLB,Los Angeles Angels of Anaheim,80,82,2010,-0.15713484026367722,0.15713484026367722
MLB,Los Angeles Dodgers,80,82,2010,-0.15713484026367722,0.15713484026367722
MLB,New York Mets,79,83,2010,-0.31426968052735443,0.31426968052735443
MLB,Milwaukee Brewers,77,85,2010,-0.6285393610547089,0.6285393610547089
MLB,Houston Astros,76,86,2010,-0.7856742013183862,0.7856742013183862
MLB,Chicago Cubs,75,87,2010,-0.9428090415820634,0.9428090415820634
MLB,Cleveland Indians,69,93,2010,-1.8856180831641267,1.8856180831641267
MLB,Washington Nationals,69,93,2010,-1.8856180831641267,1.8856180831641267
MLB,Kansas City Royals,67,95,2010,-2.199887763691481,2.199887763691481
MLB,Baltimore Orioles,66,96,2010,-2.3570226039551585,2.3570226039551585
MLB,Arizona Diamondbacks,65,97,2010,-2.5141574442188355,2.5141574442188355
MLB,Seattle Mariners,61,101,2010,-3.1426968052735447,3.1426968052735447
MLB,Pittsburgh Pirates,57,105,2010,-3.7712361663282534,3.7712361663282534
MLB,Philadelphia Phillies,102,60,2011,3.2998316455372216,3.2998316455372216
MLB,New York Yankees,97,65,2011,2.5141574442188355,2.5141574442188355
MLB,Milwaukee Brewers,96,66,2011,2.3570226039551585,2.3570226039551585
MLB,Texas Rangers,96,66,2011,2.3570226039551585,2.3570226039551585
MLB,Detroit Tigers,95,67,2011,2.199887763691481,2.199887763691481
MLB,Arizona Diamondbacks,94,68,2011,2.042752923427804,2.042752923427804
MLB,Tampa Bay Rays,91,71,2011,1.5713484026367723,1.5713484026367723
MLB,St. Louis Cardinals,90,72,2011,1.4142135623730951,1.4142135623730951
MLB,Boston Red Sox,90,72,2011,1.4142135623730951,1.4142135623730951
MLB,Atlanta Braves,89,73,2011,1.2570787221094177,1.2570787221094177
MLB,Los Angeles Angels of Anaheim,86,76,2011,0.7856742013183862,0.7856742013183862
MLB,San Francisco Giants,86,76,2011,0.7856742013183862,0.7856742013183862
MLB,Los Angeles Dodgers,82,79,2011,0.23643312187173018,0.23643312187173018
MLB,Toronto Blue Jays,81,81,2011,0.0,0.0
MLB,Washington Nationals,80,81,2011,-0.07881104062391006,0.07881104062391006
MLB,Cleveland Indians,80,82,2011,-0.15713484026367722,0.15713484026367722
MLB,Chicago White Sox,79,83,2011,-0.31426968052735443,0.31426968052735443
MLB,Cincinnati Reds,79,83,2011,-0.31426968052735443,0.31426968052735443
MLB,New York Mets,77,85,2011,-0.6285393610547089,0.6285393610547089
MLB,Oakland Athletics,74,88,2011,-1.0999438818457405,1.0999438818457405
MLB,Colorado Rockies,73,89,2011,-1.2570787221094177,1.2570787221094177
MLB,Pittsburgh Pirates,72,90,2011,-1.4142135623730951,1.4142135623730951
MLB,Florida Marlins,72,90,2011,-1.4142135623730951,1.4142135623730951
MLB,Kansas City Royals,71,91,2011,-1.5713484026367723,1.5713484026367723
MLB,Chicago Cubs,71,91,2011,-1.5713484026367723,1.5713484026367723
MLB,San Diego Padres,71,91,2011,-1.5713484026367723,1.5713484026367723
MLB,Baltimore Orioles,69,93,2011,-1.8856180831641267,1.8856180831641267
MLB,Seattle Mariners,67,95,2011,-2.199887763691481,2.199887763691481
MLB,Minnesota Twins,63,99,2011,-2.8284271247461903,2.8284271247461903
MLB,Houston Astros,56,106,2011,-3.928371006591931,3.928371006591931
MLB,Washington Nationals,98,64,2012,2.671292284482513,2.671292284482513
MLB,Cincinnati Reds,97,65,2012,2.5141574442188355,2.5141574442188355
MLB,New York Yankees,95,67,2012,2.199887763691481,2.199887763691481
MLB,Oakland Athletics,94,68,2012,2.042752923427804,2.042752923427804
MLB,San Francisco Giants,94,68,2012,2.042752923427804,2.042752923427804
MLB,Atlanta Braves,94,68,2012,2.042752923427804,2.042752923427804
MLB,Baltimore Orioles,93,69,2012,1.8856180831641267,1.8856180831641267
MLB,Texas Rangers,93,69,2012,1.8856180831641267,1.8856180831641267
MLB,Tampa Bay Rays,90,72,2012,1.4142135623730951,1.4142135623730951
MLB,Los Angeles Angels of Anaheim,89,73,2012,1.2570787221094177,1.2570787221094177
MLB,Detroit Tigers,88,74,2012,1.0999438818457405,1.0999438818457405
MLB,St. Louis Cardinals,88,74,2012,1.0999438818457405,1.0999438818457405
MLB,Los Angeles Dodgers,86,76,2012,0.7856742013183862,0.7856742013183862
MLB,Chicago White Sox,85,77,2012,0.6285393610547089,0.6285393610547089
MLB,Milwaukee Brewers,83,79,2012,0.31426968052735443,0.31426968052735443
MLB,Arizona Diamondbacks,81,81,2012,0.0,0.0
MLB,Philadelphia Phillies,81,81,2012,0.0,0.0
MLB,Pittsburgh Pirates,79,83,2012,-0.31426968052735443,0.31426968052735443
MLB,San Diego Padres,76,86,2012,-0.7856742013183862,0.7856742013183862
MLB,Seattle Mariners,75,87,2012,-0.9428090415820634,0.9428090415820634
MLB,New York Mets,74,88,2012,-1.0999438818457405,1.0999438818457405
MLB,Toronto Blue Jays,73,89,2012,-1.2570787221094177,1.2570787221094177
MLB,Kansas City Royals,72,90,2012,-1.4142135623730951,1.4142135623730951
MLB,Boston Red Sox,69,93,2012,-1.8856180831641267,1.8856180831641267
MLB,Miami Marlins,69,93,2012,-1.8856180831641267,1.8856180831641267
MLB,Cleveland Indians,68,94,2012,-2.042752923427804,2.042752923427804
MLB,Minnesota Twins,66,96,2012,-2.3570226039551585,2.3570226039551585
MLB,Colorado Rockies,64,98,2012,-2.671292284482513,2.671292284482513
MLB,Chicago Cubs,61,101,2012,-3.1426968052735447,3.1426968052735447
MLB,Houston Astros,55,107,2012,-4.085505846855608,4.085505846855608
MLB,Boston Red Sox,97,65,2013,2.5141574442188355,2.5141574442188355
MLB,St. Louis Cardinals,97,65,2013,2.5141574442188355,2.5141574442188355
MLB,Atlanta Braves,96,66,2013,2.3570226039551585,2.3570226039551585
MLB,Oakland Athletics,96,66,2013,2.3570226039551585,2.3570226039551585
MLB,Pittsburgh Pirates,94,68,2013,2.042752923427804,2.042752923427804
MLB,Detroit Tigers,93,69,2013,1.8856180831641267,1.8856180831641267
MLB,Los Angeles Dodgers,92,70,2013,1.7284832429004495,1.7284832429004495
MLB,Cleveland Indians,92,70,2013,1.7284832429004495,1.7284832429004495
MLB,Tampa Bay Rays,92,71,2013,1.6448469449747105,1.6448469449747105
MLB,Texas Rangers,91,72,2013,1.4881948549771191,1.4881948549771191
MLB,Cincinnati Reds,90,72,2013,1.4142135623730951,1.4142135623730951
MLB,Washington Nationals,86,76,2013,0.7856742013183862,0.7856742013183862
MLB,Kansas City Royals,86,76,2013,0.7856742013183862,0.7856742013183862
MLB,Baltimore Orioles,85,77,2013,0.6285393610547089,0.6285393610547089
MLB,New York Yankees,85,77,2013,0.6285393610547089,0.6285393610547089
MLB,Arizona Diamondbacks,81,81,2013,0.0,0.0
MLB,Los Angeles Angels of Anaheim,78,84,2013,-0.4714045207910317,0.4714045207910317
MLB,San Diego Padres,76,86,2013,-0.7856742013183862,0.7856742013183862
MLB,San Francisco Giants,76,86,2013,-0.7856742013183862,0.7856742013183862
MLB,New York Mets,74,88,2013,-1.0999438818457405,1.0999438818457405
MLB,Milwaukee Brewers,74,88,2013,-1.0999438818457405,1.0999438818457405
MLB,Toronto Blue Jays,74,88,2013,-1.0999438818457405,1.0999438818457405
MLB,Colorado Rockies,74,88,2013,-1.0999438818457405,1.0999438818457405
MLB,Philadelphia Phillies,73,89,2013,-1.2570787221094177,1.2570787221094177
MLB,Seattle Mariners,71,91,2013,-1.5713484026367723,1.5713484026367723
MLB,Minnesota Twins,66,96,2013,-2.3570226039551585,2.3570226039551585
MLB,Chicago Cubs,66,96,2013,-2.3570226039551585,2.3570226039551585
MLB,Chicago White Sox,63,99,2013,-2.8284271247461903,2.8284271247461903
MLB,Miami Marlins,62,100,2013,-2.9855619650098673,2.9855619650098673
MLB,Houston Astros,51,111,2013,-4.714045207910317,4.714045207910317
MLB,Los Angeles Angels of Anaheim,98,64,2014,2.671292284482513,2.671292284482513
MLB,Washington Nationals,96,66,2014,2.3570226039551585,2.3570226039551585
MLB,Baltimore Orioles,96,66,2014,2.3570226039551585,2.3570226039551585
MLB,Los Angeles Dodgers,94,68,2014,2.042752923427804,2.042752923427804
MLB,Detroit Tigers,90,72,2014,1.4142135623730951,1.4142135623730951
MLB,St. Louis Cardinals,90,72,2014,1.4142135623730951,1.4142135623730951
MLB,Kansas City Royals,89,73,2014,1.2570787221094177,1.2570787221094177
MLB,Oakland Athletics,88,74,2014,1.0999438818457405,1.0999438818457405
MLB,Pittsburgh Pirates,88,74,2014,1.0999438818457405,1.0999438818457405
MLB,San Francisco Giants,88,74,2014,1.0999438818457405,1.0999438818457405
MLB,Seattle Mariners,87,75,2014,0.9428090415820634,0.9428090415820634
MLB,Cleveland Indians,85,77,2014,0.6285393610547089,0.6285393610547089
MLB,New York Yankees,84,78,2014,0.4714045207910317,0.4714045207910317
MLB,Toronto Blue Jays,83,79,2014,0.31426968052735443,0.31426968052735443
MLB,Milwaukee Brewers,82,80,2014,0.15713484026367722,0.15713484026367722
MLB,Atlanta Braves,79,83,2014,-0.31426968052735443,0.31426968052735443
MLB,New York Mets,79,83,2014,-0.31426968052735443,0.31426968052735443
MLB,San Diego Padres,77,85,2014,-0.6285393610547089,0.6285393610547089
MLB,Miami Marlins,77,85,2014,-0.6285393610547089,0.6285393610547089
MLB,Tampa Bay Rays,77,85,2014,-0.6285393610547089,0.6285393610547089
MLB,Cincinnati Reds,76,86,2014,-0.7856742013183862,0.7856742013183862
MLB,Chicago White Sox,73,89,2014,-1.2570787221094177,1.2570787221094177
MLB,Chicago Cubs,73,89,2014,-1.2570787221094177,1.2570787221094177
MLB,Philadelphia Phillies,73,89,2014,-1.2570787221094177,1.2570787221094177
MLB,Boston Red Sox,71,91,2014,-1.5713484026367723,1.5713484026367723
MLB,Houston Astros,70,92,2014,-1.7284832429004495,1.7284832429004495
MLB,Minnesota Twins,70,92,2014,-1.7284832429004495,1.7284832429004495
MLB,Texas Rangers,67,95,2014,-2.199887763691481,2.199887763691481
MLB,Colorado Rockies,66,96,2014,-2.3570226039551585,2.3570226039551585
MLB,Arizona Diamondbacks,64,98,2014,-2.671292284482513,2.671292284482513
MLB,St. Louis Cardinals,100,62,2015,2.9855619650098673,2.9855619650098673
MLB,Pittsburgh Pirates,98,64,2015,2.671292284482513,2.671292284482513
MLB,Chicago Cubs,97,65,2015,2.5141574442188355,2.5141574442188355
MLB,Kansas City Royals,95,67,2015,2.199887763691481,2.199887763691481
MLB,Toronto Blue Jays,93,69,2015,1.8856180831641267,1.8856180831641267
MLB,Los Angeles Dodgers,92,70,2015,1.7284832429004495,1.7284832429004495
MLB,New York Mets,90,72,2015,1.4142135623730951,1.4142135623730951
MLB,Texas Rangers,88,74,2015,1.0999438818457405,1.0999438818457405
MLB,New York Yankees,87,75,2015,0.9428090415820634,0.9428090415820634
MLB,Houston Astros,86,76,2015,0.7856742013183862,0.7856742013183862
MLB,Los Angeles Angels of Anaheim,85,77,2015,0.6285393610547089,0.6285393610547089
MLB,San Francisco Giants,84,78,2015,0.4714045207910317,0.4714045207910317
MLB,Washington Nationals,83,79,2015,0.31426968052735443,0.31426968052735443
MLB,Minnesota Twins,83,79,2015,0.31426968052735443,0.31426968052735443
MLB,Cleveland Indians,81,80,2015,0.07881104062391006,0.07881104062391006
MLB,Baltimore Orioles,81,81,2015,0.0,0.0
MLB,Tampa Bay Rays,80,82,2015,-0.15713484026367722,0.15713484026367722
MLB,Arizona Diamondbacks,79,83,2015,-0.31426968052735443,0.31426968052735443
MLB,Boston Red Sox,78,84,2015,-0.4714045207910317,0.4714045207910317
MLB,Chicago White Sox,76,86,2015,-0.7856742013183862,0.7856742013183862
MLB,Seattle Mariners,76,86,2015,-0.7856742013183862,0.7856742013183862
MLB,Detroit Tigers,74,87,2015,-1.0245435281108308,1.0245435281108308
MLB,San Diego Padres,74,88,2015,-1.0999438818457405,1.0999438818457405
MLB,Miami Marlins,71,91,2015,-1.5713484026367723,1.5713484026367723
MLB,Milwaukee Brewers,68,94,2015,-2.042752923427804,2.042752923427804
MLB,Colorado Rockies,68,94,2015,-2.042752923427804,2.042752923427804
MLB,Oakland Athletics,68,94,2015,-2.042752923427804,2.042752923427804
MLB,Atlanta Braves,67,95,2015,-2.199887763691481,2.199887763691481
MLB,Cincinnati Reds,64,98,2015,-2.671292284482513,2.671292284482513
MLB,Philadelphia Phillies,63,99,2015,-2.8284271247461903,2.8284271247461903
MLB,Chicago Cubs,103,58,2016,3.546496828075953,3.546496828075953
MLB,Washington Nationals,95,67,2016,2.199887763691481,2.199887763691481
MLB,Texas Rangers,95,67,2016,2.199887763691481,2.199887763691481
MLB,Cleveland Indians,94,67,2016,2.1278980968455716,2.1278980968455716
MLB,Boston Red Sox,93,69,2016,1.8856180831641267,1.8856180831641267
MLB,Los Angeles Dodgers,91,71,2016,1.5713484026367723,1.5713484026367723
MLB,Toronto Blue Jays,89,73,2016,1.2570787221094177,1.2570787221094177
MLB,Baltimore Orioles,89,73,2016,1.2570787221094177,1.2570787221094177
MLB,New York Mets,87,75,2016,0.9428090415820634,0.9428090415820634
MLB,San Francisco Giants,87,75,2016,0.9428090415820634,0.9428090415820634
MLB,Detroit Tigers,86,75,2016,0.8669214468630108,0.8669214468630108
MLB,Seattle Mariners,86,76,2016,0.7856742013183862,0.7856742013183862
MLB,St. Louis Cardinals,86,76,2016,0.7856742013183862,0.7856742013183862
MLB,Houston Astros,84,78,2016,0.4714045207910317,0.4714045207910317
MLB,New York Yankees,84,78,2016,0.4714045207910317,0.4714045207910317
MLB,Kansas City Royals,81,81,2016,0.0,0.0
MLB,Miami Marlins,79,82,2016,-0.23643312187173018,0.23643312187173018
MLB,Pittsburgh Pirates,78,83,2016,-0.39405520311955033,0.39405520311955033
MLB,Chicago White Sox,78,84,2016,-0.4714045207910317,0.4714045207910317
MLB,Colorado Rockies,75,87,2016,-0.9428090415820634,0.9428090415820634
MLB,Los Angeles Angels,74,88,2016,-1.0999438818457405,1.0999438818457405
MLB,Milwaukee Brewers,73,89,2016,-1.2570787221094177,1.2570787221094177
MLB,Philadelphia Phillies,71,91,2016,-1.5713484026367723,1.5713484026367723
MLB,Arizona Diamondbacks,69,93,2016,-1.8856180831641267,1.8856180831641267
MLB,Oakland Athletics,69,93,2016,-1.8856180831641267,1.8856180831641267
MLB,Atlanta Braves,68,93,2016,-1.9702760155977517,1.9702760155977517
MLB,Cincinnati Reds,68,94,2016,-2.042752923427804,2.042752923427804
MLB,San Diego Padres,68,94,2016,-2.042752923427804,2.042752923427804
MLB,Tampa Bay Rays,68,94,2016,-2.042752923427804,2.042752923427804
MLB,Minnesota Twins,59,103,2016,-3.456966485800899,3.456966485800899
MLB,Los Angeles Dodgers,104,58,2017,3.6141013260645765,3.6141013260645765
MLB,Cleveland Indians,102,60,2017,3.2998316455372216,3.2998316455372216
MLB,Houston Astros,101,61,2017,3.1426968052735447,3.1426968052735447
MLB,Washington Nationals,97,65,2017,2.5141574442188355,2.5141574442188355
MLB,Boston Red Sox,93,69,2017,1.8856180831641267,1.8856180831641267
MLB,Arizona Diamondbacks,93,69,2017,1.8856180831641267,1.8856180831641267
MLB,Chicago Cubs,92,70,2017,1.7284832429004495,1.7284832429004495
MLB,New York Yankees,91,71,2017,1.5713484026367723,1.5713484026367723
MLB,Colorado Rockies,87,75,2017,0.9428090415820634,0.9428090415820634
MLB,Milwaukee Brewers,86,76,2017,0.7856742013183862,0.7856742013183862
MLB,Minnesota Twins,85,77,2017,0.6285393610547089,0.6285393610547089
MLB,St. Louis Cardinals,83,79,2017,0.31426968052735443,0.31426968052735443
MLB,Los Angeles Angels,80,82,2017,-0.15713484026367722,0.15713484026367722
MLB,Kansas City Royals,80,82,2017,-0.15713484026367722,0.15713484026367722
MLB,Tampa Bay Rays,80,82,2017,-0.15713484026367722,0.15713484026367722
MLB,Seattle Mariners,78,84,2017,-0.4714045207910317,0.4714045207910317
MLB,Texas Rangers,78,84,2017,-0.4714045207910317,0.4714045207910317
MLB,Miami Marlins,77,85,2017,-0.6285393610547089,0.6285393610547089
MLB,Toronto Blue Jays,76,86,2017,-0.7856742013183862,0.7856742013183862
MLB,Pittsburgh Pirates,75,87,2017,-0.9428090415820634,0.9428090415820634
MLB,Baltimore Orioles,75,87,2017,-0.9428090415820634,0.9428090415820634
MLB,Oakland Athletics,75,87,2017,-0.9428090415820634,0.9428090415820634
MLB,Atlanta Braves,72,90,2017,-1.4142135623730951,1.4142135623730951
MLB,San Diego Padres,71,91,2017,-1.5713484026367723,1.5713484026367723
MLB,New York Mets,70,92,2017,-1.7284832429004495,1.7284832429004495
MLB,Cincinnati Reds,68,94,2017,-2.042752923427804,2.042752923427804
MLB,Chicago White Sox,67,95,2017,-2.199887763691481,2.199887763691481
MLB,Philadelphia Phillies,66,96,2017,-2.3570226039551585,2.3570226039551585
MLB,Detroit Tigers,64,98,2017,-2.671292284482513,2.671292284482513
MLB,San Francisco Giants,64,98,2017,-2.671292284482513,2.671292284482513
MLB,Boston Red Sox,108,54,2018,4.242640687119286,4.242640687119286
MLB,Houston Astros,103,59,2018,3.456966485800899,3.456966485800899
MLB,New York Yankees,100,62,2018,2.9855619650098673,2.9855619650098673
MLB,Oakland Athletics,97,65,2018,2.5141574442188355,2.5141574442188355
MLB,Milwaukee Brewers,96,67,2018,2.2714553049650763,2.2714553049650763
MLB,Chicago Cubs,95,68,2018,2.114803214967485,2.114803214967485
MLB,Los Angeles Dodgers,92,71,2018,1.6448469449747105,1.6448469449747105
MLB,Cleveland Indians,91,71,2018,1.5713484026367723,1.5713484026367723
MLB,Colorado Rockies,91,72,2018,1.4881948549771191,1.4881948549771191
MLB,Atlanta Braves,90,72,2018,1.4142135623730951,1.4142135623730951
MLB,Tampa Bay Rays,90,72,2018,1.4142135623730951,1.4142135623730951
MLB,Seattle Mariners,89,73,2018,1.2570787221094177,1.2570787221094177
MLB,St. Louis Cardinals,88,74,2018,1.0999438818457405,1.0999438818457405
MLB,Pittsburgh Pirates,82,79,2018,0.23643312187173018,0.23643312187173018
MLB,Washington Nationals,82,80,2018,0.15713484026367722,0.15713484026367722
MLB,Arizona Diamondbacks,82,80,2018,0.15713484026367722,0.15713484026367722
MLB,Philadelphia Phillies,80,82,2018,-0.15713484026367722,0.15713484026367722
MLB,Los Angeles Angels,80,82,2018,-0.15713484026367722,0.15713484026367722
MLB,Minnesota Twins,78,84,2018,-0.4714045207910317,0.4714045207910317
MLB,New York Mets,77,85,2018,-0.6285393610547089,0.6285393610547089
MLB,San Francisco Giants,73,89,2018,-1.2570787221094177,1.2570787221094177
MLB,Toronto Blue Jays,73,89,2018,-1.2570787221094177,1.2570787221094177
MLB,Texas Rangers,67,95,2018,-2.199887763691481,2.199887763691481
MLB,Cincinnati Reds,67,95,2018,-2.199887763691481,2.199887763691481
MLB,San Diego Padres,66,96,2018,-2.3570226039551585,2.3570226039551585
MLB,Detroit Tigers,64,98,2018,-2.671292284482513,2.671292284482513
MLB,Miami Marlins,63,98,2018,-2.7583864218368523,2.7583864218368523
MLB,Chicago White Sox,62,100,2018,-2.9855619650098673,2.9855619650098673
MLB,Kansas City Royals,58,104,2018,-3.6141013260645765,3.6141013260645765
MLB,Baltimore Orioles,47,115,2018,-5.342584568965026,5.342584568965026
MLB,Houston Astros,107,55,2019,4.085505846855608,4.085505846855608
MLB,Los Angeles Dodgers,106,56,2019,3.928371006591931,3.928371006591931
MLB,New York Yankees,103,59,2019,3.456966485800899,3.456966485800899
MLB,Minnesota Twins,101,61,2019,3.1426968052735447,3.1426968052735447
MLB,Atlanta Braves,97,65,2019,2.5141574442188355,2.5141574442188355
MLB,Oakland Athletics,97,65,2019,2.5141574442188355,2.5141574442188355
MLB,Tampa Bay Rays,96,66,2019,2.3570226039551585,2.3570226039551585
MLB,Washington Nationals,93,69,2019,1.8856180831641267,1.8856180831641267
MLB,Cleveland Indians,93,69,2019,1.8856180831641267,1.8856180831641267
MLB,St. Louis Cardinals,91,71,2019,1.5713484026367723,1.5713484026367723
MLB,Milwaukee Brewers,89,73,2019,1.2570787221094177,1.2570787221094177
MLB,New York Mets,86,76,2019,0.7856742013183862,0.7856742013183862
MLB,Arizona Diamondbacks,85,77,2019,0.6285393610547089,0.6285393610547089
MLB,Boston Red Sox,84,78,2019,0.4714045207910317,0.4714045207910317
MLB,Chicago Cubs,84,78,2019,0.4714045207910317,0.4714045207910317
MLB,Philadelphia Phillies,81,81,2019,0.0,0.0
MLB,Texas Rangers,78,84,2019,-0.4714045207910317,0.4714045207910317
MLB,San Francisco Giants,77,85,2019,-0.6285393610547089,0.6285393610547089
MLB,Cincinnati Reds,75,87,2019,-0.9428090415820634,0.9428090415820634
MLB,Chicago White Sox,72,89,2019,-1.3397876906064712,1.3397876906064712
MLB,Los Angeles Angels,72,90,2019,-1.4142135623730951,1.4142135623730951
MLB,Colorado Rockies,71,91,2019,-1.5713484026367723,1.5713484026367723
MLB,San Diego Padres,70,92,2019,-1.7284832429004495,1.7284832429004495
MLB,Pittsburgh Pirates,69,93,2019,-1.8856180831641267,1.8856180831641267
MLB,Seattle Mariners,68,94,2019,-2.042752923427804,2.042752923427804
MLB,Toronto Blue Jays,67,95,2019,-2.199887763691481,2.199887763691481
MLB,Kansas City Royals,59,103,2019,-3.456966485800899,3.456966485800899
MLB,Miami Marlins,57,105,2019,-3.7712361663282534,3.7712361663282534
MLB,Baltimore Orioles,54,108,2019,-4.242640687119286,4.242640687119286
MLB,Detroit Tigers,47,114,2019,-5.280339721801974,5.280339721801974
