NBA,New York Knicks,60,22,1970,4.196397991,4.196397991
NBA,Milwaukee Bucks,56,26,1970,3.312945782,3.312945782
NBA,Philadelphia 76ers,42,40,1970,0.220863052,0.220863052
NBA,Baltimore Bullets,50,32,1970,1.987767469,1.987767469
NBA,Los Angeles Lakers,46,36,1970,1.104315261,1.104315261
NBA,Atlanta Hawks,48,34,1970,1.546041365,1.546041365
NBA,Boston Celtics,34,48,1970,-1.546041365,1.546041365
NBA,Phoenix Suns,39,43,1970,-0.441726104,0.441726104
NBA,Chicago Bulls,39,43,1970,-0.441726104,0.441726104
NBA,Seattle SuperSonics,36,46,1970,-1.104315261,1.104315261
NBA,Cincinnati Royals,36,46,1970,-1.104315261,1.104315261
NBA,Detroit Pistons,31,51,1970,-2.208630521,2.208630521
NBA,San Diego Rockets,27,55,1970,-3.09208273,3.09208273
NBA,San Francisco Warriors,30,52,1970,-2.429493574,2.429493574
NBA,Milwaukee Bucks,66,16,1971,5.521576304,5.521576304
NBA,Chicago Bulls,51,31,1971,2.208630521,2.208630521
NBA,New York Knicks,52,30,1971,2.429493574,2.429493574
NBA,Los Angeles Lakers,48,34,1971,1.546041365,1.546041365
NBA,Phoenix Suns,48,34,1971,1.546041365,1.546041365
NBA,Boston Celtics,44,38,1971,0.662589156,0.662589156
NBA,Philadelphia 76ers,47,35,1971,1.325178313,1.325178313
NBA,Baltimore Bullets,42,40,1971,0.220863052,0.220863052
NBA,San Diego Rockets,40,42,1971,-0.220863052,0.220863052
NBA,Detroit Pistons,45,37,1971,0.883452209,0.883452209
NBA,San Francisco Warriors,41,41,1971,0,0
NBA,Atlanta Hawks,36,46,1971,-1.104315261,1.104315261
NBA,Seattle SuperSonics,38,44,1971,-0.662589156,0.662589156
NBA,Cincinnati Royals,33,49,1971,-1.766904417,1.766904417
NBA,Portland Trail Blazers,29,53,1971,-2.650356626,2.650356626
NBA,Buffalo Braves,22,60,1971,-4.196397991,4.196397991
NBA,Cleveland Cavaliers,15,67,1971,-5.742439356,5.742439356
NBA,Los Angeles Lakers,69,13,1972,6.18416546,6.18416546
NBA,Milwaukee Bucks,63,19,1972,4.858987147,4.858987147
NBA,Chicago Bulls,57,25,1972,3.533808834,3.533808834
NBA,Phoenix Suns,49,33,1972,1.766904417,1.766904417
NBA,Boston Celtics,56,26,1972,3.312945782,3.312945782
NBA,New York Knicks,48,34,1972,1.546041365,1.546041365
NBA,Golden State Warriors,51,31,1972,2.208630521,2.208630521
NBA,Seattle SuperSonics,47,35,1972,1.325178313,1.325178313
NBA,Houston Rockets,34,48,1972,-1.546041365,1.546041365
NBA,Baltimore Bullets,38,44,1972,-0.662589156,0.662589156
NBA,Atlanta Hawks,36,46,1972,-1.104315261,1.104315261
NBA,Philadelphia 76ers,30,52,1972,-2.429493574,2.429493574
NBA,Cincinnati Royals,30,52,1972,-2.429493574,2.429493574
NBA,Detroit Pistons,26,56,1972,-3.312945782,3.312945782
NBA,Cleveland Cavaliers,23,59,1972,-3.975534939,3.975534939
NBA,Portland Trail Blazers,18,64,1972,-5.079850199,5.079850199
NBA,Buffalo Braves,22,60,1972,-4.196397991,4.196397991
NBA,Los Angeles Lakers,60,22,1973,4.196397991,4.196397991
NBA,Milwaukee Bucks,60,22,1973,4.196397991,4.196397991
NBA,Boston Celtics,68,14,1973,5.963302408,5.963302408
NBA,New York Knicks,57,25,1973,3.533808834,3.533808834
NBA,Chicago Bulls,51,31,1973,2.208630521,2.208630521
NBA,Golden State Warriors,47,35,1973,1.325178313,1.325178313
NBA,Baltimore Bullets,52,30,1973,2.429493574,2.429493574
NBA,Detroit Pistons,40,42,1973,-0.220863052,0.220863052
NBA,Atlanta Hawks,46,36,1973,1.104315261,1.104315261
NBA,Phoenix Suns,38,44,1973,-0.662589156,0.662589156
NBA,Houston Rockets,33,49,1973,-1.766904417,1.766904417
NBA,Kansas City-Omaha Kings,36,46,1973,-1.104315261,1.104315261
NBA,Cleveland Cavaliers,32,50,1973,-1.987767469,1.987767469
NBA,Seattle SuperSonics,26,56,1973,-3.312945782,3.312945782
NBA,Portland Trail Blazers,21,61,1973,-4.417261043,4.417261043
NBA,Buffalo Braves,21,61,1973,-4.417261043,4.417261043
NBA,Philadelphia 76ers,9,73,1973,-7.067617669,7.067617669
NBA,Milwaukee Bucks,59,23,1974,3.975534939,3.975534939
NBA,Detroit Pistons,52,30,1974,2.429493574,2.429493574
NBA,Boston Celtics,56,26,1974,3.312945782,3.312945782
NBA,Chicago Bulls,54,28,1974,2.871219678,2.871219678
NBA,Golden State Warriors,44,38,1974,0.662589156,0.662589156
NBA,New York Knicks,49,33,1974,1.766904417,1.766904417
NBA,Capital Bullets,47,35,1974,1.325178313,1.325178313
NBA,Los Angeles Lakers,47,35,1974,1.325178313,1.325178313
NBA,Buffalo Braves,42,40,1974,0.220863052,0.220863052
NBA,Houston Rockets,32,50,1974,-1.987767469,1.987767469
NBA,Atlanta Hawks,35,47,1974,-1.325178313,1.325178313
NBA,Seattle SuperSonics,36,46,1974,-1.104315261,1.104315261
NBA,Phoenix Suns,30,52,1974,-2.429493574,2.429493574
NBA,Kansas City-Omaha Kings,33,49,1974,-1.766904417,1.766904417
NBA,Cleveland Cavaliers,29,53,1974,-2.650356626,2.650356626
NBA,Portland Trail Blazers,27,55,1974,-3.09208273,3.09208273
NBA,Philadelphia 76ers,25,57,1974,-3.533808834,3.533808834
NBA,Washington Bullets,60,22,1975,4.196397991,4.196397991
NBA,Boston Celtics,60,22,1975,4.196397991,4.196397991
NBA,Chicago Bulls,47,35,1975,1.325178313,1.325178313
NBA,Golden State Warriors,48,34,1975,1.546041365,1.546041365
NBA,Buffalo Braves,49,33,1975,1.766904417,1.766904417
NBA,Houston Rockets,41,41,1975,0,0
NBA,Portland Trail Blazers,38,44,1975,-0.662589156,0.662589156
NBA,Milwaukee Bucks,38,44,1975,-0.662589156,0.662589156
NBA,Kansas City-Omaha Kings,44,38,1975,0.662589156,0.662589156
NBA,Cleveland Cavaliers,40,42,1975,-0.220863052,0.220863052
NBA,New York Knicks,40,42,1975,-0.220863052,0.220863052
NBA,Detroit Pistons,40,42,1975,-0.220863052,0.220863052
NBA,Seattle SuperSonics,43,39,1975,0.441726104,0.441726104
NBA,Atlanta Hawks,31,51,1975,-2.208630521,2.208630521
NBA,Phoenix Suns,32,50,1975,-1.987767469,1.987767469
NBA,Philadelphia 76ers,34,48,1975,-1.546041365,1.546041365
NBA,Los Angeles Lakers,30,52,1975,-2.429493574,2.429493574
NBA,New Orleans Jazz,23,59,1975,-3.975534939,3.975534939
NBA,Golden State Warriors,59,23,1976,3.975534939,3.975534939
NBA,Cleveland Cavaliers,49,33,1976,1.766904417,1.766904417
NBA,Boston Celtics,54,28,1976,2.871219678,2.871219678
NBA,Washington Bullets,48,34,1976,1.546041365,1.546041365
NBA,Buffalo Braves,46,36,1976,1.104315261,1.104315261
NBA,Phoenix Suns,42,40,1976,0.220863052,0.220863052
NBA,Philadelphia 76ers,46,36,1976,1.104315261,1.104315261
NBA,Los Angeles Lakers,40,42,1976,-0.220863052,0.220863052
NBA,Seattle SuperSonics,43,39,1976,0.441726104,0.441726104
NBA,Houston Rockets,40,42,1976,-0.220863052,0.220863052
NBA,New Orleans Jazz,38,44,1976,-0.662589156,0.662589156
NBA,New York Knicks,38,44,1976,-0.662589156,0.662589156
NBA,Portland Trail Blazers,37,45,1976,-0.883452209,0.883452209
NBA,Detroit Pistons,36,46,1976,-1.104315261,1.104315261
NBA,Milwaukee Bucks,38,44,1976,-0.662589156,0.662589156
NBA,Atlanta Hawks,29,53,1976,-2.650356626,2.650356626
NBA,Kansas City Kings,31,51,1976,-2.208630521,2.208630521
NBA,Chicago Bulls,24,58,1976,-3.754671887,3.754671887
NBA,Portland Trail Blazers,49,33,1977,1.766904417,1.766904417
NBA,Denver Nuggets,50,32,1977,1.987767469,1.987767469
NBA,Philadelphia 76ers,50,32,1977,1.987767469,1.987767469
NBA,Golden State Warriors,46,36,1977,1.104315261,1.104315261
NBA,Los Angeles Lakers,53,29,1977,2.650356626,2.650356626
NBA,Houston Rockets,49,33,1977,1.766904417,1.766904417
NBA,Cleveland Cavaliers,43,39,1977,0.441726104,0.441726104
NBA,Chicago Bulls,44,38,1977,0.662589156,0.662589156
NBA,Kansas City Kings,40,42,1977,-0.220863052,0.220863052
NBA,Washington Bullets,48,34,1977,1.546041365,1.546041365
NBA,Phoenix Suns,34,48,1977,-1.546041365,1.546041365
NBA,San Antonio Spurs,44,38,1977,0.662589156,0.662589156
NBA,New York Knicks,40,42,1977,-0.220863052,0.220863052
NBA,Detroit Pistons,44,38,1977,0.662589156,0.662589156
NBA,Seattle SuperSonics,40,42,1977,-0.220863052,0.220863052
NBA,Indiana Pacers,36,46,1977,-1.104315261,1.104315261
NBA,Boston Celtics,44,38,1977,0.662589156,0.662589156
NBA,New Orleans Jazz,35,47,1977,-1.325178313,1.325178313
NBA,Milwaukee Bucks,30,52,1977,-2.429493574,2.429493574
NBA,Atlanta Hawks,31,51,1977,-2.208630521,2.208630521
NBA,Buffalo Braves,30,52,1977,-2.429493574,2.429493574
NBA,New York Nets,22,60,1977,-4.196397991,4.196397991
NBA,Portland Trail Blazers,58,24,1978,3.754671887,3.754671887
NBA,Philadelphia 76ers,55,27,1978,3.09208273,3.09208273
NBA,Phoenix Suns,49,33,1978,1.766904417,1.766904417
NBA,San Antonio Spurs,52,30,1978,2.429493574,2.429493574
NBA,Los Angeles Lakers,45,37,1978,0.883452209,0.883452209
NBA,Seattle SuperSonics,47,35,1978,1.325178313,1.325178313
NBA,Washington Bullets,44,38,1978,0.662589156,0.662589156
NBA,Denver Nuggets,48,34,1978,1.546041365,1.546041365
NBA,Cleveland Cavaliers,43,39,1978,0.441726104,0.441726104
NBA,Golden State Warriors,43,39,1978,0.441726104,0.441726104
NBA,Atlanta Hawks,41,41,1978,0,0
NBA,New York Knicks,43,39,1978,0.441726104,0.441726104
NBA,Milwaukee Bucks,44,38,1978,0.662589156,0.662589156
NBA,Chicago Bulls,40,42,1978,-0.220863052,0.220863052
NBA,Detroit Pistons,38,44,1978,-0.662589156,0.662589156
NBA,Kansas City Kings,31,51,1978,-2.208630521,2.208630521
NBA,New Orleans Jazz,39,43,1978,-0.441726104,0.441726104
NBA,Boston Celtics,32,50,1978,-1.987767469,1.987767469
NBA,Indiana Pacers,31,51,1978,-2.208630521,2.208630521
NBA,Buffalo Braves,27,55,1978,-3.09208273,3.09208273
NBA,Houston Rockets,28,54,1978,-2.871219678,2.871219678
NBA,New Jersey Nets,24,58,1978,-3.754671887,3.754671887
NBA,San Antonio Spurs,48,34,1979,1.546041365,1.546041365
NBA,Washington Bullets,54,28,1979,2.871219678,2.871219678
NBA,Phoenix Suns,50,32,1979,1.987767469,1.987767469
NBA,Los Angeles Lakers,47,35,1979,1.325178313,1.325178313
NBA,Kansas City Kings,48,34,1979,1.546041365,1.546041365
NBA,Seattle SuperSonics,52,30,1979,2.429493574,2.429493574
NBA,Milwaukee Bucks,38,44,1979,-0.662589156,0.662589156
NBA,Atlanta Hawks,46,36,1979,1.104315261,1.104315261
NBA,Philadelphia 76ers,47,35,1979,1.325178313,1.325178313
NBA,Denver Nuggets,47,35,1979,1.325178313,1.325178313
NBA,Portland Trail Blazers,45,37,1979,0.883452209,0.883452209
NBA,Houston Rockets,47,35,1979,1.325178313,1.325178313
NBA,Golden State Warriors,38,44,1979,-0.662589156,0.662589156
NBA,Indiana Pacers,38,44,1979,-0.662589156,0.662589156
NBA,San Diego Clippers,43,39,1979,0.441726104,0.441726104
NBA,Detroit Pistons,30,52,1979,-2.429493574,2.429493574
NBA,New York Knicks,31,51,1979,-2.208630521,2.208630521
NBA,Cleveland Cavaliers,30,52,1979,-2.429493574,2.429493574
NBA,Chicago Bulls,31,51,1979,-2.208630521,2.208630521
NBA,New Jersey Nets,37,45,1979,-0.883452209,0.883452209
NBA,Boston Celtics,29,53,1979,-2.650356626,2.650356626
NBA,New Orleans Jazz,26,56,1979,-3.312945782,3.312945782
NBA,Boston Celtics,61,21,1980,4.417261043,4.417261043
NBA,Los Angeles Lakers,60,22,1980,4.196397991,4.196397991
NBA,Seattle SuperSonics,56,26,1980,3.312945782,3.312945782
NBA,Philadelphia 76ers,59,23,1980,3.975534939,3.975534939
NBA,Milwaukee Bucks,49,33,1980,1.766904417,1.766904417
NBA,Phoenix Suns,55,27,1980,3.09208273,3.09208273
NBA,Atlanta Hawks,50,32,1980,1.987767469,1.987767469
NBA,Kansas City Kings,47,35,1980,1.325178313,1.325178313
NBA,Cleveland Cavaliers,37,45,1980,-0.883452209,0.883452209
NBA,Houston Rockets,41,41,1980,0,0
NBA,San Antonio Spurs,41,41,1980,0,0
NBA,Indiana Pacers,37,45,1980,-0.883452209,0.883452209
NBA,Portland Trail Blazers,38,44,1980,-0.662589156,0.662589156
NBA,New York Knicks,39,43,1980,-0.441726104,0.441726104
NBA,New Jersey Nets,34,48,1980,-1.546041365,1.546041365
NBA,Washington Bullets,39,43,1980,-0.441726104,0.441726104
NBA,Chicago Bulls,30,52,1980,-2.429493574,2.429493574
NBA,San Diego Clippers,35,47,1980,-1.325178313,1.325178313
NBA,Golden State Warriors,24,58,1980,-3.754671887,3.754671887
NBA,Denver Nuggets,30,52,1980,-2.429493574,2.429493574
NBA,Utah Jazz,24,58,1980,-3.754671887,3.754671887
NBA,Detroit Pistons,16,66,1980,-5.521576304,5.521576304
NBA,Philadelphia 76ers,62,20,1981,4.638124095,4.638124095
NBA,Milwaukee Bucks,60,22,1981,4.196397991,4.196397991
NBA,Boston Celtics,62,20,1981,4.638124095,4.638124095
NBA,Phoenix Suns,57,25,1981,3.533808834,3.533808834
NBA,Los Angeles Lakers,54,28,1981,2.871219678,2.871219678
NBA,Chicago Bulls,45,37,1981,0.883452209,0.883452209
NBA,San Antonio Spurs,52,30,1981,2.429493574,2.429493574
NBA,New York Knicks,50,32,1981,1.987767469,1.987767469
NBA,Indiana Pacers,44,38,1981,0.662589156,0.662589156
NBA,Portland Trail Blazers,45,37,1981,0.883452209,0.883452209
NBA,Washington Bullets,39,43,1981,-0.441726104,0.441726104
NBA,Houston Rockets,40,42,1981,-0.220863052,0.220863052
NBA,Kansas City Kings,40,42,1981,-0.220863052,0.220863052
NBA,Denver Nuggets,37,45,1981,-0.883452209,0.883452209
NBA,Golden State Warriors,39,43,1981,-0.441726104,0.441726104
NBA,San Diego Clippers,36,46,1981,-1.104315261,1.104315261
NBA,Seattle SuperSonics,34,48,1981,-1.546041365,1.546041365
NBA,Atlanta Hawks,31,51,1981,-2.208630521,2.208630521
NBA,Cleveland Cavaliers,28,54,1981,-2.871219678,2.871219678
NBA,New Jersey Nets,24,58,1981,-3.754671887,3.754671887
NBA,Detroit Pistons,21,61,1981,-4.417261043,4.417261043
NBA,Utah Jazz,28,54,1981,-2.871219678,2.871219678
NBA,Dallas Mavericks,15,67,1981,-5.742439356,5.742439356
NBA,Boston Celtics,63,19,1982,4.858987147,4.858987147
NBA,Philadelphia 76ers,58,24,1982,3.754671887,3.754671887
NBA,Milwaukee Bucks,55,27,1982,3.09208273,3.09208273
NBA,Los Angeles Lakers,57,25,1982,3.533808834,3.533808834
NBA,Seattle SuperSonics,52,30,1982,2.429493574,2.429493574
NBA,Phoenix Suns,46,36,1982,1.104315261,1.104315261
NBA,San Antonio Spurs,48,34,1982,1.546041365,1.546041365
NBA,Washington Bullets,43,39,1982,0.441726104,0.441726104
NBA,New Jersey Nets,44,38,1982,0.662589156,0.662589156
NBA,Atlanta Hawks,42,40,1982,0.220863052,0.220863052
NBA,Golden State Warriors,45,37,1982,0.883452209,0.883452209
NBA,Portland Trail Blazers,42,40,1982,0.220863052,0.220863052
NBA,Denver Nuggets,46,36,1982,1.104315261,1.104315261
NBA,Houston Rockets,46,36,1982,1.104315261,1.104315261
NBA,Detroit Pistons,39,43,1982,-0.441726104,0.441726104
NBA,Indiana Pacers,35,47,1982,-1.325178313,1.325178313
NBA,Chicago Bulls,34,48,1982,-1.546041365,1.546041365
NBA,New York Knicks,33,49,1982,-1.766904417,1.766904417
NBA,Kansas City Kings,30,52,1982,-2.429493574,2.429493574
NBA,Dallas Mavericks,28,54,1982,-2.871219678,2.871219678
NBA,Utah Jazz,25,57,1982,-3.533808834,3.533808834
NBA,San Diego Clippers,17,65,1982,-5.300713252,5.300713252
NBA,Cleveland Cavaliers,15,67,1982,-5.742439356,5.742439356
NBA,Philadelphia 76ers,65,17,1983,5.300713252,5.300713252
NBA,Boston Celtics,56,26,1983,3.312945782,3.312945782
NBA,Los Angeles Lakers,58,24,1983,3.754671887,3.754671887
NBA,Phoenix Suns,53,29,1983,2.650356626,2.650356626
NBA,Milwaukee Bucks,51,31,1983,2.208630521,2.208630521
NBA,San Antonio Spurs,53,29,1983,2.650356626,2.650356626
NBA,Seattle SuperSonics,48,34,1983,1.546041365,1.546041365
NBA,New Jersey Nets,49,33,1983,1.766904417,1.766904417
NBA,New York Knicks,44,38,1983,0.662589156,0.662589156
NBA,Portland Trail Blazers,46,36,1983,1.104315261,1.104315261
NBA,Kansas City Kings,45,37,1983,0.883452209,0.883452209
NBA,Denver Nuggets,45,37,1983,0.883452209,0.883452209
NBA,Washington Bullets,42,40,1983,0.220863052,0.220863052
NBA,Detroit Pistons,37,45,1983,-0.883452209,0.883452209
NBA,Dallas Mavericks,38,44,1983,-0.662589156,0.662589156
NBA,Atlanta Hawks,43,39,1983,0.441726104,0.441726104
NBA,Golden State Warriors,30,52,1983,-2.429493574,2.429493574
NBA,Utah Jazz,30,52,1983,-2.429493574,2.429493574
NBA,Chicago Bulls,28,54,1983,-2.871219678,2.871219678
NBA,San Diego Clippers,25,57,1983,-3.533808834,3.533808834
NBA,Indiana Pacers,20,62,1983,-4.638124095,4.638124095
NBA,Cleveland Cavaliers,23,59,1983,-3.975534939,3.975534939
NBA,Houston Rockets,14,68,1983,-5.963302408,5.963302408
NBA,Boston Celtics,62,20,1984,4.638124095,4.638124095
NBA,Milwaukee Bucks,50,32,1984,1.987767469,1.987767469
NBA,New York Knicks,47,35,1984,1.325178313,1.325178313
NBA,Detroit Pistons,49,33,1984,1.766904417,1.766904417
NBA,Los Angeles Lakers,54,28,1984,2.871219678,2.871219678
NBA,Portland Trail Blazers,48,34,1984,1.546041365,1.546041365
NBA,Philadelphia 76ers,52,30,1984,2.429493574,2.429493574
NBA,New Jersey Nets,45,37,1984,0.883452209,0.883452209
NBA,Utah Jazz,45,37,1984,0.883452209,0.883452209
NBA,Phoenix Suns,41,41,1984,0,0
NBA,Dallas Mavericks,43,39,1984,0.441726104,0.441726104
NBA,Seattle SuperSonics,42,40,1984,0.220863052,0.220863052
NBA,San Antonio Spurs,37,45,1984,-0.883452209,0.883452209
NBA,Atlanta Hawks,40,42,1984,-0.220863052,0.220863052
NBA,Denver Nuggets,38,44,1984,-0.662589156,0.662589156
NBA,Kansas City Kings,38,44,1984,-0.662589156,0.662589156
NBA,Washington Bullets,35,47,1984,-1.325178313,1.325178313
NBA,Houston Rockets,29,53,1984,-2.650356626,2.650356626
NBA,San Diego Clippers,30,52,1984,-2.429493574,2.429493574
NBA,Golden State Warriors,37,45,1984,-0.883452209,0.883452209
NBA,Cleveland Cavaliers,28,54,1984,-2.871219678,2.871219678
NBA,Indiana Pacers,26,56,1984,-3.312945782,3.312945782
NBA,Chicago Bulls,27,55,1984,-3.09208273,3.09208273
NBA,Milwaukee Bucks,59,23,1985,3.975534939,3.975534939
NBA,Los Angeles Lakers,62,20,1985,4.638124095,4.638124095
NBA,Boston Celtics,63,19,1985,4.858987147,4.858987147
NBA,Philadelphia 76ers,58,24,1985,3.754671887,3.754671887
NBA,Portland Trail Blazers,42,40,1985,0.220863052,0.220863052
NBA,Detroit Pistons,46,36,1985,1.104315261,1.104315261
NBA,Denver Nuggets,52,30,1985,2.429493574,2.429493574
NBA,Dallas Mavericks,44,38,1985,0.662589156,0.662589156
NBA,Houston Rockets,48,34,1985,1.546041365,1.546041365
NBA,New Jersey Nets,42,40,1985,0.220863052,0.220863052
NBA,San Antonio Spurs,41,41,1985,0,0
NBA,Washington Bullets,40,42,1985,-0.220863052,0.220863052
NBA,Utah Jazz,41,41,1985,0,0
NBA,Chicago Bulls,38,44,1985,-0.662589156,0.662589156
NBA,Atlanta Hawks,34,48,1985,-1.546041365,1.546041365
NBA,Cleveland Cavaliers,36,46,1985,-1.104315261,1.104315261
NBA,Phoenix Suns,36,46,1985,-1.104315261,1.104315261
NBA,Kansas City Kings,31,51,1985,-2.208630521,2.208630521
NBA,New York Knicks,24,58,1985,-3.754671887,3.754671887
NBA,Los Angeles Clippers,31,51,1985,-2.208630521,2.208630521
NBA,Seattle SuperSonics,31,51,1985,-2.208630521,2.208630521
NBA,Indiana Pacers,22,60,1985,-4.196397991,4.196397991
NBA,Golden State Warriors,22,60,1985,-4.196397991,4.196397991
NBA,Boston Celtics,67,15,1986,5.742439356,5.742439356
NBA,Milwaukee Bucks,57,25,1986,3.533808834,3.533808834
NBA,Los Angeles Lakers,62,20,1986,4.638124095,4.638124095
NBA,Atlanta Hawks,50,32,1986,1.987767469,1.987767469
NBA,Philadelphia 76ers,54,28,1986,2.871219678,2.871219678
NBA,Houston Rockets,51,31,1986,2.208630521,2.208630521
NBA,Detroit Pistons,46,36,1986,1.104315261,1.104315261
NBA,Dallas Mavericks,44,38,1986,0.662589156,0.662589156
NBA,Denver Nuggets,47,35,1986,1.325178313,1.325178313
NBA,Portland Trail Blazers,40,42,1986,-0.220863052,0.220863052
NBA,Seattle SuperSonics,31,51,1986,-2.208630521,2.208630521
NBA,Utah Jazz,42,40,1986,0.220863052,0.220863052
NBA,New Jersey Nets,39,43,1986,-0.441726104,0.441726104
NBA,Washington Bullets,39,43,1986,-0.441726104,0.441726104
NBA,San Antonio Spurs,35,47,1986,-1.325178313,1.325178313
NBA,Cleveland Cavaliers,29,53,1986,-2.650356626,2.650356626
NBA,Indiana Pacers,26,56,1986,-3.312945782,3.312945782
NBA,Phoenix Suns,32,50,1986,-1.987767469,1.987767469
NBA,Sacramento Kings,37,45,1986,-0.883452209,0.883452209
NBA,Chicago Bulls,30,52,1986,-2.429493574,2.429493574
NBA,Golden State Warriors,30,52,1986,-2.429493574,2.429493574
NBA,New York Knicks,23,59,1986,-3.975534939,3.975534939
NBA,Los Angeles Clippers,32,50,1986,-1.987767469,1.987767469
NBA,Los Angeles Lakers,65,17,1987,5.300713252,5.300713252
NBA,Atlanta Hawks,57,25,1987,3.533808834,3.533808834
NBA,Boston Celtics,59,23,1987,3.975534939,3.975534939
NBA,Dallas Mavericks,55,27,1987,3.09208273,3.09208273
NBA,Milwaukee Bucks,50,32,1987,1.987767469,1.987767469
NBA,Detroit Pistons,52,30,1987,2.429493574,2.429493574
NBA,Portland Trail Blazers,49,33,1987,1.766904417,1.766904417
NBA,Chicago Bulls,40,42,1987,-0.220863052,0.220863052
NBA,Houston Rockets,42,40,1987,0.220863052,0.220863052
NBA,Philadelphia 76ers,45,37,1987,0.883452209,0.883452209
NBA,Seattle SuperSonics,39,43,1987,-0.441726104,0.441726104
NBA,Utah Jazz,44,38,1987,0.662589156,0.662589156
NBA,Indiana Pacers,41,41,1987,0,0
NBA,Washington Bullets,42,40,1987,0.220863052,0.220863052
NBA,Denver Nuggets,37,45,1987,-0.883452209,0.883452209
NBA,Golden State Warriors,42,40,1987,0.220863052,0.220863052
NBA,Phoenix Suns,36,46,1987,-1.104315261,1.104315261
NBA,Cleveland Cavaliers,31,51,1987,-2.208630521,2.208630521
NBA,Sacramento Kings,29,53,1987,-2.650356626,2.650356626
NBA,New Jersey Nets,24,58,1987,-3.754671887,3.754671887
NBA,San Antonio Spurs,28,54,1987,-2.871219678,2.871219678
NBA,New York Knicks,24,58,1987,-3.754671887,3.754671887
NBA,Los Angeles Clippers,12,70,1987,-6.405028512,6.405028512
NBA,Boston Celtics,57,25,1988,3.533808834,3.533808834
NBA,Detroit Pistons,54,28,1988,2.871219678,2.871219678
NBA,Los Angeles Lakers,62,20,1988,4.638124095,4.638124095
NBA,Atlanta Hawks,50,32,1988,1.987767469,1.987767469
NBA,Chicago Bulls,50,32,1988,1.987767469,1.987767469
NBA,Dallas Mavericks,53,29,1988,2.650356626,2.650356626
NBA,Portland Trail Blazers,53,29,1988,2.650356626,2.650356626
NBA,Denver Nuggets,54,28,1988,2.871219678,2.871219678
NBA,Utah Jazz,47,35,1988,1.325178313,1.325178313
NBA,Cleveland Cavaliers,42,40,1988,0.220863052,0.220863052
NBA,Seattle SuperSonics,44,38,1988,0.662589156,0.662589156
NBA,Milwaukee Bucks,42,40,1988,0.220863052,0.220863052
NBA,Houston Rockets,46,36,1988,1.104315261,1.104315261
NBA,New York Knicks,38,44,1988,-0.662589156,0.662589156
NBA,Washington Bullets,38,44,1988,-0.662589156,0.662589156
NBA,Indiana Pacers,38,44,1988,-0.662589156,0.662589156
NBA,Philadelphia 76ers,36,46,1988,-1.104315261,1.104315261
NBA,Phoenix Suns,28,54,1988,-2.871219678,2.871219678
NBA,San Antonio Spurs,31,51,1988,-2.208630521,2.208630521
NBA,Sacramento Kings,24,58,1988,-3.754671887,3.754671887
NBA,New Jersey Nets,19,63,1988,-4.858987147,4.858987147
NBA,Golden State Warriors,20,62,1988,-4.638124095,4.638124095
NBA,Los Angeles Clippers,17,65,1988,-5.300713252,5.300713252
NBA,Cleveland Cavaliers,57,25,1989,3.533808834,3.533808834
NBA,Phoenix Suns,55,27,1989,3.09208273,3.09208273
NBA,Detroit Pistons,63,19,1989,4.858987147,4.858987147
NBA,Los Angeles Lakers,57,25,1989,3.533808834,3.533808834
NBA,Atlanta Hawks,52,30,1989,2.429493574,2.429493574
NBA,Utah Jazz,51,31,1989,2.208630521,2.208630521
NBA,Milwaukee Bucks,49,33,1989,1.766904417,1.766904417
NBA,New York Knicks,52,30,1989,2.429493574,2.429493574
NBA,Seattle SuperSonics,47,35,1989,1.325178313,1.325178313
NBA,Chicago Bulls,47,35,1989,1.325178313,1.325178313
NBA,Philadelphia 76ers,46,36,1989,1.104315261,1.104315261
NBA,Boston Celtics,42,40,1989,0.220863052,0.220863052
NBA,Portland Trail Blazers,39,43,1989,-0.441726104,0.441726104
NBA,Denver Nuggets,44,38,1989,0.662589156,0.662589156
NBA,Houston Rockets,45,37,1989,0.883452209,0.883452209
NBA,Golden State Warriors,43,39,1989,0.441726104,0.441726104
NBA,Washington Bullets,40,42,1989,-0.220863052,0.220863052
NBA,Dallas Mavericks,38,44,1989,-0.662589156,0.662589156
NBA,Indiana Pacers,28,54,1989,-2.871219678,2.871219678
NBA,Sacramento Kings,27,55,1989,-3.09208273,3.09208273
NBA,New Jersey Nets,26,56,1989,-3.312945782,3.312945782
NBA,San Antonio Spurs,21,61,1989,-4.417261043,4.417261043
NBA,Charlotte Hornets,20,62,1989,-4.638124095,4.638124095
NBA,Los Angeles Clippers,21,61,1989,-4.417261043,4.417261043
NBA,Miami Heat,15,67,1989,-5.742439356,5.742439356
NBA,Los Angeles Lakers,63,19,1990,4.858987147,4.858987147
NBA,Phoenix Suns,54,28,1990,2.871219678,2.871219678
NBA,Portland Trail Blazers,59,23,1990,3.975534939,3.975534939
NBA,Detroit Pistons,59,23,1990,3.975534939,3.975534939
NBA,Utah Jazz,55,27,1990,3.09208273,3.09208273
NBA,Philadelphia 76ers,53,29,1990,2.650356626,2.650356626
NBA,San Antonio Spurs,56,26,1990,3.312945782,3.312945782
NBA,Boston Celtics,52,30,1990,2.429493574,2.429493574
NBA,Chicago Bulls,55,27,1990,3.09208273,3.09208273
NBA,Houston Rockets,41,41,1990,0,0
NBA,Denver Nuggets,43,39,1990,0.441726104,0.441726104
NBA,Seattle SuperSonics,41,41,1990,0,0
NBA,New York Knicks,45,37,1990,0.883452209,0.883452209
NBA,Atlanta Hawks,41,41,1990,0,0
NBA,Dallas Mavericks,47,35,1990,1.325178313,1.325178313
NBA,Indiana Pacers,42,40,1990,0.220863052,0.220863052
NBA,Cleveland Cavaliers,42,40,1990,0.220863052,0.220863052
NBA,Milwaukee Bucks,44,38,1990,0.662589156,0.662589156
NBA,Golden State Warriors,37,45,1990,-0.883452209,0.883452209
NBA,Washington Bullets,31,51,1990,-2.208630521,2.208630521
NBA,Los Angeles Clippers,30,52,1990,-2.429493574,2.429493574
NBA,Minnesota Timberwolves,22,60,1990,-4.196397991,4.196397991
NBA,Sacramento Kings,23,59,1990,-3.975534939,3.975534939
NBA,Charlotte Hornets,19,63,1990,-4.858987147,4.858987147
NBA,New Jersey Nets,17,65,1990,-5.300713252,5.300713252
NBA,Orlando Magic,18,64,1990,-5.079850199,5.079850199
NBA,Miami Heat,18,64,1990,-5.079850199,5.079850199
NBA,Chicago Bulls,61,21,1991,4.417261043,4.417261043
NBA,Portland Trail Blazers,63,19,1991,4.858987147,4.858987147
NBA,Los Angeles Lakers,58,24,1991,3.754671887,3.754671887
NBA,Phoenix Suns,55,27,1991,3.09208273,3.09208273
NBA,Boston Celtics,56,26,1991,3.312945782,3.312945782
NBA,San Antonio Spurs,55,27,1991,3.09208273,3.09208273
NBA,Utah Jazz,54,28,1991,2.871219678,2.871219678
NBA,Houston Rockets,52,30,1991,2.429493574,2.429493574
NBA,Detroit Pistons,50,32,1991,1.987767469,1.987767469
NBA,Milwaukee Bucks,48,34,1991,1.546041365,1.546041365
NBA,Golden State Warriors,44,38,1991,0.662589156,0.662589156
NBA,Seattle SuperSonics,41,41,1991,0,0
NBA,Atlanta Hawks,43,39,1991,0.441726104,0.441726104
NBA,Indiana Pacers,41,41,1991,0,0
NBA,New York Knicks,39,43,1991,-0.441726104,0.441726104
NBA,Philadelphia 76ers,44,38,1991,0.662589156,0.662589156
NBA,Cleveland Cavaliers,33,49,1991,-1.766904417,1.766904417
NBA,Los Angeles Clippers,31,51,1991,-2.208630521,2.208630521
NBA,Orlando Magic,31,51,1991,-2.208630521,2.208630521
NBA,Minnesota Timberwolves,29,53,1991,-2.650356626,2.650356626
NBA,Dallas Mavericks,28,54,1991,-2.871219678,2.871219678
NBA,New Jersey Nets,26,56,1991,-3.312945782,3.312945782
NBA,Washington Bullets,30,52,1991,-2.429493574,2.429493574
NBA,Charlotte Hornets,26,56,1991,-3.312945782,3.312945782
NBA,Miami Heat,24,58,1991,-3.754671887,3.754671887
NBA,Sacramento Kings,25,57,1991,-3.533808834,3.533808834
NBA,Denver Nuggets,20,62,1991,-4.638124095,4.638124095
NBA,Chicago Bulls,67,15,1992,5.742439356,5.742439356
NBA,Portland Trail Blazers,57,25,1992,3.533808834,3.533808834
NBA,Utah Jazz,55,27,1992,3.09208273,3.09208273
NBA,Phoenix Suns,53,29,1992,2.650356626,2.650356626
NBA,Cleveland Cavaliers,57,25,1992,3.533808834,3.533808834
NBA,New York Knicks,51,31,1992,2.208630521,2.208630521
NBA,Boston Celtics,51,31,1992,2.208630521,2.208630521
NBA,Golden State Warriors,55,27,1992,3.09208273,3.09208273
NBA,San Antonio Spurs,47,35,1992,1.325178313,1.325178313
NBA,Detroit Pistons,48,34,1992,1.546041365,1.546041365
NBA,Indiana Pacers,40,42,1992,-0.220863052,0.220863052
NBA,Seattle SuperSonics,47,35,1992,1.325178313,1.325178313
NBA,Los Angeles Clippers,45,37,1992,0.883452209,0.883452209
NBA,Los Angeles Lakers,43,39,1992,0.441726104,0.441726104
NBA,Atlanta Hawks,38,44,1992,-0.662589156,0.662589156
NBA,New Jersey Nets,40,42,1992,-0.220863052,0.220863052
NBA,Philadelphia 76ers,35,47,1992,-1.325178313,1.325178313
NBA,Milwaukee Bucks,31,51,1992,-2.208630521,2.208630521
NBA,Houston Rockets,42,40,1992,0.220863052,0.220863052
NBA,Charlotte Hornets,31,51,1992,-2.208630521,2.208630521
NBA,Miami Heat,38,44,1992,-0.662589156,0.662589156
NBA,Washington Bullets,25,57,1992,-3.533808834,3.533808834
NBA,Sacramento Kings,29,53,1992,-2.650356626,2.650356626
NBA,Orlando Magic,21,61,1992,-4.417261043,4.417261043
NBA,Minnesota Timberwolves,15,67,1992,-5.742439356,5.742439356
NBA,Denver Nuggets,24,58,1992,-3.754671887,3.754671887
NBA,Dallas Mavericks,22,60,1992,-4.196397991,4.196397991
NBA,Seattle SuperSonics,55,27,1993,3.09208273,3.09208273
NBA,Chicago Bulls,57,25,1993,3.533808834,3.533808834
NBA,Cleveland Cavaliers,54,28,1993,2.871219678,2.871219678
NBA,Phoenix Suns,62,20,1993,4.638124095,4.638124095
NBA,New York Knicks,60,22,1993,4.196397991,4.196397991
NBA,Houston Rockets,55,27,1993,3.09208273,3.09208273
NBA,Portland Trail Blazers,51,31,1993,2.208630521,2.208630521
NBA,San Antonio Spurs,49,33,1993,1.766904417,1.766904417
NBA,Utah Jazz,47,35,1993,1.325178313,1.325178313
NBA,Indiana Pacers,41,41,1993,0,0
NBA,Orlando Magic,41,41,1993,0,0
NBA,New Jersey Nets,43,39,1993,0.441726104,0.441726104
NBA,Boston Celtics,48,34,1993,1.546041365,1.546041365
NBA,Los Angeles Clippers,41,41,1993,0,0
NBA,Charlotte Hornets,44,38,1993,0.662589156,0.662589156
NBA,Atlanta Hawks,43,39,1993,0.441726104,0.441726104
NBA,Miami Heat,36,46,1993,-1.104315261,1.104315261
NBA,Detroit Pistons,40,42,1993,-0.220863052,0.220863052
NBA,Golden State Warriors,34,48,1993,-1.546041365,1.546041365
NBA,Los Angeles Lakers,39,43,1993,-0.441726104,0.441726104
NBA,Denver Nuggets,36,46,1993,-1.104315261,1.104315261
NBA,Sacramento Kings,25,57,1993,-3.533808834,3.533808834
NBA,Milwaukee Bucks,28,54,1993,-2.871219678,2.871219678
NBA,Philadelphia 76ers,26,56,1993,-3.312945782,3.312945782
NBA,Washington Bullets,22,60,1993,-4.196397991,4.196397991
NBA,Minnesota Timberwolves,19,63,1993,-4.858987147,4.858987147
NBA,Dallas Mavericks,11,71,1993,-6.625891564,6.625891564
NBA,Seattle SuperSonics,63,19,1994,4.858987147,4.858987147
NBA,New York Knicks,57,25,1994,3.533808834,3.533808834
NBA,San Antonio Spurs,55,27,1994,3.09208273,3.09208273
NBA,Atlanta Hawks,57,25,1994,3.533808834,3.533808834
NBA,Phoenix Suns,56,26,1994,3.312945782,3.312945782
NBA,Houston Rockets,58,24,1994,3.754671887,3.754671887
NBA,Utah Jazz,53,29,1994,2.650356626,2.650356626
NBA,Cleveland Cavaliers,47,35,1994,1.325178313,1.325178313
NBA,Orlando Magic,50,32,1994,1.987767469,1.987767469
NBA,Indiana Pacers,47,35,1994,1.325178313,1.325178313
NBA,Chicago Bulls,55,27,1994,3.09208273,3.09208273
NBA,Portland Trail Blazers,47,35,1994,1.325178313,1.325178313
NBA,Miami Heat,42,40,1994,0.220863052,0.220863052
NBA,New Jersey Nets,45,37,1994,0.883452209,0.883452209
NBA,Golden State Warriors,50,32,1994,1.987767469,1.987767469
NBA,Denver Nuggets,42,40,1994,0.220863052,0.220863052
NBA,Charlotte Hornets,41,41,1994,0,0
NBA,Los Angeles Lakers,33,49,1994,-1.766904417,1.766904417
NBA,Boston Celtics,32,50,1994,-1.987767469,1.987767469
NBA,Los Angeles Clippers,27,55,1994,-3.09208273,3.09208273
NBA,Sacramento Kings,28,54,1994,-2.871219678,2.871219678
NBA,Milwaukee Bucks,20,62,1994,-4.638124095,4.638124095
NBA,Minnesota Timberwolves,20,62,1994,-4.638124095,4.638124095
NBA,Washington Bullets,24,58,1994,-3.754671887,3.754671887
NBA,Philadelphia 76ers,25,57,1994,-3.533808834,3.533808834
NBA,Detroit Pistons,20,62,1994,-4.638124095,4.638124095
NBA,Dallas Mavericks,13,69,1994,-6.18416546,6.18416546
NBA,Utah Jazz,60,22,1995,4.196397991,4.196397991
NBA,Seattle SuperSonics,57,25,1995,3.533808834,3.533808834
NBA,Orlando Magic,57,25,1995,3.533808834,3.533808834
NBA,San Antonio Spurs,62,20,1995,4.638124095,4.638124095
NBA,Chicago Bulls,47,35,1995,1.325178313,1.325178313
NBA,Phoenix Suns,59,23,1995,3.975534939,3.975534939
NBA,Portland Trail Blazers,44,38,1995,0.662589156,0.662589156
NBA,Indiana Pacers,52,30,1995,2.429493574,2.429493574
NBA,Charlotte Hornets,50,32,1995,1.987767469,1.987767469
NBA,New York Knicks,55,27,1995,3.09208273,3.09208273
NBA,Houston Rockets,47,35,1995,1.325178313,1.325178313
NBA,Atlanta Hawks,42,40,1995,0.220863052,0.220863052
NBA,Denver Nuggets,41,41,1995,0,0
NBA,Cleveland Cavaliers,43,39,1995,0.441726104,0.441726104
NBA,Los Angeles Lakers,48,34,1995,1.546041365,1.546041365
NBA,Sacramento Kings,39,43,1995,-0.441726104,0.441726104
NBA,Miami Heat,32,50,1995,-1.987767469,1.987767469
NBA,Boston Celtics,35,47,1995,-1.325178313,1.325178313
NBA,Dallas Mavericks,36,46,1995,-1.104315261,1.104315261
NBA,New Jersey Nets,30,52,1995,-2.429493574,2.429493574
NBA,Milwaukee Bucks,34,48,1995,-1.546041365,1.546041365
NBA,Golden State Warriors,26,56,1995,-3.312945782,3.312945782
NBA,Philadelphia 76ers,24,58,1995,-3.754671887,3.754671887
NBA,Washington Bullets,21,61,1995,-4.417261043,4.417261043
NBA,Detroit Pistons,28,54,1995,-2.871219678,2.871219678
NBA,Minnesota Timberwolves,21,61,1995,-4.417261043,4.417261043
NBA,Los Angeles Clippers,17,65,1995,-5.300713252,5.300713252
NBA,Chicago Bulls,72,10,1996,6.846754617,6.846754617
NBA,Seattle SuperSonics,64,18,1996,5.079850199,5.079850199
NBA,Utah Jazz,55,27,1996,3.09208273,3.09208273
NBA,San Antonio Spurs,59,23,1996,3.975534939,3.975534939
NBA,Orlando Magic,60,22,1996,4.196397991,4.196397991
NBA,Los Angeles Lakers,53,29,1996,2.650356626,2.650356626
NBA,Indiana Pacers,52,30,1996,2.429493574,2.429493574
NBA,Cleveland Cavaliers,47,35,1996,1.325178313,1.325178313
NBA,Detroit Pistons,46,36,1996,1.104315261,1.104315261
NBA,New York Knicks,47,35,1996,1.325178313,1.325178313
NBA,Portland Trail Blazers,44,38,1996,0.662589156,0.662589156
NBA,Houston Rockets,48,34,1996,1.546041365,1.546041365
NBA,Miami Heat,42,40,1996,0.220863052,0.220863052
NBA,Atlanta Hawks,46,36,1996,1.104315261,1.104315261
NBA,Washington Bullets,39,43,1996,-0.441726104,0.441726104
NBA,Phoenix Suns,41,41,1996,0,0
NBA,Charlotte Hornets,41,41,1996,0,0
NBA,Golden State Warriors,36,46,1996,-1.104315261,1.104315261
NBA,Sacramento Kings,39,43,1996,-0.441726104,0.441726104
NBA,Denver Nuggets,35,47,1996,-1.325178313,1.325178313
NBA,Boston Celtics,33,49,1996,-1.766904417,1.766904417
NBA,Los Angeles Clippers,29,53,1996,-2.650356626,2.650356626
NBA,New Jersey Nets,30,52,1996,-2.429493574,2.429493574
NBA,Dallas Mavericks,26,56,1996,-3.312945782,3.312945782
NBA,Milwaukee Bucks,25,57,1996,-3.533808834,3.533808834
NBA,Minnesota Timberwolves,26,56,1996,-3.312945782,3.312945782
NBA,Toronto Raptors,21,61,1996,-4.417261043,4.417261043
NBA,Philadelphia 76ers,18,64,1996,-5.079850199,5.079850199
NBA,Vancouver Grizzlies,15,67,1996,-5.742439356,5.742439356
NBA,Chicago Bulls,69,13,1997,6.18416546,6.18416546
NBA,Utah Jazz,64,18,1997,5.079850199,5.079850199
NBA,Seattle SuperSonics,57,25,1997,3.533808834,3.533808834
NBA,Miami Heat,61,21,1997,4.417261043,4.417261043
NBA,Detroit Pistons,54,28,1997,2.871219678,2.871219678
NBA,Atlanta Hawks,56,26,1997,3.312945782,3.312945782
NBA,Houston Rockets,57,25,1997,3.533808834,3.533808834
NBA,Portland Trail Blazers,49,33,1997,1.766904417,1.766904417
NBA,Los Angeles Lakers,56,26,1997,3.312945782,3.312945782
NBA,New York Knicks,57,25,1997,3.533808834,3.533808834
NBA,Cleveland Cavaliers,42,40,1997,0.220863052,0.220863052
NBA,Charlotte Hornets,54,28,1997,2.871219678,2.871219678
NBA,Washington Bullets,44,38,1997,0.662589156,0.662589156
NBA,Indiana Pacers,39,43,1997,-0.441726104,0.441726104
NBA,Phoenix Suns,40,42,1997,-0.220863052,0.220863052
NBA,Orlando Magic,45,37,1997,0.883452209,0.883452209
NBA,Milwaukee Bucks,33,49,1997,-1.766904417,1.766904417
NBA,Minnesota Timberwolves,40,42,1997,-0.220863052,0.220863052
NBA,Toronto Raptors,30,52,1997,-2.429493574,2.429493574
NBA,Los Angeles Clippers,36,46,1997,-1.104315261,1.104315261
NBA,Sacramento Kings,34,48,1997,-1.546041365,1.546041365
NBA,New Jersey Nets,26,56,1997,-3.312945782,3.312945782
NBA,Golden State Warriors,30,52,1997,-2.429493574,2.429493574
NBA,Philadelphia 76ers,22,60,1997,-4.196397991,4.196397991
NBA,Boston Celtics,15,67,1997,-5.742439356,5.742439356
NBA,Denver Nuggets,21,61,1997,-4.417261043,4.417261043
NBA,Dallas Mavericks,24,58,1997,-3.754671887,3.754671887
NBA,San Antonio Spurs,20,62,1997,-4.638124095,4.638124095
NBA,Vancouver Grizzlies,14,68,1997,-5.963302408,5.963302408
NBA,Chicago Bulls,62,20,1998,4.638124095,4.638124095
NBA,Los Angeles Lakers,61,21,1998,4.417261043,4.417261043
NBA,Indiana Pacers,58,24,1998,3.754671887,3.754671887
NBA,Seattle SuperSonics,61,21,1998,4.417261043,4.417261043
NBA,Utah Jazz,62,20,1998,4.638124095,4.638124095
NBA,Miami Heat,55,27,1998,3.09208273,3.09208273
NBA,Phoenix Suns,56,26,1998,3.312945782,3.312945782
NBA,Atlanta Hawks,50,32,1998,1.987767469,1.987767469
NBA,San Antonio Spurs,56,26,1998,3.312945782,3.312945782
NBA,Cleveland Cavaliers,47,35,1998,1.325178313,1.325178313
NBA,New York Knicks,43,39,1998,0.441726104,0.441726104
NBA,Charlotte Hornets,51,31,1998,2.208630521,2.208630521
NBA,Detroit Pistons,37,45,1998,-0.883452209,0.883452209
NBA,New Jersey Nets,43,39,1998,0.441726104,0.441726104
NBA,Washington Wizards,42,40,1998,0.220863052,0.220863052
NBA,Portland Trail Blazers,46,36,1998,1.104315261,1.104315261
NBA,Minnesota Timberwolves,45,37,1998,0.883452209,0.883452209
NBA,Orlando Magic,41,41,1998,0,0
NBA,Houston Rockets,41,41,1998,0,0
NBA,Milwaukee Bucks,36,46,1998,-1.104315261,1.104315261
NBA,Boston Celtics,36,46,1998,-1.104315261,1.104315261
NBA,Philadelphia 76ers,31,51,1998,-2.208630521,2.208630521
NBA,Sacramento Kings,27,55,1998,-3.09208273,3.09208273
NBA,Dallas Mavericks,20,62,1998,-4.638124095,4.638124095
NBA,Vancouver Grizzlies,19,63,1998,-4.858987147,4.858987147
NBA,Los Angeles Clippers,17,65,1998,-5.300713252,5.300713252
NBA,Toronto Raptors,16,66,1998,-5.521576304,5.521576304
NBA,Golden State Warriors,19,63,1998,-4.858987147,4.858987147
NBA,Denver Nuggets,11,71,1998,-6.625891564,6.625891564
NBA,San Antonio Spurs,37,13,1999,3.39411255,3.39411255
NBA,Utah Jazz,37,13,1999,3.39411255,3.39411255
NBA,Portland Trail Blazers,35,15,1999,2.828427125,2.828427125
NBA,Miami Heat,33,17,1999,2.2627417,2.2627417
NBA,Detroit Pistons,29,21,1999,1.13137085,1.13137085
NBA,Indiana Pacers,33,17,1999,2.2627417,2.2627417
NBA,Orlando Magic,33,17,1999,2.2627417,2.2627417
NBA,Atlanta Hawks,31,19,1999,1.697056275,1.697056275
NBA,Philadelphia 76ers,28,22,1999,0.848528137,0.848528137
NBA,Los Angeles Lakers,31,19,1999,1.697056275,1.697056275
NBA,Phoenix Suns,27,23,1999,0.565685425,0.565685425
NBA,Milwaukee Bucks,28,22,1999,0.848528137,0.848528137
NBA,New York Knicks,27,23,1999,0.565685425,0.565685425
NBA,Houston Rockets,31,19,1999,1.697056275,1.697056275
NBA,Charlotte Hornets,26,24,1999,0.282842712,0.282842712
NBA,Minnesota Timberwolves,25,25,1999,0,0
NBA,Sacramento Kings,27,23,1999,0.565685425,0.565685425
NBA,Cleveland Cavaliers,22,28,1999,-0.848528137,0.848528137
NBA,Seattle SuperSonics,25,25,1999,0,0
NBA,Toronto Raptors,23,27,1999,-0.565685425,0.565685425
NBA,Washington Wizards,18,32,1999,-1.979898987,1.979898987
NBA,Boston Celtics,19,31,1999,-1.697056275,1.697056275
NBA,Dallas Mavericks,19,31,1999,-1.697056275,1.697056275
NBA,Golden State Warriors,21,29,1999,-1.13137085,1.13137085
NBA,New Jersey Nets,16,34,1999,-2.545584412,2.545584412
NBA,Denver Nuggets,14,36,1999,-3.111269837,3.111269837
NBA,Chicago Bulls,13,37,1999,-3.39411255,3.39411255
NBA,Los Angeles Clippers,9,41,1999,-4.5254834,4.5254834
NBA,Vancouver Grizzlies,8,42,1999,-4.808326112,4.808326112
NBA,Los Angeles Lakers,67,15,2000,5.742439356,5.742439356
NBA,Portland Trail Blazers,59,23,2000,3.975534939,3.975534939
NBA,San Antonio Spurs,53,29,2000,2.650356626,2.650356626
NBA,Phoenix Suns,53,29,2000,2.650356626,2.650356626
NBA,Utah Jazz,55,27,2000,3.09208273,3.09208273
NBA,Indiana Pacers,56,26,2000,3.312945782,3.312945782
NBA,Sacramento Kings,44,38,2000,0.662589156,0.662589156
NBA,Minnesota Timberwolves,50,32,2000,1.987767469,1.987767469
NBA,Miami Heat,52,30,2000,2.429493574,2.429493574
NBA,Charlotte Hornets,49,33,2000,1.766904417,1.766904417
NBA,New York Knicks,50,32,2000,1.987767469,1.987767469
NBA,Detroit Pistons,42,40,2000,0.220863052,0.220863052
NBA,Seattle SuperSonics,45,37,2000,0.883452209,0.883452209
NBA,Philadelphia 76ers,49,33,2000,1.766904417,1.766904417
NBA,Orlando Magic,41,41,2000,0,0
NBA,Milwaukee Bucks,42,40,2000,0.220863052,0.220863052
NBA,Dallas Mavericks,40,42,2000,-0.220863052,0.220863052
NBA,Toronto Raptors,45,37,2000,0.883452209,0.883452209
NBA,Houston Rockets,34,48,2000,-1.546041365,1.546041365
NBA,Boston Celtics,35,47,2000,-1.325178313,1.325178313
NBA,New Jersey Nets,31,51,2000,-2.208630521,2.208630521
NBA,Denver Nuggets,35,47,2000,-1.325178313,1.325178313
NBA,Washington Wizards,29,53,2000,-2.650356626,2.650356626
NBA,Cleveland Cavaliers,32,50,2000,-1.987767469,1.987767469
NBA,Vancouver Grizzlies,22,60,2000,-4.196397991,4.196397991
NBA,Atlanta Hawks,28,54,2000,-2.871219678,2.871219678
NBA,Golden State Warriors,19,63,2000,-4.858987147,4.858987147
NBA,Chicago Bulls,17,65,2000,-5.300713252,5.300713252
NBA,Los Angeles Clippers,15,67,2000,-5.742439356,5.742439356
NBA,San Antonio Spurs,58,24,2001,3.754671887,3.754671887
NBA,Sacramento Kings,55,27,2001,3.09208273,3.09208273
NBA,Utah Jazz,53,29,2001,2.650356626,2.650356626
NBA,Dallas Mavericks,53,29,2001,2.650356626,2.650356626
NBA,Portland Trail Blazers,50,32,2001,1.987767469,1.987767469
NBA,Los Angeles Lakers,56,26,2001,3.312945782,3.312945782
NBA,Philadelphia 76ers,56,26,2001,3.312945782,3.312945782
NBA,Milwaukee Bucks,52,30,2001,2.429493574,2.429493574
NBA,Houston Rockets,45,37,2001,0.883452209,0.883452209
NBA,Phoenix Suns,51,31,2001,2.208630521,2.208630521
NBA,New York Knicks,48,34,2001,1.546041365,1.546041365
NBA,Minnesota Timberwolves,47,35,2001,1.325178313,1.325178313
NBA,Miami Heat,50,32,2001,1.987767469,1.987767469
NBA,Toronto Raptors,47,35,2001,1.325178313,1.325178313
NBA,Charlotte Hornets,46,36,2001,1.104315261,1.104315261
NBA,Seattle SuperSonics,44,38,2001,0.662589156,0.662589156
NBA,Orlando Magic,43,39,2001,0.441726104,0.441726104
NBA,Indiana Pacers,41,41,2001,0,0
NBA,Denver Nuggets,40,42,2001,-0.220863052,0.220863052
NBA,Detroit Pistons,32,50,2001,-1.987767469,1.987767469
NBA,Los Angeles Clippers,31,51,2001,-2.208630521,2.208630521
NBA,Boston Celtics,36,46,2001,-1.104315261,1.104315261
NBA,Cleveland Cavaliers,30,52,2001,-2.429493574,2.429493574
NBA,Vancouver Grizzlies,23,59,2001,-3.975534939,3.975534939
NBA,New Jersey Nets,26,56,2001,-3.312945782,3.312945782
NBA,Atlanta Hawks,25,57,2001,-3.533808834,3.533808834
NBA,Washington Wizards,19,63,2001,-4.858987147,4.858987147
NBA,Golden State Warriors,17,65,2001,-5.300713252,5.300713252
NBA,Chicago Bulls,15,67,2001,-5.742439356,5.742439356
NBA,Sacramento Kings,61,21,2002,4.417261043,4.417261043
NBA,Los Angeles Lakers,58,24,2002,3.754671887,3.754671887
NBA,San Antonio Spurs,58,24,2002,3.754671887,3.754671887
NBA,Dallas Mavericks,57,25,2002,3.533808834,3.533808834
NBA,Minnesota Timberwolves,50,32,2002,1.987767469,1.987767469
NBA,New Jersey Nets,52,30,2002,2.429493574,2.429493574
NBA,Seattle SuperSonics,45,37,2002,0.883452209,0.883452209
NBA,Portland Trail Blazers,49,33,2002,1.766904417,1.766904417
NBA,Boston Celtics,49,33,2002,1.766904417,1.766904417
NBA,Detroit Pistons,50,32,2002,1.987767469,1.987767469
NBA,Utah Jazz,44,38,2002,0.662589156,0.662589156
NBA,Philadelphia 76ers,43,39,2002,0.441726104,0.441726104
NBA,Orlando Magic,44,38,2002,0.662589156,0.662589156
NBA,Charlotte Hornets,44,38,2002,0.662589156,0.662589156
NBA,Indiana Pacers,42,40,2002,0.220863052,0.220863052
NBA,Los Angeles Clippers,39,43,2002,-0.441726104,0.441726104
NBA,Phoenix Suns,36,46,2002,-1.104315261,1.104315261
NBA,Milwaukee Bucks,41,41,2002,0,0
NBA,Toronto Raptors,42,40,2002,0.220863052,0.220863052
NBA,Washington Wizards,37,45,2002,-0.883452209,0.883452209
NBA,Miami Heat,36,46,2002,-1.104315261,1.104315261
NBA,Cleveland Cavaliers,29,53,2002,-2.650356626,2.650356626
NBA,New York Knicks,30,52,2002,-2.429493574,2.429493574
NBA,Atlanta Hawks,33,49,2002,-1.766904417,1.766904417
NBA,Houston Rockets,28,54,2002,-2.871219678,2.871219678
NBA,Golden State Warriors,21,61,2002,-4.417261043,4.417261043
NBA,Denver Nuggets,27,55,2002,-3.09208273,3.09208273
NBA,Memphis Grizzlies,23,59,2002,-3.975534939,3.975534939
NBA,Chicago Bulls,21,61,2002,-4.417261043,4.417261043
NBA,Dallas Mavericks,60,22,2003,4.196397991,4.196397991
NBA,Sacramento Kings,59,23,2003,3.975534939,3.975534939
NBA,San Antonio Spurs,60,22,2003,4.196397991,4.196397991
NBA,New Jersey Nets,49,33,2003,1.766904417,1.766904417
NBA,Detroit Pistons,50,32,2003,1.987767469,1.987767469
NBA,Utah Jazz,47,35,2003,1.325178313,1.325178313
NBA,Portland Trail Blazers,50,32,2003,1.987767469,1.987767469
NBA,Indiana Pacers,48,34,2003,1.546041365,1.546041365
NBA,Los Angeles Lakers,50,32,2003,1.987767469,1.987767469
NBA,Minnesota Timberwolves,51,31,2003,2.208630521,2.208630521
NBA,Houston Rockets,43,39,2003,0.441726104,0.441726104
NBA,Philadelphia 76ers,48,34,2003,1.546041365,1.546041365
NBA,Phoenix Suns,44,38,2003,0.662589156,0.662589156
NBA,New Orleans Hornets,47,35,2003,1.325178313,1.325178313
NBA,Seattle SuperSonics,40,42,2003,-0.220863052,0.220863052
NBA,Milwaukee Bucks,42,40,2003,0.220863052,0.220863052
NBA,Orlando Magic,42,40,2003,0.220863052,0.220863052
NBA,Golden State Warriors,38,44,2003,-0.662589156,0.662589156
NBA,Boston Celtics,44,38,2003,0.662589156,0.662589156
NBA,Washington Wizards,37,45,2003,-0.883452209,0.883452209
NBA,New York Knicks,37,45,2003,-0.883452209,0.883452209
NBA,Memphis Grizzlies,28,54,2003,-2.871219678,2.871219678
NBA,Los Angeles Clippers,27,55,2003,-3.09208273,3.09208273
NBA,Atlanta Hawks,35,47,2003,-1.325178313,1.325178313
NBA,Chicago Bulls,30,52,2003,-2.429493574,2.429493574
NBA,Miami Heat,25,57,2003,-3.533808834,3.533808834
NBA,Toronto Raptors,24,58,2003,-3.754671887,3.754671887
NBA,Denver Nuggets,17,65,2003,-5.300713252,5.300713252
NBA,Cleveland Cavaliers,17,65,2003,-5.300713252,5.300713252
NBA,San Antonio Spurs,57,25,2004,3.533808834,3.533808834
NBA,Minnesota Timberwolves,58,24,2004,3.754671887,3.754671887
NBA,Sacramento Kings,55,27,2004,3.09208273,3.09208273
NBA,Detroit Pistons,54,28,2004,2.871219678,2.871219678
NBA,Indiana Pacers,61,21,2004,4.417261043,4.417261043
NBA,Dallas Mavericks,52,30,2004,2.429493574,2.429493574
NBA,Los Angeles Lakers,56,26,2004,3.312945782,3.312945782
NBA,Memphis Grizzlies,50,32,2004,1.987767469,1.987767469
NBA,Houston Rockets,45,37,2004,0.883452209,0.883452209
NBA,New Jersey Nets,47,35,2004,1.325178313,1.325178313
NBA,Denver Nuggets,43,39,2004,0.441726104,0.441726104
NBA,Milwaukee Bucks,41,41,2004,0,0
NBA,Seattle SuperSonics,37,45,2004,-0.883452209,0.883452209
NBA,Golden State Warriors,37,45,2004,-0.883452209,0.883452209
NBA,Miami Heat,42,40,2004,0.220863052,0.220863052
NBA,Utah Jazz,42,40,2004,0.220863052,0.220863052
NBA,Portland Trail Blazers,41,41,2004,0,0
NBA,New Orleans Hornets,41,41,2004,0,0
NBA,New York Knicks,39,43,2004,-0.441726104,0.441726104
NBA,Boston Celtics,36,46,2004,-1.104315261,1.104315261
NBA,Phoenix Suns,29,53,2004,-2.650356626,2.650356626
NBA,Philadelphia 76ers,33,49,2004,-1.766904417,1.766904417
NBA,Cleveland Cavaliers,35,47,2004,-1.325178313,1.325178313
NBA,Toronto Raptors,33,49,2004,-1.766904417,1.766904417
NBA,Los Angeles Clippers,28,54,2004,-2.871219678,2.871219678
NBA,Atlanta Hawks,28,54,2004,-2.871219678,2.871219678
NBA,Washington Wizards,25,57,2004,-3.533808834,3.533808834
NBA,Chicago Bulls,23,59,2004,-3.975534939,3.975534939
NBA,Orlando Magic,21,61,2004,-4.417261043,4.417261043
NBA,San Antonio Spurs,59,23,2005,3.975534939,3.975534939
NBA,Phoenix Suns,62,20,2005,4.638124095,4.638124095
NBA,Dallas Mavericks,58,24,2005,3.754671887,3.754671887
NBA,Miami Heat,59,23,2005,3.975534939,3.975534939
NBA,Houston Rockets,51,31,2005,2.208630521,2.208630521
NBA,Detroit Pistons,54,28,2005,2.871219678,2.871219678
NBA,Seattle SuperSonics,52,30,2005,2.429493574,2.429493574
NBA,Memphis Grizzlies,45,37,2005,0.883452209,0.883452209
NBA,Sacramento Kings,50,32,2005,1.987767469,1.987767469
NBA,Denver Nuggets,49,33,2005,1.766904417,1.766904417
NBA,Minnesota Timberwolves,44,38,2005,0.662589156,0.662589156
NBA,Chicago Bulls,47,35,2005,1.325178313,1.325178313
NBA,Indiana Pacers,44,38,2005,0.662589156,0.662589156
NBA,Boston Celtics,45,37,2005,0.883452209,0.883452209
NBA,Cleveland Cavaliers,42,40,2005,0.220863052,0.220863052
NBA,Los Angeles Clippers,37,45,2005,-0.883452209,0.883452209
NBA,Washington Wizards,45,37,2005,0.883452209,0.883452209
NBA,Philadelphia 76ers,43,39,2005,0.441726104,0.441726104
NBA,Toronto Raptors,33,49,2005,-1.766904417,1.766904417
NBA,Golden State Warriors,34,48,2005,-1.546041365,1.546041365
NBA,New Jersey Nets,42,40,2005,0.220863052,0.220863052
NBA,Los Angeles Lakers,34,48,2005,-1.546041365,1.546041365
NBA,Orlando Magic,36,46,2005,-1.104315261,1.104315261
NBA,New York Knicks,33,49,2005,-1.766904417,1.766904417
NBA,Milwaukee Bucks,30,52,2005,-2.429493574,2.429493574
NBA,Portland Trail Blazers,27,55,2005,-3.09208273,3.09208273
NBA,Utah Jazz,26,56,2005,-3.312945782,3.312945782
NBA,Charlotte Bobcats,18,64,2005,-5.079850199,5.079850199
NBA,New Orleans Hornets,18,64,2005,-5.079850199,5.079850199
NBA,Atlanta Hawks,13,69,2005,-6.18416546,6.18416546
NBA,San Antonio Spurs,63,19,2006,4.858987147,4.858987147
NBA,Detroit Pistons,64,18,2006,5.079850199,5.079850199
NBA,Dallas Mavericks,60,22,2006,4.196397991,4.196397991
NBA,Phoenix Suns,54,28,2006,2.871219678,2.871219678
NBA,Memphis Grizzlies,49,33,2006,1.766904417,1.766904417
NBA,Miami Heat,52,30,2006,2.429493574,2.429493574
NBA,Los Angeles Lakers,45,37,2006,0.883452209,0.883452209
NBA,Cleveland Cavaliers,50,32,2006,1.987767469,1.987767469
NBA,Los Angeles Clippers,47,35,2006,1.325178313,1.325178313
NBA,Indiana Pacers,41,41,2006,0,0
NBA,Washington Wizards,42,40,2006,0.220863052,0.220863052
NBA,Sacramento Kings,44,38,2006,0.662589156,0.662589156
NBA,New Jersey Nets,49,33,2006,1.766904417,1.766904417
NBA,Chicago Bulls,41,41,2006,0,0
NBA,Denver Nuggets,44,38,2006,0.662589156,0.662589156
NBA,Golden State Warriors,34,48,2006,-1.546041365,1.546041365
NBA,Milwaukee Bucks,40,42,2006,-0.220863052,0.220863052
NBA,Orlando Magic,36,46,2006,-1.104315261,1.104315261
NBA,Houston Rockets,34,48,2006,-1.546041365,1.546041365
NBA,Boston Celtics,33,49,2006,-1.766904417,1.766904417
NBA,Minnesota Timberwolves,33,49,2006,-1.766904417,1.766904417
NBA,Philadelphia 76ers,38,44,2006,-0.662589156,0.662589156
NBA,Utah Jazz,41,41,2006,0,0
NBA,New Orleans/Oklahoma City Hornets,38,44,2006,-0.662589156,0.662589156
NBA,Toronto Raptors,27,55,2006,-3.09208273,3.09208273
NBA,Seattle SuperSonics,35,47,2006,-1.325178313,1.325178313
NBA,Charlotte Bobcats,26,56,2006,-3.312945782,3.312945782
NBA,Atlanta Hawks,26,56,2006,-3.312945782,3.312945782
NBA,New York Knicks,23,59,2006,-3.975534939,3.975534939
NBA,Portland Trail Blazers,21,61,2006,-4.417261043,4.417261043
NBA,San Antonio Spurs,58,24,2007,3.754671887,3.754671887
NBA,Dallas Mavericks,67,15,2007,5.742439356,5.742439356
NBA,Phoenix Suns,61,21,2007,4.417261043,4.417261043
NBA,Houston Rockets,52,30,2007,2.429493574,2.429493574
NBA,Chicago Bulls,49,33,2007,1.766904417,1.766904417
NBA,Detroit Pistons,53,29,2007,2.650356626,2.650356626
NBA,Cleveland Cavaliers,50,32,2007,1.987767469,1.987767469
NBA,Utah Jazz,51,31,2007,2.208630521,2.208630521
NBA,Denver Nuggets,45,37,2007,0.883452209,0.883452209
NBA,Toronto Raptors,47,35,2007,1.325178313,1.325178313
NBA,Orlando Magic,40,42,2007,-0.220863052,0.220863052
NBA,Los Angeles Lakers,42,40,2007,0.220863052,0.220863052
NBA,Golden State Warriors,42,40,2007,0.220863052,0.220863052
NBA,Los Angeles Clippers,40,42,2007,-0.220863052,0.220863052
NBA,Washington Wizards,41,41,2007,0,0
NBA,New Jersey Nets,41,41,2007,0,0
NBA,Sacramento Kings,33,49,2007,-1.766904417,1.766904417
NBA,New Orleans/Oklahoma City Hornets,39,43,2007,-0.441726104,0.441726104
NBA,Miami Heat,44,38,2007,0.662589156,0.662589156
NBA,Indiana Pacers,35,47,2007,-1.325178313,1.325178313
NBA,Seattle SuperSonics,31,51,2007,-2.208630521,2.208630521
NBA,New York Knicks,33,49,2007,-1.766904417,1.766904417
NBA,Minnesota Timberwolves,32,50,2007,-1.987767469,1.987767469
NBA,Philadelphia 76ers,35,47,2007,-1.325178313,1.325178313
NBA,Boston Celtics,24,58,2007,-3.754671887,3.754671887
NBA,Portland Trail Blazers,32,50,2007,-1.987767469,1.987767469
NBA,Charlotte Bobcats,33,49,2007,-1.766904417,1.766904417
NBA,Milwaukee Bucks,28,54,2007,-2.871219678,2.871219678
NBA,Memphis Grizzlies,22,60,2007,-4.196397991,4.196397991
NBA,Atlanta Hawks,30,52,2007,-2.429493574,2.429493574
NBA,Boston Celtics,66,16,2008,5.521576304,5.521576304
NBA,Los Angeles Lakers,57,25,2008,3.533808834,3.533808834
NBA,Detroit Pistons,59,23,2008,3.975534939,3.975534939
NBA,Utah Jazz,54,28,2008,2.871219678,2.871219678
NBA,New Orleans Hornets,56,26,2008,3.312945782,3.312945782
NBA,San Antonio Spurs,56,26,2008,3.312945782,3.312945782
NBA,Houston Rockets,55,27,2008,3.09208273,3.09208273
NBA,Phoenix Suns,55,27,2008,3.09208273,3.09208273
NBA,Dallas Mavericks,51,31,2008,2.208630521,2.208630521
NBA,Orlando Magic,52,30,2008,2.429493574,2.429493574
NBA,Denver Nuggets,50,32,2008,1.987767469,1.987767469
NBA,Toronto Raptors,41,41,2008,0,0
NBA,Golden State Warriors,48,34,2008,1.546041365,1.546041365
NBA,Philadelphia 76ers,40,42,2008,-0.220863052,0.220863052
NBA,Portland Trail Blazers,41,41,2008,0,0
NBA,Cleveland Cavaliers,45,37,2008,0.883452209,0.883452209
NBA,Washington Wizards,43,39,2008,0.441726104,0.441726104
NBA,Indiana Pacers,36,46,2008,-1.104315261,1.104315261
NBA,Sacramento Kings,38,44,2008,-0.662589156,0.662589156
NBA,Atlanta Hawks,37,45,2008,-0.883452209,0.883452209
NBA,Chicago Bulls,33,49,2008,-1.766904417,1.766904417
NBA,Charlotte Bobcats,32,50,2008,-1.987767469,1.987767469
NBA,New Jersey Nets,34,48,2008,-1.546041365,1.546041365
NBA,Memphis Grizzlies,22,60,2008,-4.196397991,4.196397991
NBA,Minnesota Timberwolves,22,60,2008,-4.196397991,4.196397991
NBA,New York Knicks,23,59,2008,-3.975534939,3.975534939
NBA,Los Angeles Clippers,23,59,2008,-3.975534939,3.975534939
NBA,Milwaukee Bucks,26,56,2008,-3.312945782,3.312945782
NBA,Seattle SuperSonics,20,62,2008,-4.638124095,4.638124095
NBA,Miami Heat,15,67,2008,-5.742439356,5.742439356
NBA,Cleveland Cavaliers,66,16,2009,5.521576304,5.521576304
NBA,Boston Celtics,62,20,2009,4.638124095,4.638124095
NBA,Los Angeles Lakers,65,17,2009,5.300713252,5.300713252
NBA,Orlando Magic,59,23,2009,3.975534939,3.975534939
NBA,Portland Trail Blazers,54,28,2009,2.871219678,2.871219678
NBA,Houston Rockets,53,29,2009,2.650356626,2.650356626
NBA,San Antonio Spurs,54,28,2009,2.871219678,2.871219678
NBA,Denver Nuggets,54,28,2009,2.871219678,2.871219678
NBA,Utah Jazz,48,34,2009,1.546041365,1.546041365
NBA,Atlanta Hawks,47,35,2009,1.325178313,1.325178313
NBA,Dallas Mavericks,50,32,2009,1.987767469,1.987767469
NBA,Phoenix Suns,46,36,2009,1.104315261,1.104315261
NBA,New Orleans Hornets,49,33,2009,1.766904417,1.766904417
NBA,Miami Heat,43,39,2009,0.441726104,0.441726104
NBA,Philadelphia 76ers,41,41,2009,0,0
NBA,Chicago Bulls,41,41,2009,0,0
NBA,Detroit Pistons,39,43,2009,-0.441726104,0.441726104
NBA,Indiana Pacers,36,46,2009,-1.104315261,1.104315261
NBA,Milwaukee Bucks,34,48,2009,-1.546041365,1.546041365
NBA,Charlotte Bobcats,35,47,2009,-1.325178313,1.325178313
NBA,New York Knicks,32,50,2009,-1.987767469,1.987767469
NBA,New Jersey Nets,34,48,2009,-1.546041365,1.546041365
NBA,Toronto Raptors,33,49,2009,-1.766904417,1.766904417
NBA,Golden State Warriors,29,53,2009,-2.650356626,2.650356626
NBA,Minnesota Timberwolves,24,58,2009,-3.754671887,3.754671887
NBA,Memphis Grizzlies,24,58,2009,-3.754671887,3.754671887
NBA,Oklahoma City Thunder,23,59,2009,-3.975534939,3.975534939
NBA,Washington Wizards,19,63,2009,-4.858987147,4.858987147
NBA,Sacramento Kings,17,65,2009,-5.300713252,5.300713252
NBA,Los Angeles Clippers,19,63,2009,-4.858987147,4.858987147
NBA,Orlando Magic,59,23,2010,3.975534939,3.975534939
NBA,Cleveland Cavaliers,61,21,2010,4.417261043,4.417261043
NBA,Utah Jazz,53,29,2010,2.650356626,2.650356626
NBA,San Antonio Spurs,50,32,2010,1.987767469,1.987767469
NBA,Los Angeles Lakers,57,25,2010,3.533808834,3.533808834
NBA,Phoenix Suns,54,28,2010,2.871219678,2.871219678
NBA,Atlanta Hawks,53,29,2010,2.650356626,2.650356626
NBA,Denver Nuggets,53,29,2010,2.650356626,2.650356626
NBA,Oklahoma City Thunder,50,32,2010,1.987767469,1.987767469
NBA,Portland Trail Blazers,50,32,2010,1.987767469,1.987767469
NBA,Boston Celtics,50,32,2010,1.987767469,1.987767469
NBA,Dallas Mavericks,55,27,2010,3.09208273,3.09208273
NBA,Miami Heat,47,35,2010,1.325178313,1.325178313
NBA,Milwaukee Bucks,46,36,2010,1.104315261,1.104315261
NBA,Charlotte Bobcats,44,38,2010,0.662589156,0.662589156
NBA,Houston Rockets,42,40,2010,0.220863052,0.220863052
NBA,Memphis Grizzlies,40,42,2010,-0.220863052,0.220863052
NBA,Toronto Raptors,40,42,2010,-0.220863052,0.220863052
NBA,Chicago Bulls,41,41,2010,0,0
NBA,New Orleans Hornets,37,45,2010,-0.883452209,0.883452209
NBA,Indiana Pacers,32,50,2010,-1.987767469,1.987767469
NBA,Golden State Warriors,26,56,2010,-3.312945782,3.312945782
NBA,New York Knicks,29,53,2010,-2.650356626,2.650356626
NBA,Sacramento Kings,25,57,2010,-3.533808834,3.533808834
NBA,Philadelphia 76ers,27,55,2010,-3.09208273,3.09208273
NBA,Washington Wizards,26,56,2010,-3.312945782,3.312945782
NBA,Detroit Pistons,27,55,2010,-3.09208273,3.09208273
NBA,Los Angeles Clippers,29,53,2010,-2.650356626,2.650356626
NBA,Minnesota Timberwolves,15,67,2010,-5.742439356,5.742439356
NBA,New Jersey Nets,12,70,2010,-6.405028512,6.405028512
NBA,Miami Heat,58,24,2011,3.754671887,3.754671887
NBA,Chicago Bulls,62,20,2011,4.638124095,4.638124095
NBA,Los Angeles Lakers,57,25,2011,3.533808834,3.533808834
NBA,San Antonio Spurs,61,21,2011,4.417261043,4.417261043
NBA,Orlando Magic,52,30,2011,2.429493574,2.429493574
NBA,Boston Celtics,56,26,2011,3.312945782,3.312945782
NBA,Denver Nuggets,50,32,2011,1.987767469,1.987767469
NBA,Dallas Mavericks,57,25,2011,3.533808834,3.533808834
NBA,Oklahoma City Thunder,55,27,2011,3.09208273,3.09208273
NBA,Memphis Grizzlies,46,36,2011,1.104315261,1.104315261
NBA,Houston Rockets,43,39,2011,0.441726104,0.441726104
NBA,Portland Trail Blazers,48,34,2011,1.546041365,1.546041365
NBA,New Orleans Hornets,46,36,2011,1.104315261,1.104315261
NBA,Philadelphia 76ers,41,41,2011,0,0
NBA,New York Knicks,42,40,2011,0.220863052,0.220863052
NBA,Phoenix Suns,40,42,2011,-0.220863052,0.220863052
NBA,Milwaukee Bucks,35,47,2011,-1.325178313,1.325178313
NBA,Atlanta Hawks,44,38,2011,0.662589156,0.662589156
NBA,Indiana Pacers,37,45,2011,-0.883452209,0.883452209
NBA,Utah Jazz,39,43,2011,-0.441726104,0.441726104
NBA,Golden State Warriors,36,46,2011,-1.104315261,1.104315261
NBA,Los Angeles Clippers,32,50,2011,-1.987767469,1.987767469
NBA,Detroit Pistons,30,52,2011,-2.429493574,2.429493574
NBA,Charlotte Bobcats,34,48,2011,-1.546041365,1.546041365
NBA,Sacramento Kings,24,58,2011,-3.754671887,3.754671887
NBA,Minnesota Timberwolves,17,65,2011,-5.300713252,5.300713252
NBA,Toronto Raptors,22,60,2011,-4.196397991,4.196397991
NBA,New Jersey Nets,24,58,2011,-3.754671887,3.754671887
NBA,Washington Wizards,23,59,2011,-3.975534939,3.975534939
NBA,Cleveland Cavaliers,19,63,2011,-4.858987147,4.858987147
NBA,Chicago Bulls,50,16,2012,4.185110693,4.185110693
NBA,San Antonio Spurs,50,16,2012,4.185110693,4.185110693
NBA,Oklahoma City Thunder,47,19,2012,3.446561747,3.446561747
NBA,Miami Heat,46,20,2012,3.200378765,3.200378765
NBA,Philadelphia 76ers,35,31,2012,0.492365964,0.492365964
NBA,Denver Nuggets,38,28,2012,1.23091491,1.23091491
NBA,Los Angeles Clippers,40,26,2012,1.723280874,1.723280874
NBA,Indiana Pacers,42,24,2012,2.215646838,2.215646838
NBA,Atlanta Hawks,40,26,2012,1.723280874,1.723280874
NBA,New York Knicks,36,30,2012,0.738548946,0.738548946
NBA,Memphis Grizzlies,41,25,2012,1.969463856,1.969463856
NBA,Boston Celtics,39,27,2012,1.477097892,1.477097892
NBA,Los Angeles Lakers,41,25,2012,1.969463856,1.969463856
NBA,Dallas Mavericks,36,30,2012,0.738548946,0.738548946
NBA,Utah Jazz,36,30,2012,0.738548946,0.738548946
NBA,Houston Rockets,34,32,2012,0.246182982,0.246182982
NBA,Phoenix Suns,33,33,2012,0,0
NBA,Orlando Magic,37,29,2012,0.984731928,0.984731928
NBA,Milwaukee Bucks,31,35,2012,-0.492365964,0.492365964
NBA,Portland Trail Blazers,28,38,2012,-1.23091491,1.23091491
NBA,Minnesota Timberwolves,26,40,2012,-1.723280874,1.723280874
NBA,Golden State Warriors,23,43,2012,-2.46182982,2.46182982
NBA,New Orleans Hornets,21,45,2012,-2.954195784,2.954195784
NBA,Toronto Raptors,23,43,2012,-2.46182982,2.46182982
NBA,Sacramento Kings,22,44,2012,-2.708012802,2.708012802
NBA,Washington Wizards,20,46,2012,-3.200378765,3.200378765
NBA,Detroit Pistons,25,41,2012,-1.969463856,1.969463856
NBA,New Jersey Nets,22,44,2012,-2.708012802,2.708012802
NBA,Cleveland Cavaliers,21,45,2012,-2.954195784,2.954195784
NBA,Charlotte Bobcats,7,59,2012,-6.400757531,6.400757531
NBA,Oklahoma City Thunder,60,22,2013,4.196397991,4.196397991
NBA,Miami Heat,66,16,2013,5.521576304,5.521576304
NBA,San Antonio Spurs,58,24,2013,3.754671887,3.754671887
NBA,Los Angeles Clippers,56,26,2013,3.312945782,3.312945782
NBA,Denver Nuggets,57,25,2013,3.533808834,3.533808834
NBA,Memphis Grizzlies,56,26,2013,3.312945782,3.312945782
NBA,New York Knicks,54,28,2013,2.871219678,2.871219678
NBA,Houston Rockets,45,37,2013,0.883452209,0.883452209
NBA,Indiana Pacers,49,32,2013,1.888888889,1.888888889
NBA,Los Angeles Lakers,45,37,2013,0.883452209,0.883452209
NBA,Golden State Warriors,47,35,2013,1.325178313,1.325178313
NBA,Brooklyn Nets,49,33,2013,1.766904417,1.766904417
NBA,Utah Jazz,43,39,2013,0.441726104,0.441726104
NBA,Chicago Bulls,45,37,2013,0.883452209,0.883452209
NBA,Dallas Mavericks,41,41,2013,0,0
NBA,Atlanta Hawks,44,38,2013,0.662589156,0.662589156
NBA,Boston Celtics,41,40,2013,0.111111111,0.111111111
NBA,Toronto Raptors,34,48,2013,-1.546041365,1.546041365
NBA,Minnesota Timberwolves,31,51,2013,-2.208630521,2.208630521
NBA,Milwaukee Bucks,38,44,2013,-0.662589156,0.662589156
NBA,Portland Trail Blazers,33,49,2013,-1.766904417,1.766904417
NBA,Washington Wizards,29,53,2013,-2.650356626,2.650356626
NBA,New Orleans Hornets,27,55,2013,-3.09208273,3.09208273
NBA,Philadelphia 76ers,34,48,2013,-1.546041365,1.546041365
NBA,Sacramento Kings,28,54,2013,-2.871219678,2.871219678
NBA,Detroit Pistons,29,53,2013,-2.650356626,2.650356626
NBA,Cleveland Cavaliers,24,58,2013,-3.754671887,3.754671887
NBA,Phoenix Suns,25,57,2013,-3.533808834,3.533808834
NBA,Orlando Magic,20,62,2013,-4.638124095,4.638124095
NBA,Charlotte Bobcats,21,61,2013,-4.417261043,4.417261043
NBA,San Antonio Spurs,62,20,2014,4.638124095,4.638124095
NBA,Los Angeles Clippers,57,25,2014,3.533808834,3.533808834
NBA,Oklahoma City Thunder,59,23,2014,3.975534939,3.975534939
NBA,Golden State Warriors,51,31,2014,2.208630521,2.208630521
NBA,Houston Rockets,54,28,2014,2.871219678,2.871219678
NBA,Miami Heat,54,28,2014,2.871219678,2.871219678
NBA,Portland Trail Blazers,54,28,2014,2.871219678,2.871219678
NBA,Indiana Pacers,56,26,2014,3.312945782,3.312945782
NBA,Dallas Mavericks,49,33,2014,1.766904417,1.766904417
NBA,Minnesota Timberwolves,40,42,2014,-0.220863052,0.220863052
NBA,Phoenix Suns,48,34,2014,1.546041365,1.546041365
NBA,Toronto Raptors,48,34,2014,1.546041365,1.546041365
NBA,Memphis Grizzlies,50,32,2014,1.987767469,1.987767469
NBA,Chicago Bulls,48,34,2014,1.546041365,1.546041365
NBA,Washington Wizards,44,38,2014,0.662589156,0.662589156
NBA,Atlanta Hawks,38,44,2014,-0.662589156,0.662589156
NBA,Charlotte Bobcats,43,39,2014,0.441726104,0.441726104
NBA,New York Knicks,37,45,2014,-0.883452209,0.883452209
NBA,Denver Nuggets,36,46,2014,-1.104315261,1.104315261
NBA,Brooklyn Nets,44,38,2014,0.662589156,0.662589156
NBA,New Orleans Pelicans,34,48,2014,-1.546041365,1.546041365
NBA,Sacramento Kings,28,54,2014,-2.871219678,2.871219678
NBA,Cleveland Cavaliers,33,49,2014,-1.766904417,1.766904417
NBA,Detroit Pistons,29,53,2014,-2.650356626,2.650356626
NBA,Los Angeles Lakers,27,55,2014,-3.09208273,3.09208273
NBA,Boston Celtics,25,57,2014,-3.533808834,3.533808834
NBA,Orlando Magic,23,59,2014,-3.975534939,3.975534939
NBA,Utah Jazz,25,57,2014,-3.533808834,3.533808834
NBA,Milwaukee Bucks,15,67,2014,-5.742439356,5.742439356
NBA,Philadelphia 76ers,19,63,2014,-4.858987147,4.858987147
NBA,Golden State Warriors,67,15,2015,5.742439356,5.742439356
NBA,Los Angeles Clippers,56,26,2015,3.312945782,3.312945782
NBA,San Antonio Spurs,55,27,2015,3.09208273,3.09208273
NBA,Atlanta Hawks,60,22,2015,4.196397991,4.196397991
NBA,Portland Trail Blazers,51,31,2015,2.208630521,2.208630521
NBA,Cleveland Cavaliers,53,29,2015,2.650356626,2.650356626
NBA,Houston Rockets,56,26,2015,3.312945782,3.312945782
NBA,Memphis Grizzlies,55,27,2015,3.09208273,3.09208273
NBA,Dallas Mavericks,50,32,2015,1.987767469,1.987767469
NBA,Chicago Bulls,50,32,2015,1.987767469,1.987767469
NBA,Toronto Raptors,49,33,2015,1.766904417,1.766904417
NBA,Oklahoma City Thunder,45,37,2015,0.883452209,0.883452209
NBA,New Orleans Pelicans,45,37,2015,0.883452209,0.883452209
NBA,Utah Jazz,38,44,2015,-0.662589156,0.662589156
NBA,Washington Wizards,46,36,2015,1.104315261,1.104315261
NBA,Indiana Pacers,38,44,2015,-0.662589156,0.662589156
NBA,Milwaukee Bucks,41,41,2015,0,0
NBA,Phoenix Suns,39,43,2015,-0.441726104,0.441726104
NBA,Boston Celtics,40,42,2015,-0.220863052,0.220863052
NBA,Detroit Pistons,32,50,2015,-1.987767469,1.987767469
NBA,Denver Nuggets,30,52,2015,-2.429493574,2.429493574
NBA,Sacramento Kings,29,53,2015,-2.650356626,2.650356626
NBA,Brooklyn Nets,38,44,2015,-0.662589156,0.662589156
NBA,Miami Heat,37,45,2015,-0.883452209,0.883452209
NBA,Charlotte Hornets,33,49,2015,-1.766904417,1.766904417
NBA,Orlando Magic,25,57,2015,-3.533808834,3.533808834
NBA,Los Angeles Lakers,21,61,2015,-4.417261043,4.417261043
NBA,Minnesota Timberwolves,16,66,2015,-5.521576304,5.521576304
NBA,Philadelphia 76ers,18,64,2015,-5.079850199,5.079850199
NBA,New York Knicks,17,65,2015,-5.300713252,5.300713252
NBA,San Antonio Spurs,67,15,2016,5.742439356,5.742439356
NBA,Golden State Warriors,73,9,2016,7.067617669,7.067617669
NBA,Oklahoma City Thunder,55,27,2016,3.09208273,3.09208273
NBA,Cleveland Cavaliers,57,25,2016,3.533808834,3.533808834
NBA,Toronto Raptors,56,26,2016,3.312945782,3.312945782
NBA,Los Angeles Clippers,53,29,2016,2.650356626,2.650356626
NBA,Atlanta Hawks,48,34,2016,1.546041365,1.546041365
NBA,Boston Celtics,48,34,2016,1.546041365,1.546041365
NBA,Charlotte Hornets,48,34,2016,1.546041365,1.546041365
NBA,Utah Jazz,40,42,2016,-0.220863052,0.220863052
NBA,Indiana Pacers,45,37,2016,0.883452209,0.883452209
NBA,Miami Heat,48,34,2016,1.546041365,1.546041365
NBA,Portland Trail Blazers,44,38,2016,0.662589156,0.662589156
NBA,Detroit Pistons,44,38,2016,0.662589156,0.662589156
NBA,Houston Rockets,41,41,2016,0,0
NBA,Dallas Mavericks,42,40,2016,0.220863052,0.220863052
NBA,Washington Wizards,41,41,2016,0,0
NBA,Chicago Bulls,42,40,2016,0.220863052,0.220863052
NBA,Orlando Magic,35,47,2016,-1.325178313,1.325178313
NBA,Memphis Grizzlies,42,40,2016,0.220863052,0.220863052
NBA,Sacramento Kings,33,49,2016,-1.766904417,1.766904417
NBA,Denver Nuggets,33,49,2016,-1.766904417,1.766904417
NBA,New York Knicks,32,50,2016,-1.987767469,1.987767469
NBA,New Orleans Pelicans,30,52,2016,-2.429493574,2.429493574
NBA,Minnesota Timberwolves,29,53,2016,-2.650356626,2.650356626
NBA,Milwaukee Bucks,33,49,2016,-1.766904417,1.766904417
NBA,Phoenix Suns,23,59,2016,-3.975534939,3.975534939
NBA,Brooklyn Nets,21,61,2016,-4.417261043,4.417261043
NBA,Los Angeles Lakers,17,65,2016,-5.300713252,5.300713252
NBA,Philadelphia 76ers,10,72,2016,-6.846754617,6.846754617
NBA,Golden State Warriors,67,15,2017,5.742439356,5.742439356
NBA,San Antonio Spurs,61,21,2017,4.417261043,4.417261043
NBA,Houston Rockets,55,27,2017,3.09208273,3.09208273
NBA,Los Angeles Clippers,51,31,2017,2.208630521,2.208630521
NBA,Utah Jazz,51,31,2017,2.208630521,2.208630521
NBA,Toronto Raptors,51,31,2017,2.208630521,2.208630521
NBA,Cleveland Cavaliers,51,31,2017,2.208630521,2.208630521
NBA,Boston Celtics,53,29,2017,2.650356626,2.650356626
NBA,Washington Wizards,49,33,2017,1.766904417,1.766904417
NBA,Oklahoma City Thunder,47,35,2017,1.325178313,1.325178313
NBA,Memphis Grizzlies,43,39,2017,0.441726104,0.441726104
NBA,Miami Heat,41,41,2017,0,0
NBA,Denver Nuggets,40,42,2017,-0.220863052,0.220863052
NBA,Charlotte Hornets,36,46,2017,-1.104315261,1.104315261
NBA,Chicago Bulls,41,41,2017,0,0
NBA,Portland Trail Blazers,41,41,2017,0,0
NBA,Milwaukee Bucks,42,40,2017,0.220863052,0.220863052
NBA,Indiana Pacers,42,40,2017,0.220863052,0.220863052
NBA,Minnesota Timberwolves,31,51,2017,-2.208630521,2.208630521
NBA,Atlanta Hawks,43,39,2017,0.441726104,0.441726104
NBA,Detroit Pistons,37,45,2017,-0.883452209,0.883452209
NBA,New Orleans Pelicans,34,48,2017,-1.546041365,1.546041365
NBA,Dallas Mavericks,33,49,2017,-1.766904417,1.766904417
NBA,Sacramento Kings,32,50,2017,-1.987767469,1.987767469
NBA,New York Knicks,31,51,2017,-2.208630521,2.208630521
NBA,Phoenix Suns,24,58,2017,-3.754671887,3.754671887
NBA,Philadelphia 76ers,28,54,2017,-2.871219678,2.871219678
NBA,Los Angeles Lakers,26,56,2017,-3.312945782,3.312945782
NBA,Brooklyn Nets,20,62,2017,-4.638124095,4.638124095
NBA,Orlando Magic,29,53,2017,-2.650356626,2.650356626
NBA,Houston Rockets,65,17,2018,5.300713252,5.300713252
NBA,Toronto Raptors,59,23,2018,3.975534939,3.975534939
NBA,Golden State Warriors,58,24,2018,3.754671887,3.754671887
NBA,Utah Jazz,48,34,2018,1.546041365,1.546041365
NBA,Philadelphia 76ers,52,30,2018,2.429493574,2.429493574
NBA,Oklahoma City Thunder,48,34,2018,1.546041365,1.546041365
NBA,Boston Celtics,55,27,2018,3.09208273,3.09208273
NBA,San Antonio Spurs,47,35,2018,1.325178313,1.325178313
NBA,Portland Trail Blazers,49,33,2018,1.766904417,1.766904417
NBA,Minnesota Timberwolves,47,35,2018,1.325178313,1.325178313
NBA,Denver Nuggets,46,36,2018,1.104315261,1.104315261
NBA,New Orleans Pelicans,48,34,2018,1.546041365,1.546041365
NBA,Indiana Pacers,48,34,2018,1.546041365,1.546041365
NBA,Cleveland Cavaliers,50,32,2018,1.987767469,1.987767469
NBA,Washington Wizards,43,39,2018,0.441726104,0.441726104
NBA,Miami Heat,44,38,2018,0.662589156,0.662589156
NBA,Los Angeles Clippers,42,40,2018,0.220863052,0.220863052
NBA,Charlotte Hornets,36,46,2018,-1.104315261,1.104315261
NBA,Detroit Pistons,39,43,2018,-0.441726104,0.441726104
NBA,Milwaukee Bucks,44,38,2018,0.662589156,0.662589156
NBA,Los Angeles Lakers,35,47,2018,-1.325178313,1.325178313
NBA,Dallas Mavericks,24,58,2018,-3.754671887,3.754671887
NBA,New York Knicks,29,53,2018,-2.650356626,2.650356626
NBA,Brooklyn Nets,28,54,2018,-2.871219678,2.871219678
NBA,Orlando Magic,25,57,2018,-3.533808834,3.533808834
NBA,Atlanta Hawks,24,58,2018,-3.754671887,3.754671887
NBA,Memphis Grizzlies,22,60,2018,-4.196397991,4.196397991
NBA,Chicago Bulls,27,55,2018,-3.09208273,3.09208273
NBA,Sacramento Kings,27,55,2018,-3.09208273,3.09208273
NBA,Phoenix Suns,21,61,2018,-4.417261043,4.417261043
NBA,Milwaukee Bucks,60,22,2019,4.196397991,4.196397991
NBA,Golden State Warriors,57,25,2019,3.533808834,3.533808834
NBA,Toronto Raptors,58,24,2019,3.754671887,3.754671887
NBA,Utah Jazz,50,32,2019,1.987767469,1.987767469
NBA,Houston Rockets,53,29,2019,2.650356626,2.650356626
NBA,Portland Trail Blazers,53,29,2019,2.650356626,2.650356626
NBA,Denver Nuggets,54,28,2019,2.871219678,2.871219678
NBA,Boston Celtics,49,33,2019,1.766904417,1.766904417
NBA,Oklahoma City Thunder,49,33,2019,1.766904417,1.766904417
NBA,Indiana Pacers,48,34,2019,1.546041365,1.546041365
NBA,Philadelphia 76ers,51,31,2019,2.208630521,2.208630521
NBA,San Antonio Spurs,48,34,2019,1.546041365,1.546041365
NBA,Los Angeles Clippers,48,34,2019,1.546041365,1.546041365
NBA,Orlando Magic,42,40,2019,0.220863052,0.220863052
NBA,Miami Heat,39,43,2019,-0.441726104,0.441726104
NBA,Brooklyn Nets,42,40,2019,0.220863052,0.220863052
NBA,Detroit Pistons,41,41,2019,0,0
NBA,Sacramento Kings,39,43,2019,-0.441726104,0.441726104
NBA,Dallas Mavericks,33,49,2019,-1.766904417,1.766904417
NBA,Minnesota Timberwolves,36,46,2019,-1.104315261,1.104315261
NBA,New Orleans Pelicans,33,49,2019,-1.766904417,1.766904417
NBA,Los Angeles Lakers,37,45,2019,-0.883452209,0.883452209
NBA,Charlotte Hornets,39,43,2019,-0.441726104,0.441726104
NBA,Memphis Grizzlies,33,49,2019,-1.766904417,1.766904417
NBA,Washington Wizards,32,50,2019,-1.987767469,1.987767469
NBA,Atlanta Hawks,29,53,2019,-2.650356626,2.650356626
NBA,Chicago Bulls,22,60,2019,-4.196397991,4.196397991
NBA,Phoenix Suns,19,63,2019,-4.858987147,4.858987147
NBA,New York Knicks,17,65,2019,-5.300713252,5.300713252
NBA,Cleveland Cavaliers,19,63,2019,-4.858987147,4.858987147
