NHL,Montreal Canadiens,46,19,1969,3.3489378339086286,3.3489378339086286
NHL,Boston Bruins,42,18,1969,3.0983866769659336,3.0983866769659336
NHL,New York Rangers,41,26,1969,1.8325416653445783,1.8325416653445783
NHL,St. Louis Blues,37,25,1969,1.524001524002286,1.524001524002286
NHL,Toronto Maple Leafs,35,26,1969,1.1523319193960637,1.1523319193960637
NHL,Detroit Red Wings,33,31,1969,0.25,0.25
NHL,Chicago Black Hawks,34,33,1969,0.12216944435630522,0.12216944435630522
NHL,Oakland Seals,29,36,1969,-0.8682431421244593,0.8682431421244593
NHL,Philadelphia Flyers,20,35,1969,-2.0225995873897262,2.0225995873897262
NHL,Los Angeles Kings,24,42,1969,-2.215646837627989,2.215646837627989
NHL,Minnesota North Stars,18,43,1969,-3.2009219983223995,3.2009219983223995
NHL,Pittsburgh Penguins,20,45,1969,-3.1008683647302115,3.1008683647302115
NHL,Boston Bruins,40,17,1970,3.0464244212496006,3.0464244212496006
NHL,Chicago Black Hawks,45,22,1970,2.80989722019502,2.80989722019502
NHL,Detroit Red Wings,40,21,1970,2.4327007187250236,2.4327007187250236
NHL,Montreal Canadiens,38,22,1970,2.065591117977289,2.065591117977289
NHL,New York Rangers,38,22,1970,2.065591117977289,2.065591117977289
NHL,St. Louis Blues,37,27,1970,1.25,1.25
NHL,Toronto Maple Leafs,29,34,1970,-0.629940788348712,0.629940788348712
NHL,Pittsburgh Penguins,26,38,1970,-1.5,1.5
NHL,Minnesota North Stars,19,35,1970,-2.1773242158072694,2.1773242158072694
NHL,Oakland Seals,22,40,1970,-2.286002286003429,2.286002286003429
NHL,Philadelphia Flyers,17,35,1970,-2.4961508830135313,2.4961508830135313
NHL,Los Angeles Kings,14,52,1970,-4.677476657214644,4.677476657214644
NHL,Boston Bruins,57,14,1971,5.103161130233569,5.103161130233569
NHL,New York Rangers,49,18,1971,3.7872527750454617,3.7872527750454617
NHL,Chicago Black Hawks,49,20,1971,3.491189739487307,3.491189739487307
NHL,Montreal Canadiens,42,23,1971,2.3566599571949607,2.3566599571949607
NHL,St. Louis Blues,34,25,1971,1.171700198827415,1.171700198827415
NHL,Toronto Maple Leafs,37,33,1971,0.47809144373375745,0.47809144373375745
NHL,Philadelphia Flyers,28,33,1971,-0.6401843996644799,0.6401843996644799
NHL,Minnesota North Stars,28,34,1971,-0.762000762001143,0.762000762001143
NHL,Los Angeles Kings,25,40,1971,-1.860521018838127,1.860521018838127
NHL,Buffalo Sabres,24,39,1971,-1.889822365046136,1.889822365046136
NHL,Pittsburgh Penguins,21,37,1971,-2.1009029257555607,2.1009029257555607
NHL,Vancouver Canucks,24,46,1971,-2.629502940535666,2.629502940535666
NHL,Detroit Red Wings,22,45,1971,-2.80989722019502,2.80989722019502
NHL,California Golden Seals,20,53,1971,-3.862357857472309,3.862357857472309
NHL,Boston Bruins,54,13,1972,5.0089472186085136,5.0089472186085136
NHL,New York Rangers,48,17,1972,3.8450767722654624,3.8450767722654624
NHL,Montreal Canadiens,46,16,1972,3.810003810005715,3.810003810005715
NHL,Chicago Black Hawks,46,17,1972,3.6536565724225296,3.6536565724225296
NHL,Minnesota North Stars,37,29,1972,0.9847319278346618,0.9847319278346618
NHL,Toronto Maple Leafs,33,31,1972,0.25,0.25
NHL,Detroit Red Wings,33,35,1972,-0.24253562503633297,0.24253562503633297
NHL,St. Louis Blues,28,39,1972,-1.3438638879193574,1.3438638879193574
NHL,Philadelphia Flyers,26,38,1972,-1.5,1.5
NHL,Pittsburgh Penguins,26,38,1972,-1.5,1.5
NHL,California Golden Seals,21,39,1972,-2.32379000772445,2.32379000772445
NHL,Buffalo Sabres,16,43,1972,-3.5151005964822444,3.5151005964822444
NHL,Los Angeles Kings,20,49,1972,-3.491189739487307,3.491189739487307
NHL,Vancouver Canucks,20,50,1972,-3.585685828003181,3.585685828003181
NHL,Montreal Canadiens,52,10,1973,5.334005334008001,5.334005334008001
NHL,Boston Bruins,51,22,1973,3.3941932686877867,3.3941932686877867
NHL,New York Rangers,47,23,1973,2.8685486624025445,2.8685486624025445
NHL,Chicago Black Hawks,42,27,1973,1.805787796286538,1.805787796286538
NHL,Buffalo Sabres,37,27,1973,1.25,1.25
NHL,Detroit Red Wings,37,29,1973,0.9847319278346618,0.9847319278346618
NHL,Philadelphia Flyers,37,30,1973,0.8551861104941365,0.8551861104941365
NHL,Minnesota North Stars,37,30,1973,0.8551861104941365,0.8551861104941365
NHL,St. Louis Blues,32,34,1973,-0.24618298195866545,0.24618298195866545
NHL,Pittsburgh Penguins,32,37,1973,-0.601929265428846,0.601929265428846
NHL,Los Angeles Kings,31,36,1973,-0.6108472217815261,0.6108472217815261
NHL,Atlanta Flames,25,38,1973,-1.6378460497066512,1.6378460497066512
NHL,Toronto Maple Leafs,27,41,1973,-1.697749375254331,1.697749375254331
NHL,Vancouver Canucks,22,47,1973,-3.00964632714423,3.00964632714423
NHL,California Golden Seals,16,46,1973,-3.810003810005715,3.810003810005715
NHL,New York Islanders,12,60,1973,-5.656854249492381,5.656854249492381
NHL,Boston Bruins,52,17,1974,4.213504858001922,4.213504858001922
NHL,Philadelphia Flyers,50,16,1974,4.185110693297313,4.185110693297313
NHL,Chicago Black Hawks,41,14,1974,3.640679257301507,3.640679257301507
NHL,Montreal Canadiens,45,24,1974,2.528102914801153,2.528102914801153
NHL,New York Rangers,40,24,1974,2.0,2.0
NHL,Toronto Maple Leafs,35,27,1974,1.016001016001524,1.016001016001524
NHL,Los Angeles Kings,33,33,1974,0.0,0.0
NHL,Buffalo Sabres,32,34,1974,-0.24618298195866545,0.24618298195866545
NHL,Atlanta Flames,30,34,1974,-0.5,0.5
NHL,Detroit Red Wings,29,39,1974,-1.212678125181665,1.212678125181665
NHL,Pittsburgh Penguins,28,41,1974,-1.5650160901149996,1.5650160901149996
NHL,St. Louis Blues,26,40,1974,-1.7232808737106582,1.7232808737106582
NHL,Minnesota North Stars,23,38,1974,-1.9205531989934397,1.9205531989934397
NHL,Vancouver Canucks,24,43,1974,-2.321219442769799,2.321219442769799
NHL,New York Islanders,19,41,1974,-2.840187787218772,2.840187787218772
NHL,California Golden Seals,13,55,1974,-5.093248125762992,5.093248125762992
NHL,Buffalo Sabres,49,16,1975,4.093146241443879,4.093146241443879
NHL,Montreal Canadiens,47,14,1975,4.225217037785567,4.225217037785567
NHL,Philadelphia Flyers,51,18,1975,3.9727331518303837,3.9727331518303837
NHL,Los Angeles Kings,42,17,1975,3.2547227745205967,3.2547227745205967
NHL,Boston Bruins,40,26,1975,1.7232808737106582,1.7232808737106582
NHL,Pittsburgh Penguins,37,28,1975,1.116312611302876,1.116312611302876
NHL,New York Rangers,37,29,1975,0.9847319278346618,0.9847319278346618
NHL,New York Islanders,33,25,1975,1.0504514628777804,1.0504514628777804
NHL,Vancouver Canucks,38,32,1975,0.7171371656006361,0.7171371656006361
NHL,St. Louis Blues,35,31,1975,0.4923659639173309,0.4923659639173309
NHL,Atlanta Flames,34,31,1975,0.3721042037676254,0.3721042037676254
NHL,Chicago Black Hawks,37,35,1975,0.23570226039551587,0.23570226039551587
NHL,Toronto Maple Leafs,31,33,1975,-0.25,0.25
NHL,Detroit Red Wings,23,45,1975,-2.6678918753996625,2.6678918753996625
NHL,Minnesota North Stars,23,50,1975,-3.1601109742955256,3.1601109742955256
NHL,California Golden Seals,19,48,1975,-3.542913886332851,3.542913886332851
NHL,Kansas City Scouts,15,54,1975,-4.695048270344999,4.695048270344999
NHL,Washington Capitals,8,67,1975,-6.812733176437583,6.812733176437583
NHL,Montreal Canadiens,58,11,1976,5.658135095031152,5.658135095031152
NHL,Philadelphia Flyers,51,13,1976,4.75,4.75
NHL,Boston Bruins,48,15,1976,4.157609203101499,4.157609203101499
NHL,Buffalo Sabres,46,21,1976,3.0542361089076304,3.0542361089076304
NHL,New York Islanders,42,21,1976,2.6457513110645903,2.6457513110645903
NHL,Los Angeles Kings,38,33,1976,0.5933908290969266,0.5933908290969266
NHL,Toronto Maple Leafs,34,31,1976,0.3721042037676254,0.3721042037676254
NHL,Atlanta Flames,35,33,1976,0.24253562503633297,0.24253562503633297
NHL,Pittsburgh Penguins,35,33,1976,0.24253562503633297,0.24253562503633297
NHL,Chicago Black Hawks,32,30,1976,0.254000254000381,0.254000254000381
NHL,Vancouver Canucks,33,32,1976,0.12403473458920847,0.12403473458920847
NHL,St. Louis Blues,29,37,1976,-0.9847319278346618,0.9847319278346618
NHL,New York Rangers,29,42,1976,-1.5428161556520092,1.5428161556520092
NHL,California Golden Seals,27,42,1976,-1.805787796286538,1.805787796286538
NHL,Detroit Red Wings,26,44,1976,-2.1514114968019085,2.1514114968019085
NHL,Minnesota North Stars,20,53,1976,-3.862357857472309,3.862357857472309
NHL,Kansas City Scouts,12,56,1976,-5.335783750799325,5.335783750799325
NHL,Washington Capitals,11,59,1976,-5.737097324805089,5.737097324805089
NHL,Montreal Canadiens,60,8,1977,6.305926250944657,6.305926250944657
NHL,Philadelphia Flyers,48,16,1977,4.0,4.0
NHL,Boston Bruins,49,23,1977,3.0641293851417064,3.0641293851417064
NHL,New York Islanders,47,21,1977,3.1529631254723287,3.1529631254723287
NHL,Buffalo Sabres,48,24,1977,2.8284271247461903,2.8284271247461903
NHL,Los Angeles Kings,34,31,1977,0.3721042037676254,0.3721042037676254
NHL,Toronto Maple Leafs,33,32,1977,0.12403473458920847,0.12403473458920847
NHL,Pittsburgh Penguins,34,33,1977,0.12216944435630522,0.12216944435630522
NHL,Atlanta Flames,34,34,1977,0.0,0.0
NHL,St. Louis Blues,32,39,1977,-0.8307471607356973,0.8307471607356973
NHL,New York Rangers,29,37,1977,-0.9847319278346618,0.9847319278346618
NHL,Minnesota North Stars,23,39,1977,-2.032002032003048,2.032002032003048
NHL,Cleveland Barons,25,42,1977,-2.0768805540571886,2.0768805540571886
NHL,Chicago Black Hawks,26,43,1977,-2.0465595024580763,2.0465595024580763
NHL,Vancouver Canucks,25,42,1977,-2.0768805540571886,2.0768805540571886
NHL,Washington Capitals,24,42,1977,-2.215646837627989,2.215646837627989
NHL,Colorado Rockies,20,46,1977,-3.2003787654626508,3.2003787654626508
NHL,Detroit Red Wings,16,55,1977,-4.628448466956028,4.628448466956028
NHL,Montreal Canadiens,59,10,1978,5.898906801202691,5.898906801202691
NHL,Boston Bruins,51,18,1978,3.9727331518303837,3.9727331518303837
NHL,New York Islanders,48,17,1978,3.8450767722654624,3.8450767722654624
NHL,Buffalo Sabres,44,19,1978,3.14970394174356,3.14970394174356
NHL,Philadelphia Flyers,45,20,1978,3.1008683647302115,3.1008683647302115
NHL,Toronto Maple Leafs,41,29,1978,1.4342743312012722,1.4342743312012722
NHL,Atlanta Flames,34,27,1978,0.8962581595302719,0.8962581595302719
NHL,Chicago Black Hawks,32,29,1978,0.3841106397986879,0.3841106397986879
NHL,Detroit Red Wings,32,34,1978,-0.24618298195866545,0.24618298195866545
NHL,Los Angeles Kings,31,34,1978,-0.3721042037676254,0.3721042037676254
NHL,New York Rangers,30,37,1978,-0.8551861104941365,0.8551861104941365
NHL,Pittsburgh Penguins,25,37,1978,-1.524001524002286,1.524001524002286
NHL,Colorado Rockies,19,40,1978,-2.7339671305973012,2.7339671305973012
NHL,Cleveland Barons,22,45,1978,-2.80989722019502,2.80989722019502
NHL,Vancouver Canucks,20,43,1978,-2.8977276264040754,2.8977276264040754
NHL,St. Louis Blues,20,47,1978,-3.298574997620241,3.298574997620241
NHL,Washington Capitals,17,49,1978,-3.938927711338647,3.938927711338647
NHL,Minnesota North Stars,18,53,1978,-4.153735803678487,4.153735803678487
NHL,New York Islanders,51,15,1979,4.431293675255978,4.431293675255978
NHL,Montreal Canadiens,52,17,1979,4.213504858001922,4.213504858001922
NHL,Boston Bruins,43,23,1979,2.4618298195866544,2.4618298195866544
NHL,Philadelphia Flyers,40,25,1979,1.860521018838127,1.860521018838127
NHL,New York Rangers,40,29,1979,1.3242443839434612,1.3242443839434612
NHL,Atlanta Flames,41,31,1979,1.1785113019775793,1.1785113019775793
NHL,Buffalo Sabres,36,28,1979,1.0,1.0
NHL,Pittsburgh Penguins,36,31,1979,0.6108472217815261,0.6108472217815261
NHL,Toronto Maple Leafs,34,33,1979,0.12216944435630522,0.12216944435630522
NHL,Los Angeles Kings,34,34,1979,0.0,0.0
NHL,Chicago Black Hawks,29,36,1979,-0.8682431421244593,0.8682431421244593
NHL,Minnesota North Stars,28,40,1979,-1.4552137502179978,1.4552137502179978
NHL,Vancouver Canucks,25,42,1979,-2.0768805540571886,2.0768805540571886
NHL,Washington Capitals,24,41,1979,-2.108590488016544,2.108590488016544
NHL,Detroit Red Wings,23,41,1979,-2.25,2.25
NHL,St. Louis Blues,18,50,1979,-3.8805700005813275,3.8805700005813275
NHL,Colorado Rockies,15,53,1979,-4.608176875690327,4.608176875690327
NHL,Philadelphia Flyers,48,12,1980,4.6475800154489,4.6475800154489
NHL,Buffalo Sabres,47,17,1980,3.75,3.75
NHL,Montreal Canadiens,47,20,1980,3.298574997620241,3.298574997620241
NHL,Boston Bruins,46,21,1980,3.0542361089076304,3.0542361089076304
NHL,New York Islanders,39,28,1980,1.3438638879193574,1.3438638879193574
NHL,Minnesota North Stars,36,28,1980,1.0,1.0
NHL,Chicago Black Hawks,34,27,1980,0.8962581595302719,0.8962581595302719
NHL,New York Rangers,38,32,1980,0.7171371656006361,0.7171371656006361
NHL,Atlanta Flames,35,32,1980,0.36650833306891567,0.36650833306891567
NHL,St. Louis Blues,34,34,1980,0.0,0.0
NHL,Toronto Maple Leafs,35,40,1980,-0.5773502691896257,0.5773502691896257
NHL,Los Angeles Kings,30,36,1980,-0.7385489458759964,0.7385489458759964
NHL,Hartford Whalers,27,34,1980,-0.8962581595302719,0.8962581595302719
NHL,Pittsburgh Penguins,30,37,1980,-0.8551861104941365,0.8551861104941365
NHL,Vancouver Canucks,27,37,1980,-1.25,1.25
NHL,Edmonton Oilers,28,39,1980,-1.3438638879193574,1.3438638879193574
NHL,Washington Capitals,27,40,1980,-1.5882027766319677,1.5882027766319677
NHL,Detroit Red Wings,26,43,1980,-2.0465595024580763,2.0465595024580763
NHL,Quebec Nordiques,25,44,1980,-2.287331208629615,2.287331208629615
NHL,Colorado Rockies,19,48,1980,-3.542913886332851,3.542913886332851
NHL,Winnipeg Jets,20,49,1980,-3.491189739487307,3.491189739487307
NHL,New York Islanders,48,18,1981,3.6927447293799815,3.6927447293799815
NHL,St. Louis Blues,45,18,1981,3.401680257083045,3.401680257083045
NHL,Montreal Canadiens,45,22,1981,2.80989722019502,2.80989722019502
NHL,Buffalo Sabres,39,20,1981,2.4735893086356535,2.4735893086356535
NHL,Los Angeles Kings,43,24,1981,2.321219442769799,2.321219442769799
NHL,Philadelphia Flyers,41,24,1981,2.108590488016544,2.108590488016544
NHL,Calgary Flames,39,27,1981,1.4770978917519928,1.4770978917519928
NHL,Boston Bruins,37,30,1981,0.8551861104941365,0.8551861104941365
NHL,Minnesota North Stars,35,28,1981,0.8819171036881969,0.8819171036881969
NHL,Chicago Black Hawks,31,33,1981,-0.25,0.25
NHL,Quebec Nordiques,30,32,1981,-0.254000254000381,0.254000254000381
NHL,Vancouver Canucks,28,32,1981,-0.5163977794943222,0.5163977794943222
NHL,New York Rangers,30,36,1981,-0.7385489458759964,0.7385489458759964
NHL,Edmonton Oilers,29,35,1981,-0.75,0.75
NHL,Pittsburgh Penguins,30,37,1981,-0.8551861104941365,0.8551861104941365
NHL,Toronto Maple Leafs,28,37,1981,-1.116312611302876,1.116312611302876
NHL,Washington Capitals,26,36,1981,-1.270001270001905,1.270001270001905
NHL,Hartford Whalers,21,41,1981,-2.54000254000381,2.54000254000381
NHL,Colorado Rockies,22,45,1981,-2.80989722019502,2.80989722019502
NHL,Detroit Red Wings,19,43,1981,-3.048003048004572,3.048003048004572
NHL,Winnipeg Jets,9,57,1981,-5.908391567007971,5.908391567007971
NHL,New York Islanders,54,16,1982,4.541868715470696,4.541868715470696
NHL,Edmonton Oilers,48,17,1982,3.8450767722654624,3.8450767722654624
NHL,Montreal Canadiens,46,17,1982,3.6536565724225296,3.6536565724225296
NHL,Boston Bruins,43,27,1982,1.9123657749350298,1.9123657749350298
NHL,Minnesota North Stars,37,23,1982,1.8073922282301278,1.8073922282301278
NHL,Buffalo Sabres,39,26,1982,1.61245154965971,1.61245154965971
NHL,New York Rangers,39,27,1982,1.4770978917519928,1.4770978917519928
NHL,Philadelphia Flyers,38,31,1982,0.8427009716003844,0.8427009716003844
NHL,Quebec Nordiques,33,31,1982,0.25,0.25
NHL,Winnipeg Jets,33,33,1982,0.0,0.0
NHL,Vancouver Canucks,30,33,1982,-0.3779644730092272,0.3779644730092272
NHL,Calgary Flames,29,34,1982,-0.629940788348712,0.629940788348712
NHL,Pittsburgh Penguins,31,36,1982,-0.6108472217815261,0.6108472217815261
NHL,Chicago Black Hawks,30,38,1982,-0.9701425001453319,0.9701425001453319
NHL,St. Louis Blues,32,40,1982,-0.9428090415820635,0.9428090415820635
NHL,Washington Capitals,26,41,1982,-1.8325416653445783,1.8325416653445783
NHL,Los Angeles Kings,24,41,1982,-2.108590488016544,2.108590488016544
NHL,Hartford Whalers,21,41,1982,-2.54000254000381,2.54000254000381
NHL,Toronto Maple Leafs,20,44,1982,-3.0,3.0
NHL,Detroit Red Wings,21,47,1982,-3.1529631254723287,3.1529631254723287
NHL,Colorado Rockies,18,49,1982,-3.7872527750454617,3.7872527750454617
NHL,Boston Bruins,50,20,1983,3.585685828003181,3.585685828003181
NHL,Philadelphia Flyers,49,23,1983,3.0641293851417064,3.0641293851417064
NHL,Edmonton Oilers,47,21,1983,3.1529631254723287,3.1529631254723287
NHL,Chicago Black Hawks,47,23,1983,2.8685486624025445,2.8685486624025445
NHL,Montreal Canadiens,42,24,1983,2.215646837627989,2.215646837627989
NHL,New York Islanders,42,26,1983,1.9402850002906638,1.9402850002906638
NHL,Minnesota North Stars,40,24,1983,2.0,2.0
NHL,Washington Capitals,39,25,1983,1.75,1.75
NHL,Buffalo Sabres,38,29,1983,1.099524999206747,1.099524999206747
NHL,Quebec Nordiques,34,34,1983,0.0,0.0
NHL,New York Rangers,35,35,1983,0.0,0.0
NHL,Calgary Flames,32,34,1983,-0.24618298195866545,0.24618298195866545
NHL,Vancouver Canucks,30,35,1983,-0.6201736729460423,0.6201736729460423
NHL,Winnipeg Jets,33,39,1983,-0.7071067811865476,0.7071067811865476
NHL,Toronto Maple Leafs,28,40,1983,-1.4552137502179978,1.4552137502179978
NHL,Los Angeles Kings,27,41,1983,-1.697749375254331,1.697749375254331
NHL,St. Louis Blues,25,40,1983,-1.860521018838127,1.860521018838127
NHL,Detroit Red Wings,21,44,1983,-2.852798895551795,2.852798895551795
NHL,New Jersey Devils,17,49,1983,-3.938927711338647,3.938927711338647
NHL,Pittsburgh Penguins,18,53,1983,-4.153735803678487,4.153735803678487
NHL,Hartford Whalers,19,54,1983,-4.09644015186457,4.09644015186457
NHL,Edmonton Oilers,57,18,1984,4.50333209967908,4.50333209967908
NHL,Boston Bruins,49,25,1984,2.789943329851663,2.789943329851663
NHL,New York Islanders,50,26,1984,2.7529888064467407,2.7529888064467407
NHL,Buffalo Sabres,48,25,1984,2.6919463855110033,2.6919463855110033
NHL,Washington Capitals,48,27,1984,2.424871130596428,2.424871130596428
NHL,Philadelphia Flyers,44,26,1984,2.1514114968019085,2.1514114968019085
NHL,Quebec Nordiques,42,28,1984,1.6733200530681511,1.6733200530681511
NHL,New York Rangers,42,29,1984,1.5428161556520092,1.5428161556520092
NHL,Minnesota North Stars,39,31,1984,0.9561828874675149,0.9561828874675149
NHL,Calgary Flames,34,32,1984,0.24618298195866545,0.24618298195866545
NHL,Montreal Canadiens,35,40,1984,-0.5773502691896257,0.5773502691896257
NHL,Winnipeg Jets,31,38,1984,-0.8427009716003844,0.8427009716003844
NHL,Vancouver Canucks,32,39,1984,-0.8307471607356973,0.8307471607356973
NHL,St. Louis Blues,32,41,1984,-1.0533703247651751,1.0533703247651751
NHL,Detroit Red Wings,31,42,1984,-1.2874526191574363,1.2874526191574363
NHL,Chicago Black Hawks,30,42,1984,-1.4142135623730951,1.4142135623730951
NHL,Hartford Whalers,28,42,1984,-1.6733200530681511,1.6733200530681511
NHL,Toronto Maple Leafs,26,45,1984,-2.254885150568321,2.254885150568321
NHL,Los Angeles Kings,23,44,1984,-2.5655583314824097,2.5655583314824097
NHL,New Jersey Devils,17,56,1984,-4.564604740649092,4.564604740649092
NHL,Pittsburgh Penguins,16,58,1984,-4.88240082724041,4.88240082724041
NHL,Philadelphia Flyers,53,20,1985,3.862357857472309,3.862357857472309
NHL,Edmonton Oilers,49,20,1985,3.491189739487307,3.491189739487307
NHL,Washington Capitals,46,25,1985,2.492241482207092,2.492241482207092
NHL,Winnipeg Jets,43,27,1985,1.9123657749350298,1.9123657749350298
NHL,Montreal Canadiens,41,27,1985,1.697749375254331,1.697749375254331
NHL,Calgary Flames,41,27,1985,1.697749375254331,1.697749375254331
NHL,Quebec Nordiques,41,30,1985,1.3054598240132387,1.3054598240132387
NHL,Buffalo Sabres,38,28,1985,1.2309149097933272,1.2309149097933272
NHL,New York Islanders,40,34,1985,0.6974858324629157,0.6974858324629157
NHL,St. Louis Blues,37,31,1985,0.7276068751089989,0.7276068751089989
NHL,Chicago Black Hawks,38,35,1985,0.3511234415883917,0.3511234415883917
NHL,Boston Bruins,36,34,1985,0.23904572186687872,0.23904572186687872
NHL,Los Angeles Kings,34,32,1985,0.24618298195866545,0.24618298195866545
NHL,Hartford Whalers,30,41,1985,-1.3054598240132387,1.3054598240132387
NHL,Detroit Red Wings,27,41,1985,-1.697749375254331,1.697749375254331
NHL,New York Rangers,26,44,1985,-2.1514114968019085,2.1514114968019085
NHL,Minnesota North Stars,25,43,1985,-2.182820625326997,2.182820625326997
NHL,Vancouver Canucks,25,46,1985,-2.492241482207092,2.492241482207092
NHL,New Jersey Devils,22,48,1985,-3.1075943842694236,3.1075943842694236
NHL,Pittsburgh Penguins,24,51,1985,-3.117691453623979,3.117691453623979
NHL,Toronto Maple Leafs,20,52,1985,-3.771236166328254,3.771236166328254
NHL,Edmonton Oilers,56,17,1986,4.564604740649092,4.564604740649092
NHL,Philadelphia Flyers,53,23,1986,3.4412360080584263,3.4412360080584263
NHL,Washington Capitals,50,23,1986,3.1601109742955256,3.1601109742955256
NHL,Quebec Nordiques,43,31,1986,1.3949716649258315,1.3949716649258315
NHL,New York Islanders,39,29,1986,1.212678125181665,1.212678125181665
NHL,Calgary Flames,40,31,1986,1.0681034923744679,1.0681034923744679
NHL,Montreal Canadiens,40,33,1986,0.819288030372914,0.819288030372914
NHL,Chicago Black Hawks,39,33,1986,0.7071067811865476,0.7071067811865476
NHL,Boston Bruins,37,31,1986,0.7276068751089989,0.7276068751089989
NHL,Minnesota North Stars,38,33,1986,0.5933908290969266,0.5933908290969266
NHL,Hartford Whalers,40,36,1986,0.4588314677411235,0.4588314677411235
NHL,St. Louis Blues,37,34,1986,0.35603449745815596,0.35603449745815596
NHL,Buffalo Sabres,37,37,1986,0.0,0.0
NHL,New York Rangers,36,38,1986,-0.23249527748763857,0.23249527748763857
NHL,Pittsburgh Penguins,34,38,1986,-0.47140452079103173,0.47140452079103173
NHL,Winnipeg Jets,26,47,1986,-2.457864091118742,2.457864091118742
NHL,Vancouver Canucks,23,44,1986,-2.5655583314824097,2.5655583314824097
NHL,New Jersey Devils,28,49,1986,-2.393172105652397,2.393172105652397
NHL,Toronto Maple Leafs,25,48,1986,-2.6919463855110033,2.6919463855110033
NHL,Los Angeles Kings,23,49,1986,-3.0641293851417064,3.0641293851417064
NHL,Detroit Red Wings,17,57,1986,-4.649905549752772,4.649905549752772
NHL,Edmonton Oilers,50,24,1987,3.0224386073393013,3.0224386073393013
NHL,Philadelphia Flyers,46,26,1987,2.3570226039551585,2.3570226039551585
NHL,Calgary Flames,46,31,1987,1.709408646894569,1.709408646894569
NHL,Hartford Whalers,43,30,1987,1.5215349135496974,1.5215349135496974
NHL,Montreal Canadiens,41,29,1987,1.4342743312012722,1.4342743312012722
NHL,Winnipeg Jets,40,32,1987,0.9428090415820635,0.9428090415820635
NHL,Washington Capitals,38,32,1987,0.7171371656006361,0.7171371656006361
NHL,Boston Bruins,39,34,1987,0.5852057359806528,0.5852057359806528
NHL,New York Islanders,35,33,1987,0.24253562503633297,0.24253562503633297
NHL,St. Louis Blues,32,33,1987,-0.12403473458920847,0.12403473458920847
NHL,Detroit Red Wings,34,36,1987,-0.23904572186687872,0.23904572186687872
NHL,New York Rangers,34,38,1987,-0.47140452079103173,0.47140452079103173
NHL,Quebec Nordiques,31,39,1987,-0.9561828874675149,0.9561828874675149
NHL,Chicago Blackhawks,29,37,1987,-0.9847319278346618,0.9847319278346618
NHL,Pittsburgh Penguins,30,38,1987,-0.9701425001453319,0.9701425001453319
NHL,Toronto Maple Leafs,32,42,1987,-1.162476387438193,1.162476387438193
NHL,Los Angeles Kings,31,41,1987,-1.1785113019775793,1.1785113019775793
NHL,Minnesota North Stars,30,40,1987,-1.1952286093343936,1.1952286093343936
NHL,Vancouver Canucks,29,43,1987,-1.649915822768611,1.649915822768611
NHL,Buffalo Sabres,28,44,1987,-1.885618083164127,1.885618083164127
NHL,New Jersey Devils,29,45,1987,-1.8599622199011085,1.8599622199011085
NHL,Calgary Flames,48,23,1988,2.966954145484633,2.966954145484633
NHL,Montreal Canadiens,45,22,1988,2.80989722019502,2.80989722019502
NHL,Edmonton Oilers,44,25,1988,2.287331208629615,2.287331208629615
NHL,Boston Bruins,44,30,1988,1.62746694241347,1.62746694241347
NHL,Detroit Red Wings,41,28,1988,1.5650160901149996,1.5650160901149996
NHL,New York Islanders,39,31,1988,0.9561828874675149,0.9561828874675149
NHL,Philadelphia Flyers,38,33,1988,0.5933908290969266,0.5933908290969266
NHL,Washington Capitals,38,33,1988,0.5933908290969266,0.5933908290969266
NHL,Buffalo Sabres,37,32,1988,0.601929265428846,0.601929265428846
NHL,New York Rangers,36,34,1988,0.23904572186687872,0.23904572186687872
NHL,New Jersey Devils,38,36,1988,0.23249527748763857,0.23249527748763857
NHL,Pittsburgh Penguins,36,35,1988,0.11867816581938533,0.11867816581938533
NHL,Winnipeg Jets,33,36,1988,-0.3611575592573076,0.3611575592573076
NHL,Hartford Whalers,35,38,1988,-0.3511234415883917,0.3511234415883917
NHL,St. Louis Blues,34,38,1988,-0.47140452079103173,0.47140452079103173
NHL,Quebec Nordiques,32,43,1988,-1.2701705922171767,1.2701705922171767
NHL,Chicago Blackhawks,30,41,1988,-1.3054598240132387,1.3054598240132387
NHL,Los Angeles Kings,30,42,1988,-1.4142135623730951,1.4142135623730951
NHL,Vancouver Canucks,25,46,1988,-2.492241482207092,2.492241482207092
NHL,Toronto Maple Leafs,21,49,1988,-3.3466401061363023,3.3466401061363023
NHL,Minnesota North Stars,19,48,1988,-3.542913886332851,3.542913886332851
NHL,Calgary Flames,54,17,1989,4.391092135317257,4.391092135317257
NHL,Montreal Canadiens,53,18,1989,4.153735803678487,4.153735803678487
NHL,Washington Capitals,41,29,1989,1.4342743312012722,1.4342743312012722
NHL,Los Angeles Kings,42,31,1989,1.2874526191574363,1.2874526191574363
NHL,Boston Bruins,37,29,1989,0.9847319278346618,0.9847319278346618
NHL,Pittsburgh Penguins,40,33,1989,0.819288030372914,0.819288030372914
NHL,Edmonton Oilers,38,34,1989,0.47140452079103173,0.47140452079103173
NHL,Buffalo Sabres,38,35,1989,0.3511234415883917,0.3511234415883917
NHL,New York Rangers,37,35,1989,0.23570226039551587,0.23570226039551587
NHL,Detroit Red Wings,34,34,1989,0.0,0.0
NHL,Philadelphia Flyers,36,36,1989,0.0,0.0
NHL,Hartford Whalers,37,38,1989,-0.11547005383792514,0.11547005383792514
NHL,St. Louis Blues,33,35,1989,-0.24253562503633297,0.24253562503633297
NHL,Vancouver Canucks,33,39,1989,-0.7071067811865476,0.7071067811865476
NHL,Minnesota North Stars,27,37,1989,-1.25,1.25
NHL,Chicago Blackhawks,27,41,1989,-1.697749375254331,1.697749375254331
NHL,New Jersey Devils,27,41,1989,-1.697749375254331,1.697749375254331
NHL,Winnipeg Jets,26,42,1989,-1.9402850002906638,1.9402850002906638
NHL,Toronto Maple Leafs,28,46,1989,-2.092457497388747,2.092457497388747
NHL,Quebec Nordiques,27,46,1989,-2.223781796726481,2.223781796726481
NHL,New York Islanders,28,47,1989,-2.1939310229205775,2.1939310229205775
NHL,Boston Bruins,46,25,1990,2.492241482207092,2.492241482207092
NHL,Calgary Flames,42,23,1990,2.3566599571949607,2.3566599571949607
NHL,Buffalo Sabres,45,27,1990,2.121320343559643,2.121320343559643
NHL,Montreal Canadiens,41,28,1990,1.5650160901149996,1.5650160901149996
NHL,Edmonton Oilers,38,28,1990,1.2309149097933272,1.2309149097933272
NHL,Chicago Blackhawks,41,33,1990,0.9299811099505543,0.9299811099505543
NHL,Winnipeg Jets,37,32,1990,0.601929265428846,0.601929265428846
NHL,New York Rangers,36,31,1990,0.6108472217815261,0.6108472217815261
NHL,Hartford Whalers,38,33,1990,0.5933908290969266,0.5933908290969266
NHL,St. Louis Blues,37,34,1990,0.35603449745815596,0.35603449745815596
NHL,New Jersey Devils,37,34,1990,0.35603449745815596,0.35603449745815596
NHL,Toronto Maple Leafs,38,38,1990,0.0,0.0
NHL,Washington Capitals,36,38,1990,-0.23249527748763857,0.23249527748763857
NHL,Minnesota North Stars,36,40,1990,-0.4588314677411235,0.4588314677411235
NHL,Los Angeles Kings,34,39,1990,-0.5852057359806528,0.5852057359806528
NHL,New York Islanders,31,38,1990,-0.8427009716003844,0.8427009716003844
NHL,Pittsburgh Penguins,32,40,1990,-0.9428090415820635,0.9428090415820635
NHL,Philadelphia Flyers,30,39,1990,-1.0834726777719228,1.0834726777719228
NHL,Detroit Red Wings,28,38,1990,-1.2309149097933272,1.2309149097933272
NHL,Vancouver Canucks,25,41,1990,-1.9694638556693236,1.9694638556693236
NHL,Quebec Nordiques,12,61,1990,-5.7350162126103985,5.7350162126103985
NHL,Chicago Blackhawks,49,23,1991,3.0641293851417064,3.0641293851417064
NHL,St. Louis Blues,47,22,1991,3.00964632714423,3.00964632714423
NHL,Los Angeles Kings,46,24,1991,2.629502940535666,2.629502940535666
NHL,Calgary Flames,46,26,1991,2.3570226039551585,2.3570226039551585
NHL,Boston Bruins,44,24,1991,2.42535625036333,2.42535625036333
NHL,Montreal Canadiens,39,30,1991,1.0834726777719228,1.0834726777719228
NHL,Pittsburgh Penguins,41,33,1991,0.9299811099505543,0.9299811099505543
NHL,New York Rangers,36,31,1991,0.6108472217815261,0.6108472217815261
NHL,Washington Capitals,37,36,1991,0.11704114719613057,0.11704114719613057
NHL,Buffalo Sabres,31,30,1991,0.12803687993289598,0.12803687993289598
NHL,Edmonton Oilers,37,37,1991,0.0,0.0
NHL,New Jersey Devils,32,33,1991,-0.12403473458920847,0.12403473458920847
NHL,Detroit Red Wings,34,38,1991,-0.47140452079103173,0.47140452079103173
NHL,Philadelphia Flyers,33,37,1991,-0.47809144373375745,0.47809144373375745
NHL,Hartford Whalers,31,38,1991,-0.8427009716003844,0.8427009716003844
NHL,Minnesota North Stars,27,39,1991,-1.4770978917519928,1.4770978917519928
NHL,Vancouver Canucks,28,43,1991,-1.7801724872907798,1.7801724872907798
NHL,Winnipeg Jets,26,43,1991,-2.0465595024580763,2.0465595024580763
NHL,New York Islanders,25,45,1991,-2.390457218668787,2.390457218668787
NHL,Toronto Maple Leafs,23,46,1991,-2.7688746209726918,2.7688746209726918
NHL,Quebec Nordiques,16,50,1991,-4.185110693297313,4.185110693297313
NHL,New York Rangers,50,25,1992,2.8867513459481287,2.8867513459481287
NHL,Detroit Red Wings,43,25,1992,2.182820625326997,2.182820625326997
NHL,Washington Capitals,45,27,1992,2.121320343559643,2.121320343559643
NHL,Vancouver Canucks,42,26,1992,1.9402850002906638,1.9402850002906638
NHL,Montreal Canadiens,41,28,1992,1.5650160901149996,1.5650160901149996
NHL,Chicago Blackhawks,36,29,1992,0.8682431421244593,0.8682431421244593
NHL,Pittsburgh Penguins,39,32,1992,0.8307471607356973,0.8307471607356973
NHL,New Jersey Devils,38,31,1992,0.8427009716003844,0.8427009716003844
NHL,Boston Bruins,36,32,1992,0.48507125007266594,0.48507125007266594
NHL,Los Angeles Kings,35,31,1992,0.4923659639173309,0.4923659639173309
NHL,St. Louis Blues,36,33,1992,0.3611575592573076,0.3611575592573076
NHL,Edmonton Oilers,36,34,1992,0.23904572186687872,0.23904572186687872
NHL,Winnipeg Jets,33,32,1992,0.12403473458920847,0.12403473458920847
NHL,New York Islanders,34,35,1992,-0.1203858530857692,0.1203858530857692
NHL,Philadelphia Flyers,32,37,1992,-0.601929265428846,0.601929265428846
NHL,Calgary Flames,31,37,1992,-0.7276068751089989,0.7276068751089989
NHL,Buffalo Sabres,31,37,1992,-0.7276068751089989,0.7276068751089989
NHL,Minnesota North Stars,32,42,1992,-1.162476387438193,1.162476387438193
NHL,Toronto Maple Leafs,30,43,1992,-1.5215349135496974,1.5215349135496974
NHL,Hartford Whalers,26,41,1992,-1.8325416653445783,1.8325416653445783
NHL,Quebec Nordiques,20,48,1992,-3.395498750508662,3.395498750508662
NHL,San Jose Sharks,17,58,1992,-4.73427220735493,4.73427220735493
NHL,Pittsburgh Penguins,56,21,1993,3.988620176087328,3.988620176087328
NHL,Boston Bruins,51,26,1993,2.8490144114909484,2.8490144114909484
NHL,Chicago Blackhawks,47,25,1993,2.5927248643506746,2.5927248643506746
NHL,Quebec Nordiques,47,27,1993,2.324952774876386,2.324952774876386
NHL,Detroit Red Wings,47,28,1993,2.1939310229205775,2.1939310229205775
NHL,Montreal Canadiens,48,30,1993,2.038098661460272,2.038098661460272
NHL,Vancouver Canucks,46,29,1993,1.9629909152447274,1.9629909152447274
NHL,Toronto Maple Leafs,44,29,1993,1.7556172079419585,1.7556172079419585
NHL,Calgary Flames,43,30,1993,1.5215349135496974,1.5215349135496974
NHL,Washington Capitals,43,34,1993,1.0256451881367414,1.0256451881367414
NHL,Los Angeles Kings,39,35,1993,0.46499055497527714,0.46499055497527714
NHL,New York Islanders,40,37,1993,0.3418817293789138,0.3418817293789138
NHL,Winnipeg Jets,40,37,1993,0.3418817293789138,0.3418817293789138
NHL,New Jersey Devils,40,37,1993,0.3418817293789138,0.3418817293789138
NHL,Buffalo Sabres,38,36,1993,0.23249527748763857,0.23249527748763857
NHL,St. Louis Blues,37,36,1993,0.11704114719613057,0.11704114719613057
NHL,Philadelphia Flyers,36,37,1993,-0.11704114719613057,0.11704114719613057
NHL,Minnesota North Stars,36,38,1993,-0.23249527748763857,0.23249527748763857
NHL,New York Rangers,34,39,1993,-0.5852057359806528,0.5852057359806528
NHL,Edmonton Oilers,26,50,1993,-2.7529888064467407,2.7529888064467407
NHL,Hartford Whalers,26,52,1993,-2.943920288775949,2.943920288775949
NHL,Tampa Bay Lightning,23,54,1993,-3.532777870248776,3.532777870248776
NHL,San Jose Sharks,11,71,1993,-6.625891564490792,6.625891564490792
NHL,Ottawa Senators,10,70,1993,-6.7082039324993685,6.7082039324993685
NHL,New York Rangers,52,24,1994,3.2118202741878643,3.2118202741878643
NHL,New Jersey Devils,47,25,1994,2.5927248643506746,2.5927248643506746
NHL,Pittsburgh Penguins,44,27,1994,2.0175288189295504,2.0175288189295504
NHL,Detroit Red Wings,46,30,1994,1.835325870964494,1.835325870964494
NHL,Toronto Maple Leafs,43,29,1994,1.649915822768611,1.649915822768611
NHL,Dallas Stars,42,29,1994,1.5428161556520092,1.5428161556520092
NHL,Calgary Flames,42,29,1994,1.5428161556520092,1.5428161556520092
NHL,Boston Bruins,42,29,1994,1.5428161556520092,1.5428161556520092
NHL,Montreal Canadiens,41,29,1994,1.4342743312012722,1.4342743312012722
NHL,Buffalo Sabres,43,32,1994,1.2701705922171767,1.2701705922171767
NHL,St. Louis Blues,40,33,1994,0.819288030372914,0.819288030372914
NHL,Washington Capitals,39,35,1994,0.46499055497527714,0.46499055497527714
NHL,Chicago Blackhawks,39,36,1994,0.3464101615137754,0.3464101615137754
NHL,Vancouver Canucks,41,40,1994,0.1111111111111111,0.1111111111111111
NHL,New York Islanders,36,36,1994,0.0,0.0
NHL,Florida Panthers,33,34,1994,-0.12216944435630522,0.12216944435630522
NHL,San Jose Sharks,33,35,1994,-0.24253562503633297,0.24253562503633297
NHL,Philadelphia Flyers,35,39,1994,-0.46499055497527714,0.46499055497527714
NHL,Quebec Nordiques,34,42,1994,-0.917662935482247,0.917662935482247
NHL,Mighty Ducks of Anaheim,33,46,1994,-1.462614271203831,1.462614271203831
NHL,Tampa Bay Lightning,30,43,1994,-1.5215349135496974,1.5215349135496974
NHL,Los Angeles Kings,27,45,1994,-2.121320343559643,2.121320343559643
NHL,Edmonton Oilers,25,45,1994,-2.390457218668787,2.390457218668787
NHL,Hartford Whalers,27,48,1994,-2.424871130596428,2.424871130596428
NHL,Winnipeg Jets,24,51,1994,-3.117691453623979,3.117691453623979
NHL,Ottawa Senators,14,61,1994,-5.427092530382482,5.427092530382482
NHL,Detroit Red Wings,33,11,1995,3.3166247903554,3.3166247903554
NHL,Quebec Nordiques,30,13,1995,2.5924756956542794,2.5924756956542794
NHL,Pittsburgh Penguins,29,16,1995,1.9379255804998177,1.9379255804998177
NHL,St. Louis Blues,28,15,1995,1.9824814143238607,1.9824814143238607
NHL,Philadelphia Flyers,28,16,1995,1.8090680674665818,1.8090680674665818
NHL,Boston Bruins,27,18,1995,1.3416407864998738,1.3416407864998738
NHL,Calgary Flames,24,17,1995,1.0932163332202425,1.0932163332202425
NHL,Chicago Blackhawks,24,19,1995,0.7624928516630234,0.7624928516630234
NHL,New Jersey Devils,22,18,1995,0.6324555320336759,0.6324555320336759
NHL,Washington Capitals,22,18,1995,0.6324555320336759,0.6324555320336759
NHL,Buffalo Sabres,22,19,1995,0.4685212856658182,0.4685212856658182
NHL,Toronto Maple Leafs,21,19,1995,0.31622776601683794,0.31622776601683794
NHL,Vancouver Canucks,18,18,1995,0.0,0.0
NHL,New York Rangers,22,23,1995,-0.14907119849998599,0.14907119849998599
NHL,Florida Panthers,20,22,1995,-0.3086066999241838,0.3086066999241838
NHL,Montreal Canadiens,18,23,1995,-0.7808688094430304,0.7808688094430304
NHL,Hartford Whalers,19,24,1995,-0.7624928516630234,0.7624928516630234
NHL,Dallas Stars,17,23,1995,-0.9486832980505138,0.9486832980505138
NHL,San Jose Sharks,19,25,1995,-0.9045340337332909,0.9045340337332909
NHL,Los Angeles Kings,16,23,1995,-1.12089707663561,1.12089707663561
NHL,Winnipeg Jets,16,25,1995,-1.4055638569974547,1.4055638569974547
NHL,Edmonton Oilers,17,27,1995,-1.507556722888818,1.507556722888818
NHL,Mighty Ducks of Anaheim,16,27,1995,-1.6774842736586515,1.6774842736586515
NHL,Tampa Bay Lightning,17,28,1995,-1.6397831834998458,1.6397831834998458
NHL,New York Islanders,15,28,1995,-1.9824814143238607,1.9824814143238607
NHL,Ottawa Senators,9,34,1995,-3.8124642583151167,3.8124642583151167
NHL,Detroit Red Wings,62,13,1996,5.658032638058332,5.658032638058332
NHL,Colorado Avalanche,47,25,1996,2.5927248643506746,2.5927248643506746
NHL,Philadelphia Flyers,45,24,1996,2.528102914801153,2.528102914801153
NHL,Pittsburgh Penguins,49,29,1996,2.264554068289191,2.264554068289191
NHL,New York Rangers,41,27,1996,1.697749375254331,1.697749375254331
NHL,Chicago Blackhawks,40,28,1996,1.4552137502179978,1.4552137502179978
NHL,Florida Panthers,41,31,1996,1.1785113019775793,1.1785113019775793
NHL,Boston Bruins,40,31,1996,1.0681034923744679,1.0681034923744679
NHL,Montreal Canadiens,40,32,1996,0.9428090415820635,0.9428090415820635
NHL,Washington Capitals,39,32,1996,0.8307471607356973,0.8307471607356973
NHL,Tampa Bay Lightning,38,32,1996,0.7171371656006361,0.7171371656006361
NHL,New Jersey Devils,37,33,1996,0.47809144373375745,0.47809144373375745
NHL,Toronto Maple Leafs,34,36,1996,-0.23904572186687872,0.23904572186687872
NHL,St. Louis Blues,32,34,1996,-0.24618298195866545,0.24618298195866545
NHL,Calgary Flames,34,37,1996,-0.35603449745815596,0.35603449745815596
NHL,Vancouver Canucks,32,35,1996,-0.36650833306891567,0.36650833306891567
NHL,Mighty Ducks of Anaheim,35,39,1996,-0.46499055497527714,0.46499055497527714
NHL,Winnipeg Jets,36,40,1996,-0.4588314677411235,0.4588314677411235
NHL,Hartford Whalers,34,39,1996,-0.5852057359806528,0.5852057359806528
NHL,Buffalo Sabres,33,42,1996,-1.0392304845413263,1.0392304845413263
NHL,Edmonton Oilers,30,44,1996,-1.62746694241347,1.62746694241347
NHL,Dallas Stars,26,42,1996,-1.9402850002906638,1.9402850002906638
NHL,Los Angeles Kings,24,40,1996,-2.0,2.0
NHL,New York Islanders,22,50,1996,-3.299831645537222,3.299831645537222
NHL,San Jose Sharks,20,55,1996,-4.04145188432738,4.04145188432738
NHL,Ottawa Senators,18,59,1996,-4.672383634845156,4.672383634845156
NHL,Colorado Avalanche,49,24,1997,2.9260286799032644,2.9260286799032644
NHL,New Jersey Devils,45,23,1997,2.6678918753996625,2.6678918753996625
NHL,Dallas Stars,48,26,1997,2.557448052364024,2.557448052364024
NHL,Philadelphia Flyers,45,24,1997,2.528102914801153,2.528102914801153
NHL,Detroit Red Wings,38,26,1997,1.5,1.5
NHL,Buffalo Sabres,40,30,1997,1.1952286093343936,1.1952286093343936
NHL,Florida Panthers,35,28,1997,0.8819171036881969,0.8819171036881969
NHL,New York Rangers,38,34,1997,0.47140452079103173,0.47140452079103173
NHL,Mighty Ducks of Anaheim,36,33,1997,0.3611575592573076,0.3611575592573076
NHL,Pittsburgh Penguins,38,36,1997,0.23249527748763857,0.23249527748763857
NHL,Phoenix Coyotes,38,37,1997,0.11547005383792514,0.11547005383792514
NHL,St. Louis Blues,36,35,1997,0.11867816581938533,0.11867816581938533
NHL,Edmonton Oilers,36,37,1997,-0.11704114719613057,0.11704114719613057
NHL,Chicago Blackhawks,34,35,1997,-0.1203858530857692,0.1203858530857692
NHL,Vancouver Canucks,35,40,1997,-0.5773502691896257,0.5773502691896257
NHL,Ottawa Senators,31,36,1997,-0.6108472217815261,0.6108472217815261
NHL,Montreal Canadiens,31,36,1997,-0.6108472217815261,0.6108472217815261
NHL,Hartford Whalers,32,39,1997,-0.8307471607356973,0.8307471607356973
NHL,Washington Capitals,33,40,1997,-0.819288030372914,0.819288030372914
NHL,Tampa Bay Lightning,32,40,1997,-0.9428090415820635,0.9428090415820635
NHL,Calgary Flames,32,41,1997,-1.0533703247651751,1.0533703247651751
NHL,New York Islanders,29,41,1997,-1.4342743312012722,1.4342743312012722
NHL,Toronto Maple Leafs,30,44,1997,-1.62746694241347,1.62746694241347
NHL,Los Angeles Kings,28,43,1997,-1.7801724872907798,1.7801724872907798
NHL,San Jose Sharks,27,47,1997,-2.324952774876386,2.324952774876386
NHL,Boston Bruins,26,47,1997,-2.457864091118742,2.457864091118742
NHL,Dallas Stars,49,22,1998,3.204310477123404,3.204310477123404
NHL,New Jersey Devils,48,23,1998,2.966954145484633,2.966954145484633
NHL,Detroit Red Wings,44,23,1998,2.5655583314824097,2.5655583314824097
NHL,Pittsburgh Penguins,40,24,1998,2.0,2.0
NHL,St. Louis Blues,45,29,1998,1.8599622199011085,1.8599622199011085
NHL,Philadelphia Flyers,42,29,1998,1.5428161556520092,1.5428161556520092
NHL,Colorado Avalanche,39,26,1998,1.61245154965971,1.61245154965971
NHL,Washington Capitals,40,30,1998,1.1952286093343936,1.1952286093343936
NHL,Boston Bruins,39,30,1998,1.0834726777719228,1.0834726777719228
NHL,Buffalo Sabres,36,29,1998,0.8682431421244593,0.8682431421244593
NHL,Montreal Canadiens,37,32,1998,0.601929265428846,0.601929265428846
NHL,Los Angeles Kings,38,33,1998,0.5933908290969266,0.5933908290969266
NHL,Ottawa Senators,34,33,1998,0.12216944435630522,0.12216944435630522
NHL,Phoenix Coyotes,35,35,1998,0.0,0.0
NHL,Edmonton Oilers,35,37,1998,-0.23570226039551587,0.23570226039551587
NHL,San Jose Sharks,34,38,1998,-0.47140452079103173,0.47140452079103173
NHL,Carolina Hurricanes,33,41,1998,-0.9299811099505543,0.9299811099505543
NHL,Chicago Blackhawks,30,39,1998,-1.0834726777719228,1.0834726777719228
NHL,New York Islanders,30,41,1998,-1.3054598240132387,1.3054598240132387
NHL,Toronto Maple Leafs,30,43,1998,-1.5215349135496974,1.5215349135496974
NHL,New York Rangers,25,39,1998,-1.75,1.75
NHL,Calgary Flames,26,41,1998,-1.8325416653445783,1.8325416653445783
NHL,Mighty Ducks of Anaheim,26,43,1998,-2.0465595024580763,2.0465595024580763
NHL,Vancouver Canucks,25,43,1998,-2.182820625326997,2.182820625326997
NHL,Florida Panthers,24,43,1998,-2.321219442769799,2.321219442769799
NHL,Tampa Bay Lightning,17,55,1998,-4.478342947514801,4.478342947514801
NHL,Dallas Stars,51,19,1999,3.8247315498700596,3.8247315498700596
NHL,New Jersey Devils,47,24,1999,2.7295978138458623,2.7295978138458623
NHL,Ottawa Senators,44,23,1999,2.5655583314824097,2.5655583314824097
NHL,Colorado Avalanche,44,28,1999,1.885618083164127,1.885618083164127
NHL,Toronto Maple Leafs,45,30,1999,1.7320508075688772,1.7320508075688772
NHL,Detroit Red Wings,43,32,1999,1.2701705922171767,1.2701705922171767
NHL,Philadelphia Flyers,37,26,1999,1.3858697343671664,1.3858697343671664
NHL,Boston Bruins,39,30,1999,1.0834726777719228,1.0834726777719228
NHL,Buffalo Sabres,37,28,1999,1.116312611302876,1.116312611302876
NHL,Phoenix Coyotes,39,31,1999,0.9561828874675149,0.9561828874675149
NHL,Pittsburgh Penguins,38,30,1999,0.9701425001453319,0.9701425001453319
NHL,St. Louis Blues,37,32,1999,0.601929265428846,0.601929265428846
NHL,Carolina Hurricanes,34,30,1999,0.5,0.5
NHL,Mighty Ducks of Anaheim,35,34,1999,0.1203858530857692,0.1203858530857692
NHL,San Jose Sharks,31,33,1999,-0.25,0.25
NHL,Florida Panthers,30,34,1999,-0.5,0.5
NHL,Edmonton Oilers,33,37,1999,-0.47809144373375745,0.47809144373375745
NHL,New York Rangers,33,38,1999,-0.5933908290969266,0.5933908290969266
NHL,Montreal Canadiens,32,39,1999,-0.8307471607356973,0.8307471607356973
NHL,Calgary Flames,30,40,1999,-1.1952286093343936,1.1952286093343936
NHL,Chicago Blackhawks,29,41,1999,-1.4342743312012722,1.4342743312012722
NHL,Los Angeles Kings,32,45,1999,-1.4814874939752933,1.4814874939752933
NHL,Washington Capitals,31,45,1999,-1.6059101370939322,1.6059101370939322
NHL,Nashville Predators,28,47,1999,-2.1939310229205775,2.1939310229205775
NHL,New York Islanders,24,48,1999,-2.8284271247461903,2.8284271247461903
NHL,Vancouver Canucks,23,47,1999,-2.8685486624025445,2.8685486624025445
NHL,Tampa Bay Lightning,19,54,1999,-4.09644015186457,4.09644015186457
NHL,St. Louis Blues,51,20,2000,3.679023140400945,3.679023140400945
NHL,Detroit Red Wings,48,24,2000,2.8284271247461903,2.8284271247461903
NHL,Philadelphia Flyers,45,25,2000,2.390457218668787,2.390457218668787
NHL,New Jersey Devils,45,29,2000,1.8599622199011085,1.8599622199011085
NHL,Dallas Stars,43,29,2000,1.649915822768611,1.649915822768611
NHL,Washington Capitals,44,26,2000,2.1514114968019085,2.1514114968019085
NHL,Toronto Maple Leafs,45,30,2000,1.7320508075688772,1.7320508075688772
NHL,Florida Panthers,43,33,2000,1.1470786693528088,1.1470786693528088
NHL,Colorado Avalanche,42,29,2000,1.5428161556520092,1.5428161556520092
NHL,Ottawa Senators,41,30,2000,1.3054598240132387,1.3054598240132387
NHL,Los Angeles Kings,39,31,2000,0.9561828874675149,0.9561828874675149
NHL,Phoenix Coyotes,39,35,2000,0.46499055497527714,0.46499055497527714
NHL,Edmonton Oilers,32,34,2000,-0.24618298195866545,0.24618298195866545
NHL,Pittsburgh Penguins,37,37,2000,0.0,0.0
NHL,San Jose Sharks,35,37,2000,-0.23570226039551587,0.23570226039551587
NHL,Buffalo Sabres,35,36,2000,-0.11867816581938533,0.11867816581938533
NHL,Carolina Hurricanes,37,35,2000,0.23570226039551587,0.23570226039551587
NHL,Montreal Canadiens,35,38,2000,-0.3511234415883917,0.3511234415883917
NHL,Vancouver Canucks,30,37,2000,-0.8551861104941365,0.8551861104941365
NHL,Mighty Ducks of Anaheim,34,36,2000,-0.23904572186687872,0.23904572186687872
NHL,Chicago Blackhawks,33,39,2000,-0.7071067811865476,0.7071067811865476
NHL,Calgary Flames,31,41,2000,-1.1785113019775793,1.1785113019775793
NHL,New York Rangers,29,41,2000,-1.4342743312012722,1.4342743312012722
NHL,Boston Bruins,24,39,2000,-1.889822365046136,1.889822365046136
NHL,Nashville Predators,28,47,2000,-2.1939310229205775,2.1939310229205775
NHL,New York Islanders,24,49,2000,-2.9260286799032644,2.9260286799032644
NHL,Tampa Bay Lightning,19,54,2000,-4.09644015186457,4.09644015186457
NHL,Atlanta Thrashers,14,61,2000,-5.427092530382482,5.427092530382482
NHL,Colorado Avalanche,52,20,2001,3.771236166328254,3.771236166328254
NHL,Detroit Red Wings,49,24,2001,2.9260286799032644,2.9260286799032644
NHL,New Jersey Devils,48,22,2001,3.1075943842694236,3.1075943842694236
NHL,Ottawa Senators,48,25,2001,2.6919463855110033,2.6919463855110033
NHL,Dallas Stars,48,26,2001,2.557448052364024,2.557448052364024
NHL,St. Louis Blues,43,27,2001,1.9123657749350298,1.9123657749350298
NHL,Philadelphia Flyers,43,28,2001,1.7801724872907798,1.7801724872907798
NHL,Buffalo Sabres,46,31,2001,1.709408646894569,1.709408646894569
NHL,Washington Capitals,41,31,2001,1.1785113019775793,1.1785113019775793
NHL,Pittsburgh Penguins,42,31,2001,1.2874526191574363,1.2874526191574363
NHL,San Jose Sharks,40,30,2001,1.1952286093343936,1.1952286093343936
NHL,Edmonton Oilers,39,31,2001,0.9561828874675149,0.9561828874675149
NHL,Los Angeles Kings,38,31,2001,0.8427009716003844,0.8427009716003844
NHL,Vancouver Canucks,36,35,2001,0.11867816581938533,0.11867816581938533
NHL,Phoenix Coyotes,35,30,2001,0.6201736729460423,0.6201736729460423
NHL,Toronto Maple Leafs,37,34,2001,0.35603449745815596,0.35603449745815596
NHL,Carolina Hurricanes,38,35,2001,0.3511234415883917,0.3511234415883917
NHL,Boston Bruins,36,38,2001,-0.23249527748763857,0.23249527748763857
NHL,Nashville Predators,34,39,2001,-0.5852057359806528,0.5852057359806528
NHL,Calgary Flames,27,40,2001,-1.5882027766319677,1.5882027766319677
NHL,New York Rangers,33,44,2001,-1.2535663410560174,1.2535663410560174
NHL,Columbus Blue Jackets,28,45,2001,-1.9896995023342199,1.9896995023342199
NHL,Chicago Blackhawks,29,45,2001,-1.8599622199011085,1.8599622199011085
NHL,Montreal Canadiens,28,46,2001,-2.092457497388747,2.092457497388747
NHL,Minnesota Wild,25,44,2001,-2.287331208629615,2.287331208629615
NHL,Mighty Ducks of Anaheim,25,46,2001,-2.492241482207092,2.492241482207092
NHL,Florida Panthers,22,47,2001,-3.00964632714423,3.00964632714423
NHL,Atlanta Thrashers,23,47,2001,-2.8685486624025445,2.8685486624025445
NHL,Tampa Bay Lightning,24,52,2001,-3.2118202741878643,3.2118202741878643
NHL,New York Islanders,21,54,2001,-3.8105117766515297,3.8105117766515297
NHL,Detroit Red Wings,51,21,2002,3.5355339059327378,3.5355339059327378
NHL,Boston Bruins,43,33,2002,1.1470786693528088,1.1470786693528088
NHL,Toronto Maple Leafs,43,29,2002,1.649915822768611,1.649915822768611
NHL,San Jose Sharks,44,30,2002,1.62746694241347,1.62746694241347
NHL,Colorado Avalanche,45,29,2002,1.8599622199011085,1.8599622199011085
NHL,St. Louis Blues,43,31,2002,1.3949716649258315,1.3949716649258315
NHL,Philadelphia Flyers,42,30,2002,1.4142135623730951,1.4142135623730951
NHL,New York Islanders,42,32,2002,1.162476387438193,1.162476387438193
NHL,Chicago Blackhawks,41,28,2002,1.5650160901149996,1.5650160901149996
NHL,Phoenix Coyotes,40,33,2002,0.819288030372914,0.819288030372914
NHL,New Jersey Devils,41,32,2002,1.0533703247651751,1.0533703247651751
NHL,Los Angeles Kings,40,31,2002,1.0681034923744679,1.0681034923744679
NHL,Vancouver Canucks,42,33,2002,1.0392304845413263,1.0392304845413263
NHL,Ottawa Senators,39,34,2002,0.5852057359806528,0.5852057359806528
NHL,Edmonton Oilers,38,32,2002,0.7171371656006361,0.7171371656006361
NHL,Carolina Hurricanes,35,31,2002,0.4923659639173309,0.4923659639173309
NHL,Dallas Stars,36,33,2002,0.3611575592573076,0.3611575592573076
NHL,Montreal Canadiens,36,34,2002,0.23904572186687872,0.23904572186687872
NHL,Washington Capitals,36,35,2002,0.11867816581938533,0.11867816581938533
NHL,Buffalo Sabres,35,36,2002,-0.11867816581938533,0.11867816581938533
NHL,New York Rangers,36,42,2002,-0.6793662204867574,0.6793662204867574
NHL,Calgary Flames,32,38,2002,-0.7171371656006361,0.7171371656006361
NHL,Minnesota Wild,26,44,2002,-2.1514114968019085,2.1514114968019085
NHL,Nashville Predators,28,41,2002,-1.5650160901149996,1.5650160901149996
NHL,Mighty Ducks of Anaheim,29,45,2002,-1.8599622199011085,1.8599622199011085
NHL,Tampa Bay Lightning,27,44,2002,-2.0175288189295504,2.0175288189295504
NHL,Pittsburgh Penguins,28,46,2002,-2.092457497388747,2.092457497388747
NHL,Florida Panthers,22,50,2002,-3.299831645537222,3.299831645537222
NHL,Columbus Blue Jackets,22,52,2002,-3.4874291623145783,3.4874291623145783
NHL,Atlanta Thrashers,19,52,2002,-3.916379472039716,3.916379472039716
NHL,Ottawa Senators,52,22,2003,3.4874291623145783,3.4874291623145783
NHL,Dallas Stars,46,21,2003,3.0542361089076304,3.0542361089076304
NHL,Detroit Red Wings,48,24,2003,2.8284271247461903,2.8284271247461903
NHL,New Jersey Devils,46,26,2003,2.3570226039551585,2.3570226039551585
NHL,Philadelphia Flyers,45,24,2003,2.528102914801153,2.528102914801153
NHL,Colorado Avalanche,42,27,2003,1.805787796286538,1.805787796286538
NHL,Vancouver Canucks,45,24,2003,2.528102914801153,2.528102914801153
NHL,St. Louis Blues,41,30,2003,1.3054598240132387,1.3054598240132387
NHL,Toronto Maple Leafs,44,31,2003,1.5011106998930268,1.5011106998930268
NHL,Mighty Ducks of Anaheim,40,33,2003,0.819288030372914,0.819288030372914
NHL,Minnesota Wild,42,30,2003,1.4142135623730951,1.4142135623730951
NHL,Tampa Bay Lightning,36,30,2003,0.7385489458759964,0.7385489458759964
NHL,Washington Capitals,39,35,2003,0.46499055497527714,0.46499055497527714
NHL,Edmonton Oilers,36,35,2003,0.11867816581938533,0.11867816581938533
NHL,Boston Bruins,36,35,2003,0.11867816581938533,0.11867816581938533
NHL,New York Islanders,35,36,2003,-0.11867816581938533,0.11867816581938533
NHL,Los Angeles Kings,33,43,2003,-1.1470786693528088,1.1470786693528088
NHL,Chicago Blackhawks,30,39,2003,-1.0834726777719228,1.0834726777719228
NHL,New York Rangers,32,40,2003,-0.9428090415820635,0.9428090415820635
NHL,Phoenix Coyotes,31,40,2003,-1.0681034923744679,1.0681034923744679
NHL,Montreal Canadiens,30,44,2003,-1.62746694241347,1.62746694241347
NHL,Calgary Flames,29,40,2003,-1.3242443839434612,1.3242443839434612
NHL,Nashville Predators,27,42,2003,-1.805787796286538,1.805787796286538
NHL,Atlanta Thrashers,31,44,2003,-1.5011106998930268,1.5011106998930268
NHL,San Jose Sharks,28,45,2003,-1.9896995023342199,1.9896995023342199
NHL,Buffalo Sabres,27,45,2003,-2.121320343559643,2.121320343559643
NHL,Florida Panthers,24,45,2003,-2.528102914801153,2.528102914801153
NHL,Columbus Blue Jackets,29,45,2003,-1.8599622199011085,1.8599622199011085
NHL,Pittsburgh Penguins,27,49,2003,-2.523573072576179,2.523573072576179
NHL,Carolina Hurricanes,22,49,2003,-3.204310477123404,3.204310477123404
NHL,Detroit Red Wings,48,23,2004,2.966954145484633,2.966954145484633
NHL,Tampa Bay Lightning,46,28,2004,2.092457497388747,2.092457497388747
NHL,San Jose Sharks,43,27,2004,1.9123657749350298,1.9123657749350298
NHL,Boston Bruins,41,26,2004,1.8325416653445783,1.8325416653445783
NHL,Toronto Maple Leafs,45,27,2004,2.121320343559643,2.121320343559643
NHL,Ottawa Senators,43,29,2004,1.649915822768611,1.649915822768611
NHL,Vancouver Canucks,43,29,2004,1.649915822768611,1.649915822768611
NHL,Philadelphia Flyers,40,27,2004,1.5882027766319677,1.5882027766319677
NHL,Colorado Avalanche,40,29,2004,1.3242443839434612,1.3242443839434612
NHL,New Jersey Devils,43,27,2004,1.9123657749350298,1.9123657749350298
NHL,Dallas Stars,41,28,2004,1.5650160901149996,1.5650160901149996
NHL,Calgary Flames,42,33,2004,1.0392304845413263,1.0392304845413263
NHL,Montreal Canadiens,41,34,2004,0.808290376865476,0.808290376865476
NHL,Nashville Predators,38,33,2004,0.5933908290969266,0.5933908290969266
NHL,New York Islanders,38,33,2004,0.5933908290969266,0.5933908290969266
NHL,St. Louis Blues,39,32,2004,0.8307471607356973,0.8307471607356973
NHL,Edmonton Oilers,36,34,2004,0.23904572186687872,0.23904572186687872
NHL,Buffalo Sabres,37,38,2004,-0.11547005383792514,0.11547005383792514
NHL,Minnesota Wild,30,32,2004,-0.254000254000381,0.254000254000381
NHL,Los Angeles Kings,28,38,2004,-1.2309149097933272,1.2309149097933272
NHL,Atlanta Thrashers,33,41,2004,-0.9299811099505543,0.9299811099505543
NHL,Mighty Ducks of Anaheim,29,43,2004,-1.649915822768611,1.649915822768611
NHL,Carolina Hurricanes,28,40,2004,-1.4552137502179978,1.4552137502179978
NHL,Florida Panthers,28,39,2004,-1.3438638879193574,1.3438638879193574
NHL,New York Rangers,27,48,2004,-2.424871130596428,2.424871130596428
NHL,Phoenix Coyotes,22,42,2004,-2.5,2.5
NHL,Columbus Blue Jackets,25,49,2004,-2.789943329851663,2.789943329851663
NHL,Washington Capitals,23,49,2004,-3.0641293851417064,3.0641293851417064
NHL,Chicago Blackhawks,20,51,2004,-3.679023140400945,3.679023140400945
NHL,Pittsburgh Penguins,23,51,2004,-3.25493388482694,3.25493388482694
NHL,Detroit Red Wings,58,24,2006,3.754671886544782,3.754671886544782
NHL,Ottawa Senators,52,30,2006,2.429493573646624,2.429493573646624
NHL,Carolina Hurricanes,52,30,2006,2.429493573646624,2.429493573646624
NHL,Dallas Stars,53,29,2006,2.650356625796317,2.650356625796317
NHL,Buffalo Sabres,52,30,2006,2.429493573646624,2.429493573646624
NHL,Nashville Predators,49,33,2006,1.7669044171975445,1.7669044171975445
NHL,Calgary Flames,46,36,2006,1.1043152607484654,1.1043152607484654
NHL,New Jersey Devils,46,36,2006,1.1043152607484654,1.1043152607484654
NHL,Philadelphia Flyers,45,37,2006,0.8834522085987723,0.8834522085987723
NHL,New York Rangers,44,38,2006,0.6625891564490792,0.6625891564490792
NHL,San Jose Sharks,44,38,2006,0.6625891564490792,0.6625891564490792
NHL,Mighty Ducks of Anaheim,43,39,2006,0.44172610429938614,0.44172610429938614
NHL,Colorado Avalanche,43,39,2006,0.44172610429938614,0.44172610429938614
NHL,Edmonton Oilers,41,41,2006,0.0,0.0
NHL,Montreal Canadiens,42,40,2006,0.22086305214969307,0.22086305214969307
NHL,Vancouver Canucks,42,40,2006,0.22086305214969307,0.22086305214969307
NHL,Tampa Bay Lightning,43,39,2006,0.44172610429938614,0.44172610429938614
NHL,Atlanta Thrashers,41,41,2006,0.0,0.0
NHL,Toronto Maple Leafs,41,41,2006,0.0,0.0
NHL,Los Angeles Kings,42,40,2006,0.22086305214969307,0.22086305214969307
NHL,Florida Panthers,37,45,2006,-0.8834522085987723,0.8834522085987723
NHL,Minnesota Wild,38,44,2006,-0.6625891564490792,0.6625891564490792
NHL,Phoenix Coyotes,38,44,2006,-0.6625891564490792,0.6625891564490792
NHL,New York Islanders,36,46,2006,-1.1043152607484654,1.1043152607484654
NHL,Columbus Blue Jackets,35,47,2006,-1.3251783128981585,1.3251783128981585
NHL,Boston Bruins,29,53,2006,-2.650356625796317,2.650356625796317
NHL,Washington Capitals,29,53,2006,-2.650356625796317,2.650356625796317
NHL,Chicago Blackhawks,26,56,2006,-3.312945782245396,3.312945782245396
NHL,Pittsburgh Penguins,22,60,2006,-4.196397990844169,4.196397990844169
NHL,St. Louis Blues,21,61,2006,-4.417261042993862,4.417261042993862
NHL,Buffalo Sabres,53,29,2007,2.650356625796317,2.650356625796317
NHL,Detroit Red Wings,50,32,2007,1.9877674693472376,1.9877674693472376
NHL,Nashville Predators,51,31,2007,2.208630521496931,2.208630521496931
NHL,Anaheim Ducks,48,34,2007,1.5460413650478515,1.5460413650478515
NHL,Dallas Stars,50,32,2007,1.9877674693472376,1.9877674693472376
NHL,San Jose Sharks,51,31,2007,2.208630521496931,2.208630521496931
NHL,New Jersey Devils,49,33,2007,1.7669044171975445,1.7669044171975445
NHL,Vancouver Canucks,49,33,2007,1.7669044171975445,1.7669044171975445
NHL,Ottawa Senators,48,34,2007,1.5460413650478515,1.5460413650478515
NHL,Pittsburgh Penguins,47,35,2007,1.3251783128981585,1.3251783128981585
NHL,Minnesota Wild,48,34,2007,1.5460413650478515,1.5460413650478515
NHL,Atlanta Thrashers,43,39,2007,0.44172610429938614,0.44172610429938614
NHL,Calgary Flames,43,39,2007,0.44172610429938614,0.44172610429938614
NHL,Colorado Avalanche,44,38,2007,0.6625891564490792,0.6625891564490792
NHL,New York Rangers,42,40,2007,0.22086305214969307,0.22086305214969307
NHL,Tampa Bay Lightning,44,38,2007,0.6625891564490792,0.6625891564490792
NHL,New York Islanders,40,42,2007,-0.22086305214969307,0.22086305214969307
NHL,Toronto Maple Leafs,40,42,2007,-0.22086305214969307,0.22086305214969307
NHL,Montreal Canadiens,42,40,2007,0.22086305214969307,0.22086305214969307
NHL,Carolina Hurricanes,40,42,2007,-0.22086305214969307,0.22086305214969307
NHL,Florida Panthers,35,47,2007,-1.3251783128981585,1.3251783128981585
NHL,St. Louis Blues,34,48,2007,-1.5460413650478515,1.5460413650478515
NHL,Boston Bruins,35,47,2007,-1.3251783128981585,1.3251783128981585
NHL,Columbus Blue Jackets,33,49,2007,-1.7669044171975445,1.7669044171975445
NHL,Edmonton Oilers,32,50,2007,-1.9877674693472376,1.9877674693472376
NHL,Chicago Blackhawks,31,51,2007,-2.208630521496931,2.208630521496931
NHL,Washington Capitals,28,54,2007,-2.87121967794601,2.87121967794601
NHL,Los Angeles Kings,27,55,2007,-3.092082730095703,3.092082730095703
NHL,Phoenix Coyotes,31,51,2007,-2.208630521496931,2.208630521496931
NHL,Philadelphia Flyers,22,60,2007,-4.196397990844169,4.196397990844169
NHL,Detroit Red Wings,54,28,2008,2.87121967794601,2.87121967794601
NHL,San Jose Sharks,49,33,2008,1.7669044171975445,1.7669044171975445
NHL,Montreal Canadiens,47,35,2008,1.3251783128981585,1.3251783128981585
NHL,Anaheim Ducks,47,35,2008,1.3251783128981585,1.3251783128981585
NHL,Pittsburgh Penguins,47,35,2008,1.3251783128981585,1.3251783128981585
NHL,New Jersey Devils,46,36,2008,1.1043152607484654,1.1043152607484654
NHL,Minnesota Wild,44,38,2008,0.6625891564490792,0.6625891564490792
NHL,New York Rangers,42,40,2008,0.22086305214969307,0.22086305214969307
NHL,Dallas Stars,45,37,2008,0.8834522085987723,0.8834522085987723
NHL,Colorado Avalanche,44,38,2008,0.6625891564490792,0.6625891564490792
NHL,Philadelphia Flyers,42,40,2008,0.22086305214969307,0.22086305214969307
NHL,Boston Bruins,41,41,2008,0.0,0.0
NHL,Ottawa Senators,43,39,2008,0.44172610429938614,0.44172610429938614
NHL,Washington Capitals,43,39,2008,0.44172610429938614,0.44172610429938614
NHL,Calgary Flames,42,40,2008,0.22086305214969307,0.22086305214969307
NHL,Carolina Hurricanes,43,39,2008,0.44172610429938614,0.44172610429938614
NHL,Nashville Predators,41,41,2008,0.0,0.0
NHL,Buffalo Sabres,39,43,2008,-0.44172610429938614,0.44172610429938614
NHL,Vancouver Canucks,39,43,2008,-0.44172610429938614,0.44172610429938614
NHL,Edmonton Oilers,41,41,2008,0.0,0.0
NHL,Chicago Blackhawks,40,42,2008,-0.22086305214969307,0.22086305214969307
NHL,Florida Panthers,38,44,2008,-0.6625891564490792,0.6625891564490792
NHL,Phoenix Coyotes,38,44,2008,-0.6625891564490792,0.6625891564490792
NHL,Toronto Maple Leafs,36,46,2008,-1.1043152607484654,1.1043152607484654
NHL,Columbus Blue Jackets,34,48,2008,-1.5460413650478515,1.5460413650478515
NHL,New York Islanders,35,47,2008,-1.3251783128981585,1.3251783128981585
NHL,St. Louis Blues,33,49,2008,-1.7669044171975445,1.7669044171975445
NHL,Atlanta Thrashers,34,48,2008,-1.5460413650478515,1.5460413650478515
NHL,Los Angeles Kings,32,50,2008,-1.9877674693472376,1.9877674693472376
NHL,Tampa Bay Lightning,31,51,2008,-2.208630521496931,2.208630521496931
NHL,San Jose Sharks,53,29,2009,2.650356625796317,2.650356625796317
NHL,Boston Bruins,53,29,2009,2.650356625796317,2.650356625796317
NHL,Detroit Red Wings,51,31,2009,2.208630521496931,2.208630521496931
NHL,Washington Capitals,50,32,2009,1.9877674693472376,1.9877674693472376
NHL,New Jersey Devils,51,31,2009,2.208630521496931,2.208630521496931
NHL,Chicago Blackhawks,46,36,2009,1.1043152607484654,1.1043152607484654
NHL,Vancouver Canucks,45,37,2009,0.8834522085987723,0.8834522085987723
NHL,Pittsburgh Penguins,45,37,2009,0.8834522085987723,0.8834522085987723
NHL,Philadelphia Flyers,44,38,2009,0.6625891564490792,0.6625891564490792
NHL,Calgary Flames,46,36,2009,1.1043152607484654,1.1043152607484654
NHL,Carolina Hurricanes,45,37,2009,0.8834522085987723,0.8834522085987723
NHL,New York Rangers,43,39,2009,0.44172610429938614,0.44172610429938614
NHL,Montreal Canadiens,41,41,2009,0.0,0.0
NHL,Florida Panthers,41,41,2009,0.0,0.0
NHL,Columbus Blue Jackets,41,41,2009,0.0,0.0
NHL,St. Louis Blues,41,41,2009,0.0,0.0
NHL,Anaheim Ducks,42,40,2009,0.22086305214969307,0.22086305214969307
NHL,Buffalo Sabres,41,41,2009,0.0,0.0
NHL,Minnesota Wild,40,42,2009,-0.22086305214969307,0.22086305214969307
NHL,Nashville Predators,40,42,2009,-0.22086305214969307,0.22086305214969307
NHL,Edmonton Oilers,38,44,2009,-0.6625891564490792,0.6625891564490792
NHL,Dallas Stars,36,46,2009,-1.1043152607484654,1.1043152607484654
NHL,Ottawa Senators,36,46,2009,-1.1043152607484654,1.1043152607484654
NHL,Toronto Maple Leafs,34,48,2009,-1.5460413650478515,1.5460413650478515
NHL,Los Angeles Kings,34,48,2009,-1.5460413650478515,1.5460413650478515
NHL,Phoenix Coyotes,36,46,2009,-1.1043152607484654,1.1043152607484654
NHL,Atlanta Thrashers,35,47,2009,-1.3251783128981585,1.3251783128981585
NHL,Colorado Avalanche,32,50,2009,-1.9877674693472376,1.9877674693472376
NHL,Tampa Bay Lightning,24,58,2009,-3.754671886544782,3.754671886544782
NHL,New York Islanders,26,56,2009,-3.312945782245396,3.312945782245396
NHL,Washington Capitals,54,28,2010,2.87121967794601,2.87121967794601
NHL,San Jose Sharks,51,31,2010,2.208630521496931,2.208630521496931
NHL,Chicago Blackhawks,52,30,2010,2.429493573646624,2.429493573646624
NHL,Phoenix Coyotes,50,32,2010,1.9877674693472376,1.9877674693472376
NHL,Vancouver Canucks,49,33,2010,1.7669044171975445,1.7669044171975445
NHL,New Jersey Devils,48,34,2010,1.5460413650478515,1.5460413650478515
NHL,Detroit Red Wings,44,38,2010,0.6625891564490792,0.6625891564490792
NHL,Los Angeles Kings,46,36,2010,1.1043152607484654,1.1043152607484654
NHL,Pittsburgh Penguins,47,35,2010,1.3251783128981585,1.3251783128981585
NHL,Nashville Predators,47,35,2010,1.3251783128981585,1.3251783128981585
NHL,Buffalo Sabres,45,37,2010,0.8834522085987723,0.8834522085987723
NHL,Colorado Avalanche,43,39,2010,0.44172610429938614,0.44172610429938614
NHL,Ottawa Senators,44,38,2010,0.6625891564490792,0.6625891564490792
NHL,Boston Bruins,39,43,2010,-0.44172610429938614,0.44172610429938614
NHL,St. Louis Blues,40,42,2010,-0.22086305214969307,0.22086305214969307
NHL,Calgary Flames,40,42,2010,-0.22086305214969307,0.22086305214969307
NHL,Anaheim Ducks,39,43,2010,-0.44172610429938614,0.44172610429938614
NHL,Montreal Canadiens,39,43,2010,-0.44172610429938614,0.44172610429938614
NHL,Dallas Stars,37,45,2010,-0.8834522085987723,0.8834522085987723
NHL,Philadelphia Flyers,41,41,2010,0.0,0.0
NHL,New York Rangers,38,44,2010,-0.6625891564490792,0.6625891564490792
NHL,Minnesota Wild,38,44,2010,-0.6625891564490792,0.6625891564490792
NHL,Atlanta Thrashers,35,47,2010,-1.3251783128981585,1.3251783128981585
NHL,Carolina Hurricanes,35,47,2010,-1.3251783128981585,1.3251783128981585
NHL,Tampa Bay Lightning,34,48,2010,-1.5460413650478515,1.5460413650478515
NHL,Columbus Blue Jackets,32,50,2010,-1.9877674693472376,1.9877674693472376
NHL,New York Islanders,34,48,2010,-1.5460413650478515,1.5460413650478515
NHL,Florida Panthers,32,50,2010,-1.9877674693472376,1.9877674693472376
NHL,Toronto Maple Leafs,30,52,2010,-2.429493573646624,2.429493573646624
NHL,Edmonton Oilers,27,55,2010,-3.092082730095703,3.092082730095703
NHL,Vancouver Canucks,54,28,2011,2.87121967794601,2.87121967794601
NHL,Washington Capitals,48,34,2011,1.5460413650478515,1.5460413650478515
NHL,Pittsburgh Penguins,49,33,2011,1.7669044171975445,1.7669044171975445
NHL,Philadelphia Flyers,47,35,2011,1.3251783128981585,1.3251783128981585
NHL,San Jose Sharks,48,34,2011,1.5460413650478515,1.5460413650478515
NHL,Detroit Red Wings,47,35,2011,1.3251783128981585,1.3251783128981585
NHL,Boston Bruins,46,36,2011,1.1043152607484654,1.1043152607484654
NHL,Tampa Bay Lightning,46,36,2011,1.1043152607484654,1.1043152607484654
NHL,Nashville Predators,44,38,2011,0.6625891564490792,0.6625891564490792
NHL,Anaheim Ducks,47,35,2011,1.3251783128981585,1.3251783128981585
NHL,Phoenix Coyotes,43,39,2011,0.44172610429938614,0.44172610429938614
NHL,Los Angeles Kings,46,36,2011,1.1043152607484654,1.1043152607484654
NHL,Chicago Blackhawks,44,38,2011,0.6625891564490792,0.6625891564490792
NHL,Montreal Canadiens,44,38,2011,0.6625891564490792,0.6625891564490792
NHL,Buffalo Sabres,43,39,2011,0.44172610429938614,0.44172610429938614
NHL,Dallas Stars,42,40,2011,0.22086305214969307,0.22086305214969307
NHL,Calgary Flames,41,41,2011,0.0,0.0
NHL,New York Rangers,44,38,2011,0.6625891564490792,0.6625891564490792
NHL,Carolina Hurricanes,40,42,2011,-0.22086305214969307,0.22086305214969307
NHL,St. Louis Blues,38,44,2011,-0.6625891564490792,0.6625891564490792
NHL,Minnesota Wild,39,43,2011,-0.44172610429938614,0.44172610429938614
NHL,Toronto Maple Leafs,37,45,2011,-0.8834522085987723,0.8834522085987723
NHL,Columbus Blue Jackets,34,48,2011,-1.5460413650478515,1.5460413650478515
NHL,New Jersey Devils,38,44,2011,-0.6625891564490792,0.6625891564490792
NHL,Atlanta Thrashers,34,48,2011,-1.5460413650478515,1.5460413650478515
NHL,Ottawa Senators,32,50,2011,-1.9877674693472376,1.9877674693472376
NHL,New York Islanders,30,52,2011,-2.429493573646624,2.429493573646624
NHL,Florida Panthers,30,52,2011,-2.429493573646624,2.429493573646624
NHL,Colorado Avalanche,30,52,2011,-2.429493573646624,2.429493573646624
NHL,Edmonton Oilers,25,57,2011,-3.533808834395089,3.533808834395089
NHL,Vancouver Canucks,51,31,2012,2.208630521496931,2.208630521496931
NHL,St. Louis Blues,49,33,2012,1.7669044171975445,1.7669044171975445
NHL,New York Rangers,51,31,2012,2.208630521496931,2.208630521496931
NHL,Pittsburgh Penguins,51,31,2012,2.208630521496931,2.208630521496931
NHL,Nashville Predators,48,34,2012,1.5460413650478515,1.5460413650478515
NHL,Philadelphia Flyers,47,35,2012,1.3251783128981585,1.3251783128981585
NHL,New Jersey Devils,48,34,2012,1.5460413650478515,1.5460413650478515
NHL,Detroit Red Wings,48,34,2012,1.5460413650478515,1.5460413650478515
NHL,Boston Bruins,49,33,2012,1.7669044171975445,1.7669044171975445
NHL,Chicago Blackhawks,45,37,2012,0.8834522085987723,0.8834522085987723
NHL,Phoenix Coyotes,42,40,2012,0.22086305214969307,0.22086305214969307
NHL,San Jose Sharks,43,39,2012,0.44172610429938614,0.44172610429938614
NHL,Los Angeles Kings,40,42,2012,-0.22086305214969307,0.22086305214969307
NHL,Florida Panthers,38,44,2012,-0.6625891564490792,0.6625891564490792
NHL,Ottawa Senators,41,41,2012,0.0,0.0
NHL,Washington Capitals,42,40,2012,0.22086305214969307,0.22086305214969307
NHL,Calgary Flames,37,45,2012,-0.8834522085987723,0.8834522085987723
NHL,Buffalo Sabres,39,43,2012,-0.44172610429938614,0.44172610429938614
NHL,Dallas Stars,42,40,2012,0.22086305214969307,0.22086305214969307
NHL,Colorado Avalanche,41,41,2012,0.0,0.0
NHL,Winnipeg Jets,37,45,2012,-0.8834522085987723,0.8834522085987723
NHL,Tampa Bay Lightning,38,44,2012,-0.6625891564490792,0.6625891564490792
NHL,Carolina Hurricanes,33,49,2012,-1.7669044171975445,1.7669044171975445
NHL,Minnesota Wild,35,47,2012,-1.3251783128981585,1.3251783128981585
NHL,Anaheim Ducks,34,48,2012,-1.5460413650478515,1.5460413650478515
NHL,Toronto Maple Leafs,35,47,2012,-1.3251783128981585,1.3251783128981585
NHL,New York Islanders,34,48,2012,-1.5460413650478515,1.5460413650478515
NHL,Montreal Canadiens,31,51,2012,-2.208630521496931,2.208630521496931
NHL,Edmonton Oilers,32,50,2012,-1.9877674693472376,1.9877674693472376
NHL,Columbus Blue Jackets,29,53,2012,-2.650356625796317,2.650356625796317
NHL,Chicago Blackhawks,36,12,2013,3.464101615137755,3.464101615137755
NHL,Pittsburgh Penguins,36,12,2013,3.464101615137755,3.464101615137755
NHL,Anaheim Ducks,30,18,2013,1.7320508075688774,1.7320508075688774
NHL,Montreal Canadiens,29,19,2013,1.4433756729740645,1.4433756729740645
NHL,Boston Bruins,28,20,2013,1.1547005383792517,1.1547005383792517
NHL,St. Louis Blues,29,19,2013,1.4433756729740645,1.4433756729740645
NHL,Los Angeles Kings,27,21,2013,0.8660254037844387,0.8660254037844387
NHL,Vancouver Canucks,26,22,2013,0.5773502691896258,0.5773502691896258
NHL,Toronto Maple Leafs,26,22,2013,0.5773502691896258,0.5773502691896258
NHL,Washington Capitals,27,21,2013,0.8660254037844387,0.8660254037844387
NHL,San Jose Sharks,25,23,2013,0.2886751345948129,0.2886751345948129
NHL,Ottawa Senators,25,23,2013,0.2886751345948129,0.2886751345948129
NHL,Detroit Red Wings,24,24,2013,0.0,0.0
NHL,New York Rangers,26,22,2013,0.5773502691896258,0.5773502691896258
NHL,Columbus Blue Jackets,24,24,2013,0.0,0.0
NHL,New York Islanders,24,24,2013,0.0,0.0
NHL,Minnesota Wild,26,22,2013,0.5773502691896258,0.5773502691896258
NHL,Winnipeg Jets,24,24,2013,0.0,0.0
NHL,Phoenix Coyotes,21,27,2013,-0.8660254037844387,0.8660254037844387
NHL,Philadelphia Flyers,23,25,2013,-0.2886751345948129,0.2886751345948129
NHL,Buffalo Sabres,21,27,2013,-0.8660254037844387,0.8660254037844387
NHL,New Jersey Devils,19,29,2013,-1.4433756729740645,1.4433756729740645
NHL,Dallas Stars,22,26,2013,-0.5773502691896258,0.5773502691896258
NHL,Edmonton Oilers,19,29,2013,-1.4433756729740645,1.4433756729740645
NHL,Calgary Flames,19,29,2013,-1.4433756729740645,1.4433756729740645
NHL,Carolina Hurricanes,19,29,2013,-1.4433756729740645,1.4433756729740645
NHL,Nashville Predators,16,32,2013,-2.3094010767585034,2.3094010767585034
NHL,Tampa Bay Lightning,18,30,2013,-1.7320508075688774,1.7320508075688774
NHL,Colorado Avalanche,16,32,2013,-2.3094010767585034,2.3094010767585034
NHL,Florida Panthers,15,33,2013,-2.598076211353316,2.598076211353316
NHL,Boston Bruins,54,28,2014,2.87121967794601,2.87121967794601
NHL,Anaheim Ducks,54,28,2014,2.87121967794601,2.87121967794601
NHL,Colorado Avalanche,52,30,2014,2.429493573646624,2.429493573646624
NHL,St. Louis Blues,52,30,2014,2.429493573646624,2.429493573646624
NHL,San Jose Sharks,51,31,2014,2.208630521496931,2.208630521496931
NHL,Pittsburgh Penguins,51,31,2014,2.208630521496931,2.208630521496931
NHL,Chicago Blackhawks,46,36,2014,1.1043152607484654,1.1043152607484654
NHL,Tampa Bay Lightning,46,36,2014,1.1043152607484654,1.1043152607484654
NHL,Montreal Canadiens,46,36,2014,1.1043152607484654,1.1043152607484654
NHL,Los Angeles Kings,46,36,2014,1.1043152607484654,1.1043152607484654
NHL,Minnesota Wild,43,39,2014,0.44172610429938614,0.44172610429938614
NHL,New York Rangers,45,37,2014,0.8834522085987723,0.8834522085987723
NHL,Philadelphia Flyers,42,40,2014,0.22086305214969307,0.22086305214969307
NHL,Columbus Blue Jackets,43,39,2014,0.44172610429938614,0.44172610429938614
NHL,Detroit Red Wings,39,43,2014,-0.44172610429938614,0.44172610429938614
NHL,Dallas Stars,40,42,2014,-0.22086305214969307,0.22086305214969307
NHL,Washington Capitals,38,44,2014,-0.6625891564490792,0.6625891564490792
NHL,Phoenix Coyotes,37,45,2014,-0.8834522085987723,0.8834522085987723
NHL,Ottawa Senators,37,45,2014,-0.8834522085987723,0.8834522085987723
NHL,New Jersey Devils,35,47,2014,-1.3251783128981585,1.3251783128981585
NHL,Nashville Predators,38,44,2014,-0.6625891564490792,0.6625891564490792
NHL,Winnipeg Jets,37,45,2014,-0.8834522085987723,0.8834522085987723
NHL,Toronto Maple Leafs,38,44,2014,-0.6625891564490792,0.6625891564490792
NHL,Carolina Hurricanes,36,46,2014,-1.1043152607484654,1.1043152607484654
NHL,Vancouver Canucks,36,46,2014,-1.1043152607484654,1.1043152607484654
NHL,New York Islanders,34,48,2014,-1.5460413650478515,1.5460413650478515
NHL,Calgary Flames,35,47,2014,-1.3251783128981585,1.3251783128981585
NHL,Edmonton Oilers,29,53,2014,-2.650356625796317,2.650356625796317
NHL,Florida Panthers,29,53,2014,-2.650356625796317,2.650356625796317
NHL,Buffalo Sabres,21,61,2014,-4.417261042993862,4.417261042993862
NHL,New York Rangers,53,29,2015,2.650356625796317,2.650356625796317
NHL,Montreal Canadiens,50,32,2015,1.9877674693472376,1.9877674693472376
NHL,Anaheim Ducks,51,31,2015,2.208630521496931,2.208630521496931
NHL,St. Louis Blues,51,31,2015,2.208630521496931,2.208630521496931
NHL,Tampa Bay Lightning,50,32,2015,1.9877674693472376,1.9877674693472376
NHL,Nashville Predators,47,35,2015,1.3251783128981585,1.3251783128981585
NHL,Chicago Blackhawks,48,34,2015,1.5460413650478515,1.5460413650478515
NHL,New York Islanders,47,35,2015,1.3251783128981585,1.3251783128981585
NHL,Washington Capitals,45,37,2015,0.8834522085987723,0.8834522085987723
NHL,Vancouver Canucks,48,34,2015,1.5460413650478515,1.5460413650478515
NHL,Minnesota Wild,46,36,2015,1.1043152607484654,1.1043152607484654
NHL,Detroit Red Wings,43,39,2015,0.44172610429938614,0.44172610429938614
NHL,Winnipeg Jets,43,39,2015,0.44172610429938614,0.44172610429938614
NHL,Ottawa Senators,43,39,2015,0.44172610429938614,0.44172610429938614
NHL,Pittsburgh Penguins,43,39,2015,0.44172610429938614,0.44172610429938614
NHL,Calgary Flames,45,37,2015,0.8834522085987723,0.8834522085987723
NHL,Boston Bruins,41,41,2015,0.0,0.0
NHL,Los Angeles Kings,40,42,2015,-0.22086305214969307,0.22086305214969307
NHL,Dallas Stars,41,41,2015,0.0,0.0
NHL,Florida Panthers,38,44,2015,-0.6625891564490792,0.6625891564490792
NHL,Colorado Avalanche,39,43,2015,-0.44172610429938614,0.44172610429938614
NHL,Columbus Blue Jackets,42,40,2015,0.22086305214969307,0.22086305214969307
NHL,San Jose Sharks,40,42,2015,-0.22086305214969307,0.22086305214969307
NHL,Philadelphia Flyers,33,49,2015,-1.7669044171975445,1.7669044171975445
NHL,New Jersey Devils,32,50,2015,-1.9877674693472376,1.9877674693472376
NHL,Carolina Hurricanes,30,52,2015,-2.429493573646624,2.429493573646624
NHL,Toronto Maple Leafs,30,52,2015,-2.429493573646624,2.429493573646624
NHL,Edmonton Oilers,24,58,2015,-3.754671886544782,3.754671886544782
NHL,Arizona Coyotes,24,58,2015,-3.754671886544782,3.754671886544782
NHL,Buffalo Sabres,23,59,2015,-3.975534938694475,3.975534938694475
NHL,Washington Capitals,56,26,2016,3.312945782245396,3.312945782245396
NHL,Dallas Stars,50,32,2016,1.9877674693472376,1.9877674693472376
NHL,St. Louis Blues,49,33,2016,1.7669044171975445,1.7669044171975445
NHL,Pittsburgh Penguins,48,34,2016,1.5460413650478515,1.5460413650478515
NHL,Anaheim Ducks,46,36,2016,1.1043152607484654,1.1043152607484654
NHL,Chicago Blackhawks,47,35,2016,1.3251783128981585,1.3251783128981585
NHL,Florida Panthers,47,35,2016,1.3251783128981585,1.3251783128981585
NHL,Los Angeles Kings,48,34,2016,1.5460413650478515,1.5460413650478515
NHL,New York Rangers,46,36,2016,1.1043152607484654,1.1043152607484654
NHL,New York Islanders,45,37,2016,0.8834522085987723,0.8834522085987723
NHL,San Jose Sharks,46,36,2016,1.1043152607484654,1.1043152607484654
NHL,Tampa Bay Lightning,46,36,2016,1.1043152607484654,1.1043152607484654
NHL,Nashville Predators,41,41,2016,0.0,0.0
NHL,Philadelphia Flyers,41,41,2016,0.0,0.0
NHL,Boston Bruins,42,40,2016,0.22086305214969307,0.22086305214969307
NHL,Detroit Red Wings,41,41,2016,0.0,0.0
NHL,Minnesota Wild,38,44,2016,-0.6625891564490792,0.6625891564490792
NHL,Carolina Hurricanes,35,47,2016,-1.3251783128981585,1.3251783128981585
NHL,Ottawa Senators,38,44,2016,-0.6625891564490792,0.6625891564490792
NHL,New Jersey Devils,38,44,2016,-0.6625891564490792,0.6625891564490792
NHL,Montreal Canadiens,38,44,2016,-0.6625891564490792,0.6625891564490792
NHL,Colorado Avalanche,39,43,2016,-0.44172610429938614,0.44172610429938614
NHL,Buffalo Sabres,35,47,2016,-1.3251783128981585,1.3251783128981585
NHL,Winnipeg Jets,35,47,2016,-1.3251783128981585,1.3251783128981585
NHL,Arizona Coyotes,35,47,2016,-1.3251783128981585,1.3251783128981585
NHL,Calgary Flames,35,47,2016,-1.3251783128981585,1.3251783128981585
NHL,Columbus Blue Jackets,34,48,2016,-1.5460413650478515,1.5460413650478515
NHL,Vancouver Canucks,31,51,2016,-2.208630521496931,2.208630521496931
NHL,Edmonton Oilers,31,51,2016,-2.208630521496931,2.208630521496931
NHL,Toronto Maple Leafs,29,53,2016,-2.650356625796317,2.650356625796317
NHL,Washington Capitals,55,27,2017,3.092082730095703,3.092082730095703
NHL,Pittsburgh Penguins,50,32,2017,1.9877674693472376,1.9877674693472376
NHL,Chicago Blackhawks,50,32,2017,1.9877674693472376,1.9877674693472376
NHL,Columbus Blue Jackets,50,32,2017,1.9877674693472376,1.9877674693472376
NHL,Minnesota Wild,49,33,2017,1.7669044171975445,1.7669044171975445
NHL,Anaheim Ducks,46,36,2017,1.1043152607484654,1.1043152607484654
NHL,Montreal Canadiens,47,35,2017,1.3251783128981585,1.3251783128981585
NHL,Edmonton Oilers,47,35,2017,1.3251783128981585,1.3251783128981585
NHL,New York Rangers,48,34,2017,1.5460413650478515,1.5460413650478515
NHL,St. Louis Blues,46,36,2017,1.1043152607484654,1.1043152607484654
NHL,San Jose Sharks,46,36,2017,1.1043152607484654,1.1043152607484654
NHL,Ottawa Senators,44,38,2017,0.6625891564490792,0.6625891564490792
NHL,Boston Bruins,44,38,2017,0.6625891564490792,0.6625891564490792
NHL,Toronto Maple Leafs,40,42,2017,-0.22086305214969307,0.22086305214969307
NHL,Nashville Predators,41,41,2017,0.0,0.0
NHL,New York Islanders,41,41,2017,0.0,0.0
NHL,Tampa Bay Lightning,42,40,2017,0.22086305214969307,0.22086305214969307
NHL,Calgary Flames,45,37,2017,0.8834522085987723,0.8834522085987723
NHL,Philadelphia Flyers,39,43,2017,-0.44172610429938614,0.44172610429938614
NHL,Carolina Hurricanes,36,46,2017,-1.1043152607484654,1.1043152607484654
NHL,Winnipeg Jets,40,42,2017,-0.22086305214969307,0.22086305214969307
NHL,Los Angeles Kings,39,43,2017,-0.44172610429938614,0.44172610429938614
NHL,Florida Panthers,35,47,2017,-1.3251783128981585,1.3251783128981585
NHL,Dallas Stars,34,48,2017,-1.5460413650478515,1.5460413650478515
NHL,Detroit Red Wings,33,49,2017,-1.7669044171975445,1.7669044171975445
NHL,Buffalo Sabres,33,49,2017,-1.7669044171975445,1.7669044171975445
NHL,Arizona Coyotes,30,52,2017,-2.429493573646624,2.429493573646624
NHL,New Jersey Devils,28,54,2017,-2.87121967794601,2.87121967794601
NHL,Vancouver Canucks,30,52,2017,-2.429493573646624,2.429493573646624
NHL,Colorado Avalanche,22,60,2017,-4.196397990844169,4.196397990844169
NHL,Nashville Predators,53,29,2018,2.650356625796317,2.650356625796317
NHL,Winnipeg Jets,52,30,2018,2.429493573646624,2.429493573646624
NHL,Tampa Bay Lightning,54,28,2018,2.87121967794601,2.87121967794601
NHL,Boston Bruins,50,32,2018,1.9877674693472376,1.9877674693472376
NHL,Vegas Golden Knights,51,31,2018,2.208630521496931,2.208630521496931
NHL,Washington Capitals,49,33,2018,1.7669044171975445,1.7669044171975445
NHL,Toronto Maple Leafs,49,33,2018,1.7669044171975445,1.7669044171975445
NHL,Anaheim Ducks,44,38,2018,0.6625891564490792,0.6625891564490792
NHL,Minnesota Wild,45,37,2018,0.8834522085987723,0.8834522085987723
NHL,Pittsburgh Penguins,47,35,2018,1.3251783128981585,1.3251783128981585
NHL,San Jose Sharks,45,37,2018,0.8834522085987723,0.8834522085987723
NHL,Los Angeles Kings,45,37,2018,0.8834522085987723,0.8834522085987723
NHL,Philadelphia Flyers,42,40,2018,0.22086305214969307,0.22086305214969307
NHL,Columbus Blue Jackets,45,37,2018,0.8834522085987723,0.8834522085987723
NHL,New Jersey Devils,44,38,2018,0.6625891564490792,0.6625891564490792
NHL,Florida Panthers,44,38,2018,0.6625891564490792,0.6625891564490792
NHL,Colorado Avalanche,43,39,2018,0.44172610429938614,0.44172610429938614
NHL,St. Louis Blues,44,38,2018,0.6625891564490792,0.6625891564490792
NHL,Dallas Stars,42,40,2018,0.22086305214969307,0.22086305214969307
NHL,Calgary Flames,37,45,2018,-0.8834522085987723,0.8834522085987723
NHL,Carolina Hurricanes,36,46,2018,-1.1043152607484654,1.1043152607484654
NHL,New York Islanders,35,47,2018,-1.3251783128981585,1.3251783128981585
NHL,Edmonton Oilers,36,46,2018,-1.1043152607484654,1.1043152607484654
NHL,New York Rangers,34,48,2018,-1.5460413650478515,1.5460413650478515
NHL,Chicago Blackhawks,33,49,2018,-1.7669044171975445,1.7669044171975445
NHL,Vancouver Canucks,31,51,2018,-2.208630521496931,2.208630521496931
NHL,Detroit Red Wings,30,52,2018,-2.429493573646624,2.429493573646624
NHL,Montreal Canadiens,29,53,2018,-2.650356625796317,2.650356625796317
NHL,Arizona Coyotes,29,53,2018,-2.650356625796317,2.650356625796317
NHL,Ottawa Senators,28,54,2018,-2.87121967794601,2.87121967794601
NHL,Buffalo Sabres,25,57,2018,-3.533808834395089,3.533808834395089
NHL,Tampa Bay Lightning,62,20,2019,4.638124095143555,4.638124095143555
NHL,Boston Bruins,49,33,2019,1.7669044171975445,1.7669044171975445
NHL,Calgary Flames,50,32,2019,1.9877674693472376,1.9877674693472376
NHL,Washington Capitals,48,34,2019,1.5460413650478515,1.5460413650478515
NHL,New York Islanders,48,34,2019,1.5460413650478515,1.5460413650478515
NHL,San Jose Sharks,46,36,2019,1.1043152607484654,1.1043152607484654
NHL,Nashville Predators,47,35,2019,1.3251783128981585,1.3251783128981585
NHL,Toronto Maple Leafs,46,36,2019,1.1043152607484654,1.1043152607484654
NHL,Pittsburgh Penguins,44,38,2019,0.6625891564490792,0.6625891564490792
NHL,Carolina Hurricanes,46,36,2019,1.1043152607484654,1.1043152607484654
NHL,St. Louis Blues,45,37,2019,0.8834522085987723,0.8834522085987723
NHL,Winnipeg Jets,47,35,2019,1.3251783128981585,1.3251783128981585
NHL,Columbus Blue Jackets,47,35,2019,1.3251783128981585,1.3251783128981585
NHL,Montreal Canadiens,44,38,2019,0.6625891564490792,0.6625891564490792
NHL,Vegas Golden Knights,43,39,2019,0.44172610429938614,0.44172610429938614
NHL,Dallas Stars,43,39,2019,0.44172610429938614,0.44172610429938614
NHL,Colorado Avalanche,38,44,2019,-0.6625891564490792,0.6625891564490792
NHL,Arizona Coyotes,39,43,2019,-0.44172610429938614,0.44172610429938614
NHL,Florida Panthers,36,46,2019,-1.1043152607484654,1.1043152607484654
NHL,Chicago Blackhawks,36,46,2019,-1.1043152607484654,1.1043152607484654
NHL,Minnesota Wild,37,45,2019,-0.8834522085987723,0.8834522085987723
NHL,Philadelphia Flyers,37,45,2019,-0.8834522085987723,0.8834522085987723
NHL,Vancouver Canucks,35,47,2019,-1.3251783128981585,1.3251783128981585
NHL,Anaheim Ducks,35,47,2019,-1.3251783128981585,1.3251783128981585
NHL,Edmonton Oilers,35,47,2019,-1.3251783128981585,1.3251783128981585
NHL,New York Rangers,32,50,2019,-1.9877674693472376,1.9877674693472376
NHL,Buffalo Sabres,33,49,2019,-1.7669044171975445,1.7669044171975445
NHL,Detroit Red Wings,32,50,2019,-1.9877674693472376,1.9877674693472376
NHL,New Jersey Devils,31,51,2019,-2.208630521496931,2.208630521496931
NHL,Los Angeles Kings,31,51,2019,-2.208630521496931,2.208630521496931
NHL,Ottawa Senators,29,53,2019,-2.650356625796317,2.650356625796317
